tenant_id,inventory_movement_id,warehouse_id,product_id,occurred_at,movement_type,quantity_delta,reference_type,reference_id,sensitivity
tenant_aura,imv_aur_0000001,wh_aur_east,prd_aur_001,2026-08-09T23:59:59Z,adjustment,368,adjustment,adj_aur_opening,operations
tenant_aura,imv_aur_0000002,wh_aur_east,prd_aur_002,2026-08-09T23:59:59Z,adjustment,385,adjustment,adj_aur_opening,operations
tenant_aura,imv_aur_0000003,wh_aur_east,prd_aur_003,2026-08-09T23:59:59Z,adjustment,402,adjustment,adj_aur_opening,operations
tenant_aura,imv_aur_0000004,wh_aur_east,prd_aur_004,2026-08-09T23:59:59Z,adjustment,419,adjustment,adj_aur_opening,operations
tenant_aura,imv_aur_0000005,wh_aur_east,prd_aur_005,2026-08-09T23:59:59Z,adjustment,436,adjustment,adj_aur_opening,operations
tenant_aura,imv_aur_0000006,wh_aur_east,prd_aur_006,2026-08-09T23:59:59Z,adjustment,453,adjustment,adj_aur_opening,operations
tenant_aura,imv_aur_0000007,wh_aur_east,prd_aur_007,2026-08-09T23:59:59Z,adjustment,470,adjustment,adj_aur_opening,operations
tenant_aura,imv_aur_0000008,wh_aur_east,prd_aur_008,2026-08-09T23:59:59Z,adjustment,487,adjustment,adj_aur_opening,operations
tenant_aura,imv_aur_0000009,wh_aur_east,prd_aur_009,2026-08-09T23:59:59Z,adjustment,504,adjustment,adj_aur_opening,operations
tenant_aura,imv_aur_0000010,wh_aur_east,prd_aur_010,2026-08-09T23:59:59Z,adjustment,521,adjustment,adj_aur_opening,operations
tenant_aura,imv_aur_0000011,wh_aur_east,prd_aur_011,2026-08-09T23:59:59Z,adjustment,538,adjustment,adj_aur_opening,operations
tenant_aura,imv_aur_0000012,wh_aur_east,prd_aur_012,2026-08-09T23:59:59Z,adjustment,325,adjustment,adj_aur_opening,operations
tenant_aura,imv_aur_0000013,wh_aur_east,prd_aur_013,2026-08-09T23:59:59Z,adjustment,342,adjustment,adj_aur_opening,operations
tenant_aura,imv_aur_0000014,wh_aur_east,prd_aur_014,2026-08-09T23:59:59Z,adjustment,359,adjustment,adj_aur_opening,operations
tenant_aura,imv_aur_0000015,wh_aur_east,prd_aur_015,2026-08-09T23:59:59Z,adjustment,376,adjustment,adj_aur_opening,operations
tenant_aura,imv_aur_0000016,wh_aur_east,prd_aur_016,2026-08-09T23:59:59Z,adjustment,393,adjustment,adj_aur_opening,operations
tenant_aura,imv_aur_0000017,wh_aur_east,prd_aur_017,2026-08-09T23:59:59Z,adjustment,410,adjustment,adj_aur_opening,operations
tenant_aura,imv_aur_0000018,wh_aur_east,prd_aur_018,2026-08-09T23:59:59Z,adjustment,427,adjustment,adj_aur_opening,operations
tenant_aura,imv_aur_0000019,wh_aur_east,prd_aur_019,2026-08-09T23:59:59Z,adjustment,444,adjustment,adj_aur_opening,operations
tenant_aura,imv_aur_0000020,wh_aur_east,prd_aur_020,2026-08-09T23:59:59Z,adjustment,461,adjustment,adj_aur_opening,operations
tenant_aura,imv_aur_0000021,wh_aur_east,prd_aur_021,2026-08-09T23:59:59Z,adjustment,478,adjustment,adj_aur_opening,operations
tenant_aura,imv_aur_0000022,wh_aur_east,prd_aur_022,2026-08-09T23:59:59Z,adjustment,495,adjustment,adj_aur_opening,operations
tenant_aura,imv_aur_0000023,wh_aur_east,prd_aur_023,2026-08-09T23:59:59Z,adjustment,512,adjustment,adj_aur_opening,operations
tenant_aura,imv_aur_0000024,wh_aur_east,prd_aur_024,2026-08-09T23:59:59Z,adjustment,529,adjustment,adj_aur_opening,operations
tenant_aura,imv_aur_0000025,wh_aur_east,prd_aur_025,2026-08-09T23:59:59Z,adjustment,316,adjustment,adj_aur_opening,operations
tenant_aura,imv_aur_0000026,wh_aur_east,prd_aur_026,2026-08-09T23:59:59Z,adjustment,333,adjustment,adj_aur_opening,operations
tenant_aura,imv_aur_0000027,wh_aur_east,prd_aur_027,2026-08-09T23:59:59Z,adjustment,350,adjustment,adj_aur_opening,operations
tenant_aura,imv_aur_0000028,wh_aur_east,prd_aur_028,2026-08-09T23:59:59Z,adjustment,367,adjustment,adj_aur_opening,operations
tenant_aura,imv_aur_0000029,wh_aur_east,prd_aur_029,2026-08-09T23:59:59Z,adjustment,384,adjustment,adj_aur_opening,operations
tenant_aura,imv_aur_0000030,wh_aur_east,prd_aur_030,2026-08-09T23:59:59Z,adjustment,401,adjustment,adj_aur_opening,operations
tenant_aura,imv_aur_0000031,wh_aur_east,prd_aur_031,2026-08-09T23:59:59Z,adjustment,418,adjustment,adj_aur_opening,operations
tenant_aura,imv_aur_0000032,wh_aur_east,prd_aur_032,2026-08-09T23:59:59Z,adjustment,435,adjustment,adj_aur_opening,operations
tenant_aura,imv_aur_0000033,wh_aur_east,prd_aur_033,2026-08-09T23:59:59Z,adjustment,452,adjustment,adj_aur_opening,operations
tenant_aura,imv_aur_0000034,wh_aur_east,prd_aur_034,2026-08-09T23:59:59Z,adjustment,469,adjustment,adj_aur_opening,operations
tenant_aura,imv_aur_0000035,wh_aur_east,prd_aur_035,2026-08-09T23:59:59Z,adjustment,486,adjustment,adj_aur_opening,operations
tenant_aura,imv_aur_0000036,wh_aur_east,prd_aur_036,2026-08-09T23:59:59Z,adjustment,503,adjustment,adj_aur_opening,operations
tenant_aura,imv_aur_0000037,wh_aur_east,prd_aur_037,2026-08-09T23:59:59Z,adjustment,520,adjustment,adj_aur_opening,operations
tenant_aura,imv_aur_0000038,wh_aur_east,prd_aur_038,2026-08-09T23:59:59Z,adjustment,537,adjustment,adj_aur_opening,operations
tenant_aura,imv_aur_0000039,wh_aur_east,prd_aur_039,2026-08-09T23:59:59Z,adjustment,324,adjustment,adj_aur_opening,operations
tenant_aura,imv_aur_0000040,wh_aur_east,prd_aur_040,2026-08-09T23:59:59Z,adjustment,341,adjustment,adj_aur_opening,operations
tenant_aura,imv_aur_0000041,wh_aur_east,prd_aur_041,2026-08-09T23:59:59Z,adjustment,358,adjustment,adj_aur_opening,operations
tenant_aura,imv_aur_0000042,wh_aur_east,prd_aur_042,2026-08-09T23:59:59Z,adjustment,375,adjustment,adj_aur_opening,operations
tenant_aura,imv_aur_0000043,wh_aur_east,prd_aur_043,2026-08-09T23:59:59Z,adjustment,392,adjustment,adj_aur_opening,operations
tenant_aura,imv_aur_0000044,wh_aur_east,prd_aur_044,2026-08-09T23:59:59Z,adjustment,409,adjustment,adj_aur_opening,operations
tenant_aura,imv_aur_0000045,wh_aur_east,prd_aur_045,2026-08-09T23:59:59Z,adjustment,426,adjustment,adj_aur_opening,operations
tenant_aura,imv_aur_0000046,wh_aur_east,prd_aur_046,2026-08-09T23:59:59Z,adjustment,443,adjustment,adj_aur_opening,operations
tenant_aura,imv_aur_0000047,wh_aur_east,prd_aur_047,2026-08-09T23:59:59Z,adjustment,460,adjustment,adj_aur_opening,operations
tenant_aura,imv_aur_0000048,wh_aur_east,prd_aur_048,2026-08-09T23:59:59Z,adjustment,477,adjustment,adj_aur_opening,operations
tenant_aura,imv_aur_0000049,wh_aur_east,prd_aur_049,2026-08-09T23:59:59Z,adjustment,494,adjustment,adj_aur_opening,operations
tenant_aura,imv_aur_0000050,wh_aur_east,prd_aur_050,2026-08-09T23:59:59Z,adjustment,511,adjustment,adj_aur_opening,operations
tenant_aura,imv_aur_0000051,wh_aur_central,prd_aur_001,2026-08-09T23:59:59Z,adjustment,409,adjustment,adj_aur_opening,operations
tenant_aura,imv_aur_0000052,wh_aur_central,prd_aur_002,2026-08-09T23:59:59Z,adjustment,426,adjustment,adj_aur_opening,operations
tenant_aura,imv_aur_0000053,wh_aur_central,prd_aur_003,2026-08-09T23:59:59Z,adjustment,443,adjustment,adj_aur_opening,operations
tenant_aura,imv_aur_0000054,wh_aur_central,prd_aur_004,2026-08-09T23:59:59Z,adjustment,460,adjustment,adj_aur_opening,operations
tenant_aura,imv_aur_0000055,wh_aur_central,prd_aur_005,2026-08-09T23:59:59Z,adjustment,477,adjustment,adj_aur_opening,operations
tenant_aura,imv_aur_0000056,wh_aur_central,prd_aur_006,2026-08-09T23:59:59Z,adjustment,494,adjustment,adj_aur_opening,operations
tenant_aura,imv_aur_0000057,wh_aur_central,prd_aur_007,2026-08-09T23:59:59Z,adjustment,511,adjustment,adj_aur_opening,operations
tenant_aura,imv_aur_0000058,wh_aur_central,prd_aur_008,2026-08-09T23:59:59Z,adjustment,528,adjustment,adj_aur_opening,operations
tenant_aura,imv_aur_0000059,wh_aur_central,prd_aur_009,2026-08-09T23:59:59Z,adjustment,315,adjustment,adj_aur_opening,operations
tenant_aura,imv_aur_0000060,wh_aur_central,prd_aur_010,2026-08-09T23:59:59Z,adjustment,332,adjustment,adj_aur_opening,operations
tenant_aura,imv_aur_0000061,wh_aur_central,prd_aur_011,2026-08-09T23:59:59Z,adjustment,349,adjustment,adj_aur_opening,operations
tenant_aura,imv_aur_0000062,wh_aur_central,prd_aur_012,2026-08-09T23:59:59Z,adjustment,366,adjustment,adj_aur_opening,operations
tenant_aura,imv_aur_0000063,wh_aur_central,prd_aur_013,2026-08-09T23:59:59Z,adjustment,383,adjustment,adj_aur_opening,operations
tenant_aura,imv_aur_0000064,wh_aur_central,prd_aur_014,2026-08-09T23:59:59Z,adjustment,400,adjustment,adj_aur_opening,operations
tenant_aura,imv_aur_0000065,wh_aur_central,prd_aur_015,2026-08-09T23:59:59Z,adjustment,417,adjustment,adj_aur_opening,operations
tenant_aura,imv_aur_0000066,wh_aur_central,prd_aur_016,2026-08-09T23:59:59Z,adjustment,434,adjustment,adj_aur_opening,operations
tenant_aura,imv_aur_0000067,wh_aur_central,prd_aur_017,2026-08-09T23:59:59Z,adjustment,451,adjustment,adj_aur_opening,operations
tenant_aura,imv_aur_0000068,wh_aur_central,prd_aur_018,2026-08-09T23:59:59Z,adjustment,468,adjustment,adj_aur_opening,operations
tenant_aura,imv_aur_0000069,wh_aur_central,prd_aur_019,2026-08-09T23:59:59Z,adjustment,485,adjustment,adj_aur_opening,operations
tenant_aura,imv_aur_0000070,wh_aur_central,prd_aur_020,2026-08-09T23:59:59Z,adjustment,502,adjustment,adj_aur_opening,operations
tenant_aura,imv_aur_0000071,wh_aur_central,prd_aur_021,2026-08-09T23:59:59Z,adjustment,519,adjustment,adj_aur_opening,operations
tenant_aura,imv_aur_0000072,wh_aur_central,prd_aur_022,2026-08-09T23:59:59Z,adjustment,536,adjustment,adj_aur_opening,operations
tenant_aura,imv_aur_0000073,wh_aur_central,prd_aur_023,2026-08-09T23:59:59Z,adjustment,323,adjustment,adj_aur_opening,operations
tenant_aura,imv_aur_0000074,wh_aur_central,prd_aur_024,2026-08-09T23:59:59Z,adjustment,340,adjustment,adj_aur_opening,operations
tenant_aura,imv_aur_0000075,wh_aur_central,prd_aur_025,2026-08-09T23:59:59Z,adjustment,357,adjustment,adj_aur_opening,operations
tenant_aura,imv_aur_0000076,wh_aur_central,prd_aur_026,2026-08-09T23:59:59Z,adjustment,374,adjustment,adj_aur_opening,operations
tenant_aura,imv_aur_0000077,wh_aur_central,prd_aur_027,2026-08-09T23:59:59Z,adjustment,391,adjustment,adj_aur_opening,operations
tenant_aura,imv_aur_0000078,wh_aur_central,prd_aur_028,2026-08-09T23:59:59Z,adjustment,408,adjustment,adj_aur_opening,operations
tenant_aura,imv_aur_0000079,wh_aur_central,prd_aur_029,2026-08-09T23:59:59Z,adjustment,425,adjustment,adj_aur_opening,operations
tenant_aura,imv_aur_0000080,wh_aur_central,prd_aur_030,2026-08-09T23:59:59Z,adjustment,442,adjustment,adj_aur_opening,operations
tenant_aura,imv_aur_0000081,wh_aur_central,prd_aur_031,2026-08-09T23:59:59Z,adjustment,459,adjustment,adj_aur_opening,operations
tenant_aura,imv_aur_0000082,wh_aur_central,prd_aur_032,2026-08-09T23:59:59Z,adjustment,476,adjustment,adj_aur_opening,operations
tenant_aura,imv_aur_0000083,wh_aur_central,prd_aur_033,2026-08-09T23:59:59Z,adjustment,493,adjustment,adj_aur_opening,operations
tenant_aura,imv_aur_0000084,wh_aur_central,prd_aur_034,2026-08-09T23:59:59Z,adjustment,510,adjustment,adj_aur_opening,operations
tenant_aura,imv_aur_0000085,wh_aur_central,prd_aur_035,2026-08-09T23:59:59Z,adjustment,527,adjustment,adj_aur_opening,operations
tenant_aura,imv_aur_0000086,wh_aur_central,prd_aur_036,2026-08-09T23:59:59Z,adjustment,314,adjustment,adj_aur_opening,operations
tenant_aura,imv_aur_0000087,wh_aur_central,prd_aur_037,2026-08-09T23:59:59Z,adjustment,331,adjustment,adj_aur_opening,operations
tenant_aura,imv_aur_0000088,wh_aur_central,prd_aur_038,2026-08-09T23:59:59Z,adjustment,348,adjustment,adj_aur_opening,operations
tenant_aura,imv_aur_0000089,wh_aur_central,prd_aur_039,2026-08-09T23:59:59Z,adjustment,365,adjustment,adj_aur_opening,operations
tenant_aura,imv_aur_0000090,wh_aur_central,prd_aur_040,2026-08-09T23:59:59Z,adjustment,382,adjustment,adj_aur_opening,operations
tenant_aura,imv_aur_0000091,wh_aur_central,prd_aur_041,2026-08-09T23:59:59Z,adjustment,399,adjustment,adj_aur_opening,operations
tenant_aura,imv_aur_0000092,wh_aur_central,prd_aur_042,2026-08-09T23:59:59Z,adjustment,416,adjustment,adj_aur_opening,operations
tenant_aura,imv_aur_0000093,wh_aur_central,prd_aur_043,2026-08-09T23:59:59Z,adjustment,433,adjustment,adj_aur_opening,operations
tenant_aura,imv_aur_0000094,wh_aur_central,prd_aur_044,2026-08-09T23:59:59Z,adjustment,450,adjustment,adj_aur_opening,operations
tenant_aura,imv_aur_0000095,wh_aur_central,prd_aur_045,2026-08-09T23:59:59Z,adjustment,467,adjustment,adj_aur_opening,operations
tenant_aura,imv_aur_0000096,wh_aur_central,prd_aur_046,2026-08-09T23:59:59Z,adjustment,484,adjustment,adj_aur_opening,operations
tenant_aura,imv_aur_0000097,wh_aur_central,prd_aur_047,2026-08-09T23:59:59Z,adjustment,501,adjustment,adj_aur_opening,operations
tenant_aura,imv_aur_0000098,wh_aur_central,prd_aur_048,2026-08-09T23:59:59Z,adjustment,518,adjustment,adj_aur_opening,operations
tenant_aura,imv_aur_0000099,wh_aur_central,prd_aur_049,2026-08-09T23:59:59Z,adjustment,535,adjustment,adj_aur_opening,operations
tenant_aura,imv_aur_0000100,wh_aur_central,prd_aur_050,2026-08-09T23:59:59Z,adjustment,322,adjustment,adj_aur_opening,operations
tenant_aura,imv_aur_0000101,wh_aur_west,prd_aur_001,2026-08-09T23:59:59Z,adjustment,450,adjustment,adj_aur_opening,operations
tenant_aura,imv_aur_0000102,wh_aur_west,prd_aur_002,2026-08-09T23:59:59Z,adjustment,467,adjustment,adj_aur_opening,operations
tenant_aura,imv_aur_0000103,wh_aur_west,prd_aur_003,2026-08-09T23:59:59Z,adjustment,484,adjustment,adj_aur_opening,operations
tenant_aura,imv_aur_0000104,wh_aur_west,prd_aur_004,2026-08-09T23:59:59Z,adjustment,501,adjustment,adj_aur_opening,operations
tenant_aura,imv_aur_0000105,wh_aur_west,prd_aur_005,2026-08-09T23:59:59Z,adjustment,518,adjustment,adj_aur_opening,operations
tenant_aura,imv_aur_0000106,wh_aur_west,prd_aur_006,2026-08-09T23:59:59Z,adjustment,535,adjustment,adj_aur_opening,operations
tenant_aura,imv_aur_0000107,wh_aur_west,prd_aur_007,2026-08-09T23:59:59Z,adjustment,322,adjustment,adj_aur_opening,operations
tenant_aura,imv_aur_0000108,wh_aur_west,prd_aur_008,2026-08-09T23:59:59Z,adjustment,339,adjustment,adj_aur_opening,operations
tenant_aura,imv_aur_0000109,wh_aur_west,prd_aur_009,2026-08-09T23:59:59Z,adjustment,356,adjustment,adj_aur_opening,operations
tenant_aura,imv_aur_0000110,wh_aur_west,prd_aur_010,2026-08-09T23:59:59Z,adjustment,373,adjustment,adj_aur_opening,operations
tenant_aura,imv_aur_0000111,wh_aur_west,prd_aur_011,2026-08-09T23:59:59Z,adjustment,390,adjustment,adj_aur_opening,operations
tenant_aura,imv_aur_0000112,wh_aur_west,prd_aur_012,2026-08-09T23:59:59Z,adjustment,407,adjustment,adj_aur_opening,operations
tenant_aura,imv_aur_0000113,wh_aur_west,prd_aur_013,2026-08-09T23:59:59Z,adjustment,424,adjustment,adj_aur_opening,operations
tenant_aura,imv_aur_0000114,wh_aur_west,prd_aur_014,2026-08-09T23:59:59Z,adjustment,441,adjustment,adj_aur_opening,operations
tenant_aura,imv_aur_0000115,wh_aur_west,prd_aur_015,2026-08-09T23:59:59Z,adjustment,458,adjustment,adj_aur_opening,operations
tenant_aura,imv_aur_0000116,wh_aur_west,prd_aur_016,2026-08-09T23:59:59Z,adjustment,475,adjustment,adj_aur_opening,operations
tenant_aura,imv_aur_0000117,wh_aur_west,prd_aur_017,2026-08-09T23:59:59Z,adjustment,492,adjustment,adj_aur_opening,operations
tenant_aura,imv_aur_0000118,wh_aur_west,prd_aur_018,2026-08-09T23:59:59Z,adjustment,509,adjustment,adj_aur_opening,operations
tenant_aura,imv_aur_0000119,wh_aur_west,prd_aur_019,2026-08-09T23:59:59Z,adjustment,526,adjustment,adj_aur_opening,operations
tenant_aura,imv_aur_0000120,wh_aur_west,prd_aur_020,2026-08-09T23:59:59Z,adjustment,313,adjustment,adj_aur_opening,operations
tenant_aura,imv_aur_0000121,wh_aur_west,prd_aur_021,2026-08-09T23:59:59Z,adjustment,330,adjustment,adj_aur_opening,operations
tenant_aura,imv_aur_0000122,wh_aur_west,prd_aur_022,2026-08-09T23:59:59Z,adjustment,347,adjustment,adj_aur_opening,operations
tenant_aura,imv_aur_0000123,wh_aur_west,prd_aur_023,2026-08-09T23:59:59Z,adjustment,364,adjustment,adj_aur_opening,operations
tenant_aura,imv_aur_0000124,wh_aur_west,prd_aur_024,2026-08-09T23:59:59Z,adjustment,381,adjustment,adj_aur_opening,operations
tenant_aura,imv_aur_0000125,wh_aur_west,prd_aur_025,2026-08-09T23:59:59Z,adjustment,398,adjustment,adj_aur_opening,operations
tenant_aura,imv_aur_0000126,wh_aur_west,prd_aur_026,2026-08-09T23:59:59Z,adjustment,415,adjustment,adj_aur_opening,operations
tenant_aura,imv_aur_0000127,wh_aur_west,prd_aur_027,2026-08-09T23:59:59Z,adjustment,432,adjustment,adj_aur_opening,operations
tenant_aura,imv_aur_0000128,wh_aur_west,prd_aur_028,2026-08-09T23:59:59Z,adjustment,449,adjustment,adj_aur_opening,operations
tenant_aura,imv_aur_0000129,wh_aur_west,prd_aur_029,2026-08-09T23:59:59Z,adjustment,466,adjustment,adj_aur_opening,operations
tenant_aura,imv_aur_0000130,wh_aur_west,prd_aur_030,2026-08-09T23:59:59Z,adjustment,483,adjustment,adj_aur_opening,operations
tenant_aura,imv_aur_0000131,wh_aur_west,prd_aur_031,2026-08-09T23:59:59Z,adjustment,500,adjustment,adj_aur_opening,operations
tenant_aura,imv_aur_0000132,wh_aur_west,prd_aur_032,2026-08-09T23:59:59Z,adjustment,517,adjustment,adj_aur_opening,operations
tenant_aura,imv_aur_0000133,wh_aur_west,prd_aur_033,2026-08-09T23:59:59Z,adjustment,534,adjustment,adj_aur_opening,operations
tenant_aura,imv_aur_0000134,wh_aur_west,prd_aur_034,2026-08-09T23:59:59Z,adjustment,321,adjustment,adj_aur_opening,operations
tenant_aura,imv_aur_0000135,wh_aur_west,prd_aur_035,2026-08-09T23:59:59Z,adjustment,338,adjustment,adj_aur_opening,operations
tenant_aura,imv_aur_0000136,wh_aur_west,prd_aur_036,2026-08-09T23:59:59Z,adjustment,355,adjustment,adj_aur_opening,operations
tenant_aura,imv_aur_0000137,wh_aur_west,prd_aur_037,2026-08-09T23:59:59Z,adjustment,372,adjustment,adj_aur_opening,operations
tenant_aura,imv_aur_0000138,wh_aur_west,prd_aur_038,2026-08-09T23:59:59Z,adjustment,389,adjustment,adj_aur_opening,operations
tenant_aura,imv_aur_0000139,wh_aur_west,prd_aur_039,2026-08-09T23:59:59Z,adjustment,406,adjustment,adj_aur_opening,operations
tenant_aura,imv_aur_0000140,wh_aur_west,prd_aur_040,2026-08-09T23:59:59Z,adjustment,423,adjustment,adj_aur_opening,operations
tenant_aura,imv_aur_0000141,wh_aur_west,prd_aur_041,2026-08-09T23:59:59Z,adjustment,440,adjustment,adj_aur_opening,operations
tenant_aura,imv_aur_0000142,wh_aur_west,prd_aur_042,2026-08-09T23:59:59Z,adjustment,457,adjustment,adj_aur_opening,operations
tenant_aura,imv_aur_0000143,wh_aur_west,prd_aur_043,2026-08-09T23:59:59Z,adjustment,474,adjustment,adj_aur_opening,operations
tenant_aura,imv_aur_0000144,wh_aur_west,prd_aur_044,2026-08-09T23:59:59Z,adjustment,491,adjustment,adj_aur_opening,operations
tenant_aura,imv_aur_0000145,wh_aur_west,prd_aur_045,2026-08-09T23:59:59Z,adjustment,508,adjustment,adj_aur_opening,operations
tenant_aura,imv_aur_0000146,wh_aur_west,prd_aur_046,2026-08-09T23:59:59Z,adjustment,525,adjustment,adj_aur_opening,operations
tenant_aura,imv_aur_0000147,wh_aur_west,prd_aur_047,2026-08-09T23:59:59Z,adjustment,312,adjustment,adj_aur_opening,operations
tenant_aura,imv_aur_0000148,wh_aur_west,prd_aur_048,2026-08-09T23:59:59Z,adjustment,329,adjustment,adj_aur_opening,operations
tenant_aura,imv_aur_0000149,wh_aur_west,prd_aur_049,2026-08-09T23:59:59Z,adjustment,346,adjustment,adj_aur_opening,operations
tenant_aura,imv_aur_0000150,wh_aur_west,prd_aur_050,2026-08-09T23:59:59Z,adjustment,363,adjustment,adj_aur_opening,operations
tenant_aura,imv_aur_0000151,wh_aur_west,prd_aur_020,2026-08-23T05:39:00Z,shipment,-3,order,ord_aur_00001,operations
tenant_aura,imv_aur_0000152,wh_aur_west,prd_aur_046,2026-08-23T06:39:00Z,shipment,-2,order,ord_aur_00001,operations
tenant_aura,imv_aur_0000153,wh_aur_west,prd_aur_031,2026-08-20T18:02:00Z,shipment,-1,order,ord_aur_00002,operations
tenant_aura,imv_aur_0000154,wh_aur_west,prd_aur_031,2026-08-27T18:02:00Z,return,1,order,ord_aur_00002,operations
tenant_aura,imv_aur_0000155,wh_aur_west,prd_aur_010,2026-08-20T21:02:00Z,shipment,-2,order,ord_aur_00002,operations
tenant_aura,imv_aur_0000156,wh_aur_west,prd_aur_010,2026-08-25T21:02:00Z,return,2,order,ord_aur_00002,operations
tenant_aura,imv_aur_0000157,wh_aur_west,prd_aur_047,2026-08-18T09:02:00Z,shipment,-3,order,ord_aur_00002,operations
tenant_aura,imv_aur_0000158,wh_aur_west,prd_aur_047,2026-08-21T09:02:00Z,return,3,order,ord_aur_00002,operations
tenant_aura,imv_aur_0000159,wh_aur_central,prd_aur_033,2026-09-04T08:01:00Z,shipment,-1,order,ord_aur_00003,operations
tenant_aura,imv_aur_0000160,wh_aur_central,prd_aur_050,2026-09-04T21:01:00Z,shipment,-1,order,ord_aur_00003,operations
tenant_aura,imv_aur_0000161,wh_aur_west,prd_aur_033,2026-09-12T05:10:00Z,shipment,-3,order,ord_aur_00004,operations
tenant_aura,imv_aur_0000162,wh_aur_west,prd_aur_022,2026-09-10T16:10:00Z,shipment,-1,order,ord_aur_00004,operations
tenant_aura,imv_aur_0000163,wh_aur_west,prd_aur_038,2026-09-11T16:10:00Z,shipment,-4,order,ord_aur_00004,operations
tenant_aura,imv_aur_0000164,wh_aur_central,prd_aur_038,2026-09-15T17:38:00Z,shipment,-1,order,ord_aur_00005,operations
tenant_aura,imv_aur_0000165,wh_aur_central,prd_aur_026,2026-09-16T00:38:00Z,shipment,-1,order,ord_aur_00005,operations
tenant_aura,imv_aur_0000166,wh_aur_west,prd_aur_024,2026-08-27T07:03:00Z,shipment,-2,order,ord_aur_00006,operations
tenant_aura,imv_aur_0000167,wh_aur_central,prd_aur_030,2026-09-06T04:28:00Z,shipment,-4,order,ord_aur_00007,operations
tenant_aura,imv_aur_0000168,wh_aur_central,prd_aur_016,2026-08-16T08:13:00Z,shipment,-1,order,ord_aur_00008,operations
tenant_aura,imv_aur_0000169,wh_aur_central,prd_aur_050,2026-08-16T23:13:00Z,shipment,-4,order,ord_aur_00008,operations
tenant_aura,imv_aur_0000170,wh_aur_central,prd_aur_001,2026-08-15T11:13:00Z,shipment,-1,order,ord_aur_00008,operations
tenant_aura,imv_aur_0000171,wh_aur_west,prd_aur_031,2026-09-07T23:12:00Z,shipment,-1,order,ord_aur_00009,operations
tenant_aura,imv_aur_0000172,wh_aur_west,prd_aur_016,2026-09-20T12:22:00Z,shipment,-2,order,ord_aur_00010,operations
tenant_aura,imv_aur_0000173,wh_aur_east,prd_aur_014,2026-08-19T11:48:00Z,shipment,-1,order,ord_aur_00011,operations
tenant_aura,imv_aur_0000174,wh_aur_east,prd_aur_027,2026-08-17T22:48:00Z,shipment,-4,order,ord_aur_00011,operations
tenant_aura,imv_aur_0000175,wh_aur_west,prd_aur_034,2026-08-29T00:35:00Z,shipment,-3,order,ord_aur_00012,operations
tenant_aura,imv_aur_0000176,wh_aur_west,prd_aur_036,2026-08-29T22:35:00Z,shipment,-1,order,ord_aur_00012,operations
tenant_aura,imv_aur_0000177,wh_aur_west,prd_aur_049,2026-08-28T16:35:00Z,shipment,-1,order,ord_aur_00012,operations
tenant_aura,imv_aur_0000178,wh_aur_west,prd_aur_025,2026-09-05T05:42:00Z,shipment,-2,order,ord_aur_00013,operations
tenant_aura,imv_aur_0000179,wh_aur_west,prd_aur_029,2026-09-06T07:42:00Z,shipment,-1,order,ord_aur_00013,operations
tenant_aura,imv_aur_0000180,wh_aur_east,prd_aur_009,2026-09-09T22:08:00Z,shipment,-1,order,ord_aur_00014,operations
tenant_aura,imv_aur_0000181,wh_aur_east,prd_aur_005,2026-09-11T02:08:00Z,shipment,-4,order,ord_aur_00014,operations
tenant_aura,imv_aur_0000182,wh_aur_east,prd_aur_008,2026-09-10T05:08:00Z,shipment,-1,order,ord_aur_00014,operations
tenant_aura,imv_aur_0000183,wh_aur_east,prd_aur_028,2026-09-13T22:49:00Z,shipment,-2,order,ord_aur_00015,operations
tenant_aura,imv_aur_0000184,wh_aur_east,prd_aur_006,2026-09-12T06:49:00Z,shipment,-1,order,ord_aur_00015,operations
tenant_aura,imv_aur_0000185,wh_aur_east,prd_aur_032,2026-09-13T13:49:00Z,shipment,-1,order,ord_aur_00015,operations
tenant_aura,imv_aur_0000186,wh_aur_east,prd_aur_041,2026-09-12T00:49:00Z,shipment,-3,order,ord_aur_00015,operations
tenant_aura,imv_aur_0000187,wh_aur_central,prd_aur_035,2026-08-17T05:43:00Z,shipment,-1,order,ord_aur_00016,operations
tenant_aura,imv_aur_0000188,wh_aur_central,prd_aur_002,2026-08-17T15:43:00Z,shipment,-1,order,ord_aur_00016,operations
tenant_aura,imv_aur_0000189,wh_aur_east,prd_aur_007,2026-09-09T03:11:00Z,shipment,-2,order,ord_aur_00017,operations
tenant_aura,imv_aur_0000190,wh_aur_east,prd_aur_050,2026-09-09T21:11:00Z,shipment,-2,order,ord_aur_00017,operations
tenant_aura,imv_aur_0000191,wh_aur_east,prd_aur_036,2026-09-08T06:11:00Z,shipment,-2,order,ord_aur_00017,operations
tenant_aura,imv_aur_0000192,wh_aur_east,prd_aur_018,2026-08-24T14:50:00Z,shipment,-2,order,ord_aur_00018,operations
tenant_aura,imv_aur_0000193,wh_aur_west,prd_aur_005,2026-09-10T15:40:00Z,shipment,-3,order,ord_aur_00020,operations
tenant_aura,imv_aur_0000194,wh_aur_west,prd_aur_009,2026-09-09T04:40:00Z,shipment,-1,order,ord_aur_00020,operations
tenant_aura,imv_aur_0000195,wh_aur_west,prd_aur_039,2026-09-09T07:40:00Z,shipment,-2,order,ord_aur_00020,operations
tenant_aura,imv_aur_0000196,wh_aur_central,prd_aur_030,2026-09-05T15:01:00Z,shipment,-2,order,ord_aur_00021,operations
tenant_aura,imv_aur_0000197,wh_aur_central,prd_aur_018,2026-09-06T13:01:00Z,shipment,-3,order,ord_aur_00021,operations
tenant_aura,imv_aur_0000198,wh_aur_central,prd_aur_037,2026-09-04T15:01:00Z,shipment,-1,order,ord_aur_00021,operations
tenant_aura,imv_aur_0000199,wh_aur_central,prd_aur_048,2026-08-30T04:05:00Z,shipment,-3,order,ord_aur_00022,operations
tenant_aura,imv_aur_0000200,wh_aur_central,prd_aur_015,2026-08-29T21:05:00Z,shipment,-4,order,ord_aur_00022,operations
tenant_aura,imv_aur_0000201,wh_aur_central,prd_aur_029,2026-08-31T08:05:00Z,shipment,-2,order,ord_aur_00022,operations
tenant_aura,imv_aur_0000202,wh_aur_central,prd_aur_038,2026-08-31T04:05:00Z,shipment,-2,order,ord_aur_00022,operations
tenant_aura,imv_aur_0000203,wh_aur_west,prd_aur_005,2026-08-16T22:06:00Z,shipment,-1,order,ord_aur_00023,operations
tenant_aura,imv_aur_0000204,wh_aur_west,prd_aur_036,2026-08-15T16:06:00Z,shipment,-1,order,ord_aur_00023,operations
tenant_aura,imv_aur_0000205,wh_aur_west,prd_aur_008,2026-08-16T04:06:00Z,shipment,-1,order,ord_aur_00023,operations
tenant_aura,imv_aur_0000206,wh_aur_west,prd_aur_034,2026-09-13T05:23:00Z,shipment,-2,order,ord_aur_00024,operations
tenant_aura,imv_aur_0000207,wh_aur_central,prd_aur_017,2026-09-18T01:22:00Z,shipment,-1,order,ord_aur_00025,operations
tenant_aura,imv_aur_0000208,wh_aur_central,prd_aur_049,2026-09-18T06:22:00Z,shipment,-3,order,ord_aur_00025,operations
tenant_aura,imv_aur_0000209,wh_aur_west,prd_aur_006,2026-09-13T17:19:00Z,shipment,-3,order,ord_aur_00026,operations
tenant_aura,imv_aur_0000210,wh_aur_west,prd_aur_014,2026-09-12T12:19:00Z,shipment,-2,order,ord_aur_00026,operations
tenant_aura,imv_aur_0000211,wh_aur_west,prd_aur_013,2026-09-11T10:19:00Z,shipment,-2,order,ord_aur_00026,operations
tenant_aura,imv_aur_0000212,wh_aur_central,prd_aur_037,2026-09-17T11:25:00Z,shipment,-1,order,ord_aur_00027,operations
tenant_aura,imv_aur_0000213,wh_aur_central,prd_aur_041,2026-09-17T14:25:00Z,shipment,-2,order,ord_aur_00027,operations
tenant_aura,imv_aur_0000214,wh_aur_central,prd_aur_028,2026-09-16T19:25:00Z,shipment,-1,order,ord_aur_00027,operations
tenant_aura,imv_aur_0000215,wh_aur_central,prd_aur_035,2026-09-19T16:12:00Z,shipment,-1,order,ord_aur_00029,operations
tenant_aura,imv_aur_0000216,wh_aur_central,prd_aur_046,2026-09-20T17:12:00Z,shipment,-1,order,ord_aur_00029,operations
tenant_aura,imv_aur_0000217,wh_aur_central,prd_aur_033,2026-09-13T06:02:00Z,shipment,-1,order,ord_aur_00030,operations
tenant_aura,imv_aur_0000218,wh_aur_central,prd_aur_046,2026-09-15T14:02:00Z,shipment,-2,order,ord_aur_00030,operations
tenant_aura,imv_aur_0000219,wh_aur_central,prd_aur_044,2026-08-27T16:12:00Z,shipment,-1,order,ord_aur_00031,operations
tenant_aura,imv_aur_0000220,wh_aur_central,prd_aur_027,2026-08-27T20:12:00Z,shipment,-1,order,ord_aur_00031,operations
tenant_aura,imv_aur_0000221,wh_aur_central,prd_aur_005,2026-09-11T11:45:00Z,shipment,-4,order,ord_aur_00032,operations
tenant_aura,imv_aur_0000222,wh_aur_central,prd_aur_028,2026-09-11T06:45:00Z,shipment,-3,order,ord_aur_00032,operations
tenant_aura,imv_aur_0000223,wh_aur_central,prd_aur_033,2026-08-19T14:33:00Z,shipment,-1,order,ord_aur_00033,operations
tenant_aura,imv_aur_0000224,wh_aur_central,prd_aur_031,2026-08-18T21:33:00Z,shipment,-1,order,ord_aur_00033,operations
tenant_aura,imv_aur_0000225,wh_aur_central,prd_aur_039,2026-08-17T23:33:00Z,shipment,-1,order,ord_aur_00033,operations
tenant_aura,imv_aur_0000226,wh_aur_east,prd_aur_009,2026-09-12T12:41:00Z,shipment,-1,order,ord_aur_00034,operations
tenant_aura,imv_aur_0000227,wh_aur_east,prd_aur_044,2026-09-12T11:41:00Z,shipment,-1,order,ord_aur_00034,operations
tenant_aura,imv_aur_0000228,wh_aur_east,prd_aur_042,2026-09-12T22:41:00Z,shipment,-3,order,ord_aur_00034,operations
tenant_aura,imv_aur_0000229,wh_aur_east,prd_aur_050,2026-09-13T03:41:00Z,shipment,-1,order,ord_aur_00034,operations
tenant_aura,imv_aur_0000230,wh_aur_east,prd_aur_025,2026-08-13T02:57:00Z,shipment,-1,order,ord_aur_00036,operations
tenant_aura,imv_aur_0000231,wh_aur_east,prd_aur_012,2026-08-12T02:57:00Z,shipment,-1,order,ord_aur_00036,operations
tenant_aura,imv_aur_0000232,wh_aur_west,prd_aur_006,2026-08-25T09:16:00Z,shipment,-1,order,ord_aur_00037,operations
tenant_aura,imv_aur_0000233,wh_aur_west,prd_aur_019,2026-08-26T08:16:00Z,shipment,-3,order,ord_aur_00037,operations
tenant_aura,imv_aur_0000234,wh_aur_central,prd_aur_035,2026-08-18T10:11:00Z,shipment,-3,order,ord_aur_00038,operations
tenant_aura,imv_aur_0000235,wh_aur_central,prd_aur_015,2026-08-20T03:11:00Z,shipment,-4,order,ord_aur_00038,operations
tenant_aura,imv_aur_0000236,wh_aur_east,prd_aur_022,2026-09-19T07:26:00Z,shipment,-2,order,ord_aur_00039,operations
tenant_aura,imv_aur_0000237,wh_aur_east,prd_aur_041,2026-09-21T00:26:00Z,shipment,-4,order,ord_aur_00039,operations
tenant_aura,imv_aur_0000238,wh_aur_east,prd_aur_033,2026-09-20T00:26:00Z,shipment,-2,order,ord_aur_00039,operations
tenant_aura,imv_aur_0000239,wh_aur_west,prd_aur_027,2026-09-14T15:31:00Z,shipment,-2,order,ord_aur_00040,operations
tenant_aura,imv_aur_0000240,wh_aur_west,prd_aur_023,2026-09-14T05:31:00Z,shipment,-1,order,ord_aur_00040,operations
tenant_aura,imv_aur_0000241,wh_aur_west,prd_aur_037,2026-09-15T15:31:00Z,shipment,-3,order,ord_aur_00040,operations
tenant_aura,imv_aur_0000242,wh_aur_west,prd_aur_050,2026-08-12T07:06:00Z,shipment,-1,order,ord_aur_00041,operations
tenant_aura,imv_aur_0000243,wh_aur_west,prd_aur_042,2026-08-12T05:06:00Z,shipment,-1,order,ord_aur_00041,operations
tenant_aura,imv_aur_0000244,wh_aur_west,prd_aur_001,2026-08-13T03:27:00Z,shipment,-2,order,ord_aur_00042,operations
tenant_aura,imv_aur_0000245,wh_aur_west,prd_aur_016,2026-08-12T10:27:00Z,shipment,-2,order,ord_aur_00042,operations
tenant_aura,imv_aur_0000246,wh_aur_west,prd_aur_033,2026-08-14T11:27:00Z,shipment,-1,order,ord_aur_00042,operations
tenant_aura,imv_aur_0000247,wh_aur_central,prd_aur_050,2026-08-31T02:34:00Z,shipment,-1,order,ord_aur_00043,operations
tenant_aura,imv_aur_0000248,wh_aur_central,prd_aur_036,2026-08-29T05:34:00Z,shipment,-1,order,ord_aur_00043,operations
tenant_aura,imv_aur_0000249,wh_aur_east,prd_aur_001,2026-09-09T05:21:00Z,shipment,-4,order,ord_aur_00044,operations
tenant_aura,imv_aur_0000250,wh_aur_east,prd_aur_032,2026-09-09T19:21:00Z,shipment,-1,order,ord_aur_00044,operations
tenant_aura,imv_aur_0000251,wh_aur_east,prd_aur_041,2026-09-10T21:21:00Z,shipment,-1,order,ord_aur_00044,operations
tenant_aura,imv_aur_0000252,wh_aur_east,prd_aur_033,2026-08-26T04:51:00Z,shipment,-1,order,ord_aur_00045,operations
tenant_aura,imv_aur_0000253,wh_aur_east,prd_aur_022,2026-08-26T14:51:00Z,shipment,-2,order,ord_aur_00045,operations
tenant_aura,imv_aur_0000254,wh_aur_central,prd_aur_030,2026-08-20T08:53:00Z,shipment,-1,order,ord_aur_00046,operations
tenant_aura,imv_aur_0000255,wh_aur_central,prd_aur_003,2026-08-21T15:53:00Z,shipment,-3,order,ord_aur_00046,operations
tenant_aura,imv_aur_0000256,wh_aur_central,prd_aur_015,2026-09-12T01:14:00Z,shipment,-3,order,ord_aur_00047,operations
tenant_aura,imv_aur_0000257,wh_aur_central,prd_aur_015,2026-09-18T01:14:00Z,return,3,order,ord_aur_00047,operations
tenant_aura,imv_aur_0000258,wh_aur_central,prd_aur_026,2026-09-13T07:14:00Z,shipment,-1,order,ord_aur_00047,operations
tenant_aura,imv_aur_0000259,wh_aur_central,prd_aur_026,2026-09-21T07:14:00Z,return,1,order,ord_aur_00047,operations
tenant_aura,imv_aur_0000260,wh_aur_east,prd_aur_030,2026-09-15T12:03:00Z,shipment,-4,order,ord_aur_00048,operations
tenant_aura,imv_aur_0000261,wh_aur_east,prd_aur_046,2026-09-15T08:03:00Z,shipment,-1,order,ord_aur_00048,operations
tenant_aura,imv_aur_0000262,wh_aur_east,prd_aur_012,2026-09-13T23:03:00Z,shipment,-1,order,ord_aur_00048,operations
tenant_aura,imv_aur_0000263,wh_aur_west,prd_aur_001,2026-09-04T16:24:00Z,shipment,-2,order,ord_aur_00050,operations
tenant_aura,imv_aur_0000264,wh_aur_west,prd_aur_016,2026-08-15T01:39:00Z,shipment,-1,order,ord_aur_00051,operations
tenant_aura,imv_aur_0000265,wh_aur_west,prd_aur_005,2026-08-15T18:39:00Z,shipment,-1,order,ord_aur_00051,operations
tenant_aura,imv_aur_0000266,wh_aur_west,prd_aur_049,2026-08-15T11:39:00Z,shipment,-1,order,ord_aur_00051,operations
tenant_aura,imv_aur_0000267,wh_aur_west,prd_aur_015,2026-08-17T05:26:00Z,shipment,-2,order,ord_aur_00054,operations
tenant_aura,imv_aur_0000268,wh_aur_west,prd_aur_015,2026-08-22T05:26:00Z,return,2,order,ord_aur_00054,operations
tenant_aura,imv_aur_0000269,wh_aur_west,prd_aur_050,2026-08-15T17:26:00Z,shipment,-3,order,ord_aur_00054,operations
tenant_aura,imv_aur_0000270,wh_aur_west,prd_aur_050,2026-08-18T17:26:00Z,return,3,order,ord_aur_00054,operations
tenant_aura,imv_aur_0000271,wh_aur_west,prd_aur_032,2026-09-12T11:22:00Z,shipment,-2,order,ord_aur_00055,operations
tenant_aura,imv_aur_0000272,wh_aur_west,prd_aur_018,2026-09-12T11:22:00Z,shipment,-1,order,ord_aur_00055,operations
tenant_aura,imv_aur_0000273,wh_aur_west,prd_aur_026,2026-09-11T18:22:00Z,shipment,-1,order,ord_aur_00055,operations
tenant_aura,imv_aur_0000274,wh_aur_east,prd_aur_036,2026-09-12T21:10:00Z,shipment,-3,order,ord_aur_00056,operations
tenant_aura,imv_aur_0000275,wh_aur_east,prd_aur_017,2026-09-12T21:10:00Z,shipment,-1,order,ord_aur_00056,operations
tenant_aura,imv_aur_0000276,wh_aur_east,prd_aur_042,2026-09-10T23:10:00Z,shipment,-2,order,ord_aur_00056,operations
tenant_aura,imv_aur_0000277,wh_aur_east,prd_aur_003,2026-09-14T22:45:00Z,shipment,-3,order,ord_aur_00057,operations
tenant_aura,imv_aur_0000278,wh_aur_east,prd_aur_002,2026-09-16T22:45:00Z,shipment,-1,order,ord_aur_00057,operations
tenant_aura,imv_aur_0000279,wh_aur_east,prd_aur_032,2026-09-20T15:01:00Z,shipment,-3,order,ord_aur_00058,operations
tenant_aura,imv_aur_0000280,wh_aur_east,prd_aur_034,2026-09-19T23:01:00Z,shipment,-1,order,ord_aur_00058,operations
tenant_aura,imv_aur_0000281,wh_aur_east,prd_aur_027,2026-09-19T08:01:00Z,shipment,-3,order,ord_aur_00058,operations
tenant_aura,imv_aur_0000282,wh_aur_central,prd_aur_026,2026-09-14T20:28:00Z,shipment,-3,order,ord_aur_00059,operations
tenant_aura,imv_aur_0000283,wh_aur_central,prd_aur_035,2026-09-14T22:28:00Z,shipment,-2,order,ord_aur_00059,operations
tenant_aura,imv_aur_0000284,wh_aur_central,prd_aur_039,2026-08-29T22:15:00Z,shipment,-1,order,ord_aur_00060,operations
tenant_aura,imv_aur_0000285,wh_aur_east,prd_aur_024,2026-08-15T01:53:00Z,shipment,-2,order,ord_aur_00061,operations
tenant_aura,imv_aur_0000286,wh_aur_west,prd_aur_006,2026-08-24T22:45:00Z,shipment,-4,order,ord_aur_00063,operations
tenant_aura,imv_aur_0000287,wh_aur_west,prd_aur_034,2026-08-26T10:45:00Z,shipment,-2,order,ord_aur_00063,operations
tenant_aura,imv_aur_0000288,wh_aur_west,prd_aur_045,2026-09-17T19:09:00Z,shipment,-1,order,ord_aur_00064,operations
tenant_aura,imv_aur_0000289,wh_aur_east,prd_aur_012,2026-08-16T19:32:00Z,shipment,-1,order,ord_aur_00065,operations
tenant_aura,imv_aur_0000290,wh_aur_west,prd_aur_029,2026-09-15T15:11:00Z,shipment,-4,order,ord_aur_00066,operations
tenant_aura,imv_aur_0000291,wh_aur_east,prd_aur_034,2026-08-24T20:54:00Z,shipment,-1,order,ord_aur_00067,operations
tenant_aura,imv_aur_0000292,wh_aur_east,prd_aur_030,2026-08-16T01:50:00Z,shipment,-2,order,ord_aur_00068,operations
tenant_aura,imv_aur_0000293,wh_aur_east,prd_aur_030,2026-08-20T01:50:00Z,return,2,order,ord_aur_00068,operations
tenant_aura,imv_aur_0000294,wh_aur_west,prd_aur_038,2026-08-19T17:53:00Z,shipment,-1,order,ord_aur_00070,operations
tenant_aura,imv_aur_0000295,wh_aur_west,prd_aur_047,2026-08-18T23:53:00Z,shipment,-1,order,ord_aur_00070,operations
tenant_aura,imv_aur_0000296,wh_aur_east,prd_aur_011,2026-08-20T01:01:00Z,shipment,-1,order,ord_aur_00071,operations
tenant_aura,imv_aur_0000297,wh_aur_east,prd_aur_011,2026-08-28T01:01:00Z,return,1,order,ord_aur_00071,operations
tenant_aura,imv_aur_0000298,wh_aur_east,prd_aur_022,2026-08-18T23:01:00Z,shipment,-2,order,ord_aur_00071,operations
tenant_aura,imv_aur_0000299,wh_aur_east,prd_aur_022,2026-08-22T23:01:00Z,return,2,order,ord_aur_00071,operations
tenant_aura,imv_aur_0000300,wh_aur_east,prd_aur_018,2026-08-20T16:01:00Z,shipment,-1,order,ord_aur_00071,operations
tenant_aura,imv_aur_0000301,wh_aur_east,prd_aur_018,2026-08-23T16:01:00Z,return,1,order,ord_aur_00071,operations
tenant_aura,imv_aur_0000302,wh_aur_east,prd_aur_030,2026-08-20T21:01:00Z,shipment,-1,order,ord_aur_00071,operations
tenant_aura,imv_aur_0000303,wh_aur_east,prd_aur_030,2026-08-27T21:01:00Z,return,1,order,ord_aur_00071,operations
tenant_aura,imv_aur_0000304,wh_aur_central,prd_aur_014,2026-08-27T22:35:00Z,shipment,-1,order,ord_aur_00072,operations
tenant_aura,imv_aur_0000305,wh_aur_central,prd_aur_032,2026-08-26T06:35:00Z,shipment,-1,order,ord_aur_00072,operations
tenant_aura,imv_aur_0000306,wh_aur_central,prd_aur_011,2026-08-27T10:35:00Z,shipment,-3,order,ord_aur_00072,operations
tenant_aura,imv_aur_0000307,wh_aur_west,prd_aur_030,2026-09-08T08:35:00Z,shipment,-1,order,ord_aur_00073,operations
tenant_aura,imv_aur_0000308,wh_aur_west,prd_aur_040,2026-09-07T09:35:00Z,shipment,-1,order,ord_aur_00073,operations
tenant_aura,imv_aur_0000309,wh_aur_east,prd_aur_013,2026-09-05T06:19:00Z,shipment,-2,order,ord_aur_00074,operations
tenant_aura,imv_aur_0000310,wh_aur_east,prd_aur_005,2026-09-05T17:19:00Z,shipment,-2,order,ord_aur_00074,operations
tenant_aura,imv_aur_0000311,wh_aur_east,prd_aur_027,2026-09-01T19:24:00Z,shipment,-1,order,ord_aur_00075,operations
tenant_aura,imv_aur_0000312,wh_aur_east,prd_aur_011,2026-09-03T21:24:00Z,shipment,-1,order,ord_aur_00075,operations
tenant_aura,imv_aur_0000313,wh_aur_east,prd_aur_033,2026-08-31T03:21:00Z,shipment,-1,order,ord_aur_00076,operations
tenant_aura,imv_aur_0000314,wh_aur_east,prd_aur_024,2026-08-29T19:21:00Z,shipment,-2,order,ord_aur_00076,operations
tenant_aura,imv_aur_0000315,wh_aur_east,prd_aur_043,2026-08-31T08:21:00Z,shipment,-1,order,ord_aur_00076,operations
tenant_aura,imv_aur_0000316,wh_aur_central,prd_aur_040,2026-08-14T19:29:00Z,shipment,-1,order,ord_aur_00077,operations
tenant_aura,imv_aur_0000317,wh_aur_central,prd_aur_023,2026-08-15T12:29:00Z,shipment,-1,order,ord_aur_00077,operations
tenant_aura,imv_aur_0000318,wh_aur_central,prd_aur_045,2026-08-15T02:29:00Z,shipment,-1,order,ord_aur_00077,operations
tenant_aura,imv_aur_0000319,wh_aur_central,prd_aur_043,2026-08-16T04:29:00Z,shipment,-2,order,ord_aur_00077,operations
tenant_aura,imv_aur_0000320,wh_aur_east,prd_aur_004,2026-09-10T14:37:00Z,shipment,-1,order,ord_aur_00078,operations
tenant_aura,imv_aur_0000321,wh_aur_east,prd_aur_013,2026-09-09T14:37:00Z,shipment,-1,order,ord_aur_00078,operations
tenant_aura,imv_aur_0000322,wh_aur_east,prd_aur_015,2026-09-08T12:37:00Z,shipment,-1,order,ord_aur_00078,operations
tenant_aura,imv_aur_0000323,wh_aur_central,prd_aur_039,2026-08-19T10:11:00Z,shipment,-1,order,ord_aur_00079,operations
tenant_aura,imv_aur_0000324,wh_aur_central,prd_aur_039,2026-08-25T10:11:00Z,return,1,order,ord_aur_00079,operations
tenant_aura,imv_aur_0000325,wh_aur_central,prd_aur_048,2026-08-19T09:11:00Z,shipment,-1,order,ord_aur_00079,operations
tenant_aura,imv_aur_0000326,wh_aur_central,prd_aur_048,2026-08-26T09:11:00Z,return,1,order,ord_aur_00079,operations
tenant_aura,imv_aur_0000327,wh_aur_central,prd_aur_029,2026-09-12T20:16:00Z,shipment,-1,order,ord_aur_00080,operations
tenant_aura,imv_aur_0000328,wh_aur_central,prd_aur_015,2026-09-14T06:16:00Z,shipment,-2,order,ord_aur_00080,operations
tenant_aura,imv_aur_0000329,wh_aur_central,prd_aur_007,2026-09-13T13:16:00Z,shipment,-2,order,ord_aur_00080,operations
tenant_aura,imv_aur_0000330,wh_aur_central,prd_aur_050,2026-09-13T21:16:00Z,shipment,-1,order,ord_aur_00080,operations
tenant_aura,imv_aur_0000331,wh_aur_west,prd_aur_009,2026-08-18T23:09:00Z,shipment,-4,order,ord_aur_00081,operations
tenant_aura,imv_aur_0000332,wh_aur_west,prd_aur_033,2026-08-19T17:09:00Z,shipment,-1,order,ord_aur_00081,operations
tenant_aura,imv_aur_0000333,wh_aur_central,prd_aur_041,2026-08-21T10:32:00Z,shipment,-1,order,ord_aur_00083,operations
tenant_aura,imv_aur_0000334,wh_aur_central,prd_aur_012,2026-08-23T03:32:00Z,shipment,-2,order,ord_aur_00083,operations
tenant_aura,imv_aur_0000335,wh_aur_central,prd_aur_027,2026-08-21T16:32:00Z,shipment,-1,order,ord_aur_00083,operations
tenant_aura,imv_aur_0000336,wh_aur_west,prd_aur_023,2026-09-02T16:00:00Z,shipment,-1,order,ord_aur_00084,operations
tenant_aura,imv_aur_0000337,wh_aur_west,prd_aur_014,2026-09-15T01:20:00Z,shipment,-2,order,ord_aur_00086,operations
tenant_aura,imv_aur_0000338,wh_aur_west,prd_aur_032,2026-09-15T23:20:00Z,shipment,-1,order,ord_aur_00086,operations
tenant_aura,imv_aur_0000339,wh_aur_central,prd_aur_006,2026-08-17T21:18:00Z,shipment,-1,order,ord_aur_00087,operations
tenant_aura,imv_aur_0000340,wh_aur_central,prd_aur_003,2026-08-18T08:18:00Z,shipment,-1,order,ord_aur_00087,operations
tenant_aura,imv_aur_0000341,wh_aur_west,prd_aur_017,2026-09-12T20:56:00Z,shipment,-2,order,ord_aur_00088,operations
tenant_aura,imv_aur_0000342,wh_aur_west,prd_aur_018,2026-09-13T06:56:00Z,shipment,-2,order,ord_aur_00088,operations
tenant_aura,imv_aur_0000343,wh_aur_central,prd_aur_046,2026-09-08T06:01:00Z,shipment,-2,order,ord_aur_00089,operations
tenant_aura,imv_aur_0000344,wh_aur_central,prd_aur_046,2026-09-12T06:01:00Z,return,2,order,ord_aur_00089,operations
tenant_aura,imv_aur_0000345,wh_aur_central,prd_aur_005,2026-09-07T07:01:00Z,shipment,-1,order,ord_aur_00089,operations
tenant_aura,imv_aur_0000346,wh_aur_central,prd_aur_005,2026-09-13T07:01:00Z,return,1,order,ord_aur_00089,operations
tenant_aura,imv_aur_0000347,wh_aur_west,prd_aur_003,2026-09-01T14:49:00Z,shipment,-1,order,ord_aur_00090,operations
tenant_aura,imv_aur_0000348,wh_aur_west,prd_aur_019,2026-09-01T22:49:00Z,shipment,-1,order,ord_aur_00090,operations
tenant_aura,imv_aur_0000349,wh_aur_west,prd_aur_020,2026-09-01T11:49:00Z,shipment,-2,order,ord_aur_00090,operations
tenant_aura,imv_aur_0000350,wh_aur_west,prd_aur_050,2026-08-20T12:55:00Z,shipment,-2,order,ord_aur_00091,operations
tenant_aura,imv_aur_0000351,wh_aur_west,prd_aur_011,2026-08-20T18:55:00Z,shipment,-3,order,ord_aur_00091,operations
tenant_aura,imv_aur_0000352,wh_aur_east,prd_aur_023,2026-09-07T05:24:00Z,shipment,-2,order,ord_aur_00093,operations
tenant_aura,imv_aur_0000353,wh_aur_east,prd_aur_035,2026-09-06T17:24:00Z,shipment,-1,order,ord_aur_00093,operations
tenant_aura,imv_aur_0000354,wh_aur_central,prd_aur_030,2026-08-13T01:26:00Z,shipment,-2,order,ord_aur_00094,operations
tenant_aura,imv_aur_0000355,wh_aur_central,prd_aur_032,2026-08-14T15:26:00Z,shipment,-1,order,ord_aur_00094,operations
tenant_aura,imv_aur_0000356,wh_aur_east,prd_aur_023,2026-08-31T09:38:00Z,shipment,-1,order,ord_aur_00096,operations
tenant_aura,imv_aur_0000357,wh_aur_east,prd_aur_029,2026-08-22T14:05:00Z,shipment,-1,order,ord_aur_00097,operations
tenant_aura,imv_aur_0000358,wh_aur_central,prd_aur_003,2026-08-30T17:29:00Z,shipment,-1,order,ord_aur_00098,operations
tenant_aura,imv_aur_0000359,wh_aur_central,prd_aur_038,2026-08-30T07:29:00Z,shipment,-1,order,ord_aur_00098,operations
tenant_aura,imv_aur_0000360,wh_aur_central,prd_aur_037,2026-08-29T17:29:00Z,shipment,-1,order,ord_aur_00098,operations
tenant_aura,imv_aur_0000361,wh_aur_central,prd_aur_035,2026-08-27T08:12:00Z,shipment,-2,order,ord_aur_00099,operations
tenant_aura,imv_aur_0000362,wh_aur_central,prd_aur_031,2026-08-29T01:12:00Z,shipment,-1,order,ord_aur_00099,operations
tenant_aura,imv_aur_0000363,wh_aur_central,prd_aur_044,2026-08-26T19:12:00Z,shipment,-1,order,ord_aur_00099,operations
tenant_aura,imv_aur_0000364,wh_aur_central,prd_aur_008,2026-09-03T23:01:00Z,shipment,-3,order,ord_aur_00100,operations
tenant_aura,imv_aur_0000365,wh_aur_west,prd_aur_028,2026-08-27T04:52:00Z,shipment,-1,order,ord_aur_00101,operations
tenant_aura,imv_aur_0000366,wh_aur_central,prd_aur_028,2026-09-08T07:44:00Z,shipment,-1,order,ord_aur_00103,operations
tenant_aura,imv_aur_0000367,wh_aur_central,prd_aur_022,2026-09-06T19:44:00Z,shipment,-1,order,ord_aur_00103,operations
tenant_aura,imv_aur_0000368,wh_aur_central,prd_aur_013,2026-09-07T22:44:00Z,shipment,-1,order,ord_aur_00103,operations
tenant_aura,imv_aur_0000369,wh_aur_west,prd_aur_010,2026-08-24T03:02:00Z,shipment,-1,order,ord_aur_00104,operations
tenant_aura,imv_aur_0000370,wh_aur_west,prd_aur_039,2026-08-24T11:02:00Z,shipment,-1,order,ord_aur_00104,operations
tenant_aura,imv_aur_0000371,wh_aur_west,prd_aur_014,2026-08-23T12:02:00Z,shipment,-1,order,ord_aur_00104,operations
tenant_aura,imv_aur_0000372,wh_aur_central,prd_aur_023,2026-09-19T02:48:00Z,shipment,-1,order,ord_aur_00105,operations
tenant_aura,imv_aur_0000373,wh_aur_central,prd_aur_011,2026-09-18T06:48:00Z,shipment,-1,order,ord_aur_00105,operations
tenant_aura,imv_aur_0000374,wh_aur_east,prd_aur_037,2026-08-22T02:20:00Z,shipment,-1,order,ord_aur_00106,operations
tenant_aura,imv_aur_0000375,wh_aur_east,prd_aur_027,2026-08-22T11:20:00Z,shipment,-1,order,ord_aur_00106,operations
tenant_aura,imv_aur_0000376,wh_aur_east,prd_aur_033,2026-08-23T18:20:00Z,shipment,-3,order,ord_aur_00106,operations
tenant_aura,imv_aur_0000377,wh_aur_west,prd_aur_021,2026-09-02T02:03:00Z,shipment,-2,order,ord_aur_00107,operations
tenant_aura,imv_aur_0000378,wh_aur_west,prd_aur_039,2026-09-17T06:24:00Z,shipment,-1,order,ord_aur_00108,operations
tenant_aura,imv_aur_0000379,wh_aur_east,prd_aur_043,2026-09-01T08:16:00Z,shipment,-1,order,ord_aur_00111,operations
tenant_aura,imv_aur_0000380,wh_aur_central,prd_aur_017,2026-08-12T02:18:00Z,shipment,-4,order,ord_aur_00112,operations
tenant_aura,imv_aur_0000381,wh_aur_central,prd_aur_003,2026-08-13T14:18:00Z,shipment,-4,order,ord_aur_00112,operations
tenant_aura,imv_aur_0000382,wh_aur_central,prd_aur_050,2026-09-10T12:06:00Z,shipment,-3,order,ord_aur_00113,operations
tenant_aura,imv_aur_0000383,wh_aur_central,prd_aur_031,2026-09-10T06:06:00Z,shipment,-1,order,ord_aur_00113,operations
tenant_aura,imv_aur_0000384,wh_aur_central,prd_aur_049,2026-09-10T09:06:00Z,shipment,-1,order,ord_aur_00113,operations
tenant_aura,imv_aur_0000385,wh_aur_east,prd_aur_008,2026-09-18T03:53:00Z,shipment,-3,order,ord_aur_00114,operations
tenant_aura,imv_aur_0000386,wh_aur_east,prd_aur_034,2026-09-18T01:53:00Z,shipment,-4,order,ord_aur_00114,operations
tenant_aura,imv_aur_0000387,wh_aur_west,prd_aur_042,2026-09-08T15:18:00Z,shipment,-1,order,ord_aur_00115,operations
tenant_aura,imv_aur_0000388,wh_aur_east,prd_aur_043,2026-09-12T23:45:00Z,shipment,-1,order,ord_aur_00116,operations
tenant_aura,imv_aur_0000389,wh_aur_east,prd_aur_043,2026-09-17T23:45:00Z,return,1,order,ord_aur_00116,operations
tenant_aura,imv_aur_0000390,wh_aur_east,prd_aur_034,2026-09-14T22:45:00Z,shipment,-1,order,ord_aur_00116,operations
tenant_aura,imv_aur_0000391,wh_aur_east,prd_aur_034,2026-09-21T23:59:59Z,return,1,order,ord_aur_00116,operations
tenant_aura,imv_aur_0000392,wh_aur_central,prd_aur_013,2026-09-02T23:52:00Z,shipment,-3,order,ord_aur_00117,operations
tenant_aura,imv_aur_0000393,wh_aur_central,prd_aur_044,2026-09-04T03:52:00Z,shipment,-1,order,ord_aur_00117,operations
tenant_aura,imv_aur_0000394,wh_aur_central,prd_aur_023,2026-08-12T12:11:00Z,shipment,-4,order,ord_aur_00118,operations
tenant_aura,imv_aur_0000395,wh_aur_central,prd_aur_019,2026-08-24T02:11:00Z,shipment,-4,order,ord_aur_00119,operations
tenant_aura,imv_aur_0000396,wh_aur_central,prd_aur_001,2026-08-23T13:11:00Z,shipment,-2,order,ord_aur_00119,operations
tenant_aura,imv_aur_0000397,wh_aur_central,prd_aur_039,2026-08-23T05:11:00Z,shipment,-1,order,ord_aur_00119,operations
tenant_aura,imv_aur_0000398,wh_aur_east,prd_aur_015,2026-09-14T08:51:00Z,shipment,-1,order,ord_aur_00120,operations
tenant_aura,imv_aur_0000399,wh_aur_east,prd_aur_015,2026-09-19T08:51:00Z,return,1,order,ord_aur_00120,operations
tenant_aura,imv_aur_0000400,wh_aur_east,prd_aur_006,2026-09-13T20:51:00Z,shipment,-1,order,ord_aur_00120,operations
tenant_aura,imv_aur_0000401,wh_aur_east,prd_aur_006,2026-09-18T20:51:00Z,return,1,order,ord_aur_00120,operations
tenant_aura,imv_aur_0000402,wh_aur_east,prd_aur_047,2026-09-15T00:51:00Z,shipment,-1,order,ord_aur_00120,operations
tenant_aura,imv_aur_0000403,wh_aur_east,prd_aur_047,2026-09-21T00:51:00Z,return,1,order,ord_aur_00120,operations
tenant_aura,imv_aur_0000404,wh_aur_central,prd_aur_039,2026-09-04T14:26:00Z,shipment,-1,order,ord_aur_00121,operations
tenant_aura,imv_aur_0000405,wh_aur_central,prd_aur_027,2026-09-03T15:26:00Z,shipment,-2,order,ord_aur_00121,operations
tenant_aura,imv_aur_0000406,wh_aur_west,prd_aur_024,2026-09-19T09:04:00Z,shipment,-1,order,ord_aur_00122,operations
tenant_aura,imv_aur_0000407,wh_aur_east,prd_aur_029,2026-09-02T22:59:00Z,shipment,-2,order,ord_aur_00123,operations
tenant_aura,imv_aur_0000408,wh_aur_west,prd_aur_038,2026-09-16T07:12:00Z,shipment,-1,order,ord_aur_00124,operations
tenant_aura,imv_aur_0000409,wh_aur_west,prd_aur_045,2026-09-15T09:12:00Z,shipment,-1,order,ord_aur_00124,operations
tenant_aura,imv_aur_0000410,wh_aur_east,prd_aur_011,2026-09-07T21:22:00Z,shipment,-1,order,ord_aur_00125,operations
tenant_aura,imv_aur_0000411,wh_aur_east,prd_aur_035,2026-09-07T06:22:00Z,shipment,-1,order,ord_aur_00125,operations
tenant_aura,imv_aur_0000412,wh_aur_west,prd_aur_046,2026-08-31T05:17:00Z,shipment,-2,order,ord_aur_00126,operations
tenant_aura,imv_aur_0000413,wh_aur_west,prd_aur_017,2026-08-30T23:17:00Z,shipment,-1,order,ord_aur_00126,operations
tenant_aura,imv_aur_0000414,wh_aur_central,prd_aur_050,2026-09-12T14:48:00Z,shipment,-1,order,ord_aur_00127,operations
tenant_aura,imv_aur_0000415,wh_aur_central,prd_aur_012,2026-09-12T18:48:00Z,shipment,-2,order,ord_aur_00127,operations
tenant_aura,imv_aur_0000416,wh_aur_central,prd_aur_024,2026-09-11T10:48:00Z,shipment,-1,order,ord_aur_00127,operations
tenant_aura,imv_aur_0000417,wh_aur_west,prd_aur_037,2026-08-21T19:52:00Z,shipment,-1,order,ord_aur_00128,operations
tenant_aura,imv_aur_0000418,wh_aur_west,prd_aur_007,2026-08-22T05:52:00Z,shipment,-2,order,ord_aur_00128,operations
tenant_aura,imv_aur_0000419,wh_aur_west,prd_aur_038,2026-08-22T21:52:00Z,shipment,-2,order,ord_aur_00128,operations
tenant_aura,imv_aur_0000420,wh_aur_central,prd_aur_050,2026-08-26T20:52:00Z,shipment,-3,order,ord_aur_00129,operations
tenant_aura,imv_aur_0000421,wh_aur_central,prd_aur_008,2026-08-25T21:52:00Z,shipment,-1,order,ord_aur_00129,operations
tenant_aura,imv_aur_0000422,wh_aur_central,prd_aur_021,2026-08-24T23:52:00Z,shipment,-2,order,ord_aur_00129,operations
tenant_aura,imv_aur_0000423,wh_aur_east,prd_aur_001,2026-09-03T02:42:00Z,shipment,-1,order,ord_aur_00130,operations
tenant_aura,imv_aur_0000424,wh_aur_central,prd_aur_029,2026-09-17T03:12:00Z,shipment,-2,order,ord_aur_00131,operations
tenant_aura,imv_aur_0000425,wh_aur_central,prd_aur_045,2026-09-16T06:12:00Z,shipment,-3,order,ord_aur_00131,operations
tenant_aura,imv_aur_0000426,wh_aur_central,prd_aur_023,2026-09-14T18:12:00Z,shipment,-1,order,ord_aur_00131,operations
tenant_aura,imv_aur_0000427,wh_aur_central,prd_aur_017,2026-09-16T02:12:00Z,shipment,-1,order,ord_aur_00131,operations
tenant_aura,imv_aur_0000428,wh_aur_east,prd_aur_029,2026-09-07T19:06:00Z,shipment,-1,order,ord_aur_00132,operations
tenant_aura,imv_aur_0000429,wh_aur_east,prd_aur_049,2026-09-19T07:37:00Z,shipment,-2,order,ord_aur_00133,operations
tenant_aura,imv_aur_0000430,wh_aur_east,prd_aur_041,2026-09-19T19:37:00Z,shipment,-2,order,ord_aur_00133,operations
tenant_aura,imv_aur_0000431,wh_aur_east,prd_aur_002,2026-08-30T05:34:00Z,shipment,-1,order,ord_aur_00134,operations
tenant_aura,imv_aur_0000432,wh_aur_east,prd_aur_023,2026-09-03T10:29:00Z,shipment,-2,order,ord_aur_00135,operations
tenant_aura,imv_aur_0000433,wh_aur_east,prd_aur_023,2026-09-09T10:29:00Z,return,2,order,ord_aur_00135,operations
tenant_aura,imv_aur_0000434,wh_aur_east,prd_aur_049,2026-09-04T20:29:00Z,shipment,-1,order,ord_aur_00135,operations
tenant_aura,imv_aur_0000435,wh_aur_east,prd_aur_049,2026-09-10T20:29:00Z,return,1,order,ord_aur_00135,operations
tenant_aura,imv_aur_0000436,wh_aur_east,prd_aur_015,2026-09-04T15:29:00Z,shipment,-2,order,ord_aur_00135,operations
tenant_aura,imv_aur_0000437,wh_aur_east,prd_aur_015,2026-09-10T15:29:00Z,return,2,order,ord_aur_00135,operations
tenant_aura,imv_aur_0000438,wh_aur_east,prd_aur_012,2026-09-16T09:02:00Z,shipment,-1,order,ord_aur_00136,operations
tenant_aura,imv_aur_0000439,wh_aur_central,prd_aur_028,2026-09-05T18:03:00Z,shipment,-1,order,ord_aur_00137,operations
tenant_aura,imv_aur_0000440,wh_aur_central,prd_aur_006,2026-09-05T17:03:00Z,shipment,-3,order,ord_aur_00137,operations
tenant_aura,imv_aur_0000441,wh_aur_central,prd_aur_029,2026-09-04T15:03:00Z,shipment,-1,order,ord_aur_00137,operations
tenant_aura,imv_aur_0000442,wh_aur_central,prd_aur_003,2026-09-05T17:03:00Z,shipment,-2,order,ord_aur_00137,operations
tenant_aura,imv_aur_0000443,wh_aur_west,prd_aur_034,2026-08-24T06:26:00Z,shipment,-3,order,ord_aur_00138,operations
tenant_aura,imv_aur_0000444,wh_aur_west,prd_aur_049,2026-08-24T20:26:00Z,shipment,-2,order,ord_aur_00138,operations
tenant_aura,imv_aur_0000445,wh_aur_east,prd_aur_018,2026-08-29T17:40:00Z,shipment,-1,order,ord_aur_00139,operations
tenant_aura,imv_aur_0000446,wh_aur_east,prd_aur_001,2026-08-29T15:40:00Z,shipment,-2,order,ord_aur_00139,operations
tenant_aura,imv_aur_0000447,wh_aur_east,prd_aur_044,2026-08-29T19:40:00Z,shipment,-3,order,ord_aur_00139,operations
tenant_aura,imv_aur_0000448,wh_aur_west,prd_aur_025,2026-08-31T12:38:00Z,shipment,-3,order,ord_aur_00140,operations
tenant_aura,imv_aur_0000449,wh_aur_west,prd_aur_019,2026-09-19T01:51:00Z,shipment,-2,order,ord_aur_00141,operations
tenant_aura,imv_aur_0000450,wh_aur_west,prd_aur_036,2026-09-17T07:51:00Z,shipment,-3,order,ord_aur_00141,operations
tenant_aura,imv_aur_0000451,wh_aur_west,prd_aur_026,2026-09-17T13:51:00Z,shipment,-1,order,ord_aur_00141,operations
tenant_aura,imv_aur_0000452,wh_aur_west,prd_aur_001,2026-08-24T10:01:00Z,shipment,-1,order,ord_aur_00142,operations
tenant_aura,imv_aur_0000453,wh_aur_west,prd_aur_045,2026-08-24T00:01:00Z,shipment,-1,order,ord_aur_00142,operations
tenant_aura,imv_aur_0000454,wh_aur_east,prd_aur_001,2026-08-29T04:28:00Z,shipment,-1,order,ord_aur_00143,operations
tenant_aura,imv_aur_0000455,wh_aur_east,prd_aur_024,2026-08-30T13:28:00Z,shipment,-2,order,ord_aur_00143,operations
tenant_aura,imv_aur_0000456,wh_aur_central,prd_aur_008,2026-09-04T11:36:00Z,shipment,-1,order,ord_aur_00144,operations
tenant_aura,imv_aur_0000457,wh_aur_west,prd_aur_047,2026-08-28T21:38:00Z,shipment,-2,order,ord_aur_00145,operations
tenant_aura,imv_aur_0000458,wh_aur_west,prd_aur_025,2026-09-03T19:44:00Z,shipment,-2,order,ord_aur_00146,operations
tenant_aura,imv_aur_0000459,wh_aur_west,prd_aur_002,2026-09-02T06:44:00Z,shipment,-2,order,ord_aur_00146,operations
tenant_aura,imv_aur_0000460,wh_aur_central,prd_aur_044,2026-08-28T00:33:00Z,shipment,-3,order,ord_aur_00147,operations
tenant_aura,imv_aur_0000461,wh_aur_central,prd_aur_044,2026-09-03T00:33:00Z,return,3,order,ord_aur_00147,operations
tenant_aura,imv_aur_0000462,wh_aur_central,prd_aur_038,2026-08-28T03:33:00Z,shipment,-3,order,ord_aur_00147,operations
tenant_aura,imv_aur_0000463,wh_aur_central,prd_aur_038,2026-08-31T03:33:00Z,return,3,order,ord_aur_00147,operations
tenant_aura,imv_aur_0000464,wh_aur_west,prd_aur_045,2026-08-25T00:43:00Z,shipment,-1,order,ord_aur_00148,operations
tenant_aura,imv_aur_0000465,wh_aur_west,prd_aur_037,2026-09-02T10:41:00Z,shipment,-2,order,ord_aur_00149,operations
tenant_aura,imv_aur_0000466,wh_aur_central,prd_aur_028,2026-09-19T16:26:00Z,shipment,-2,order,ord_aur_00150,operations
tenant_aura,imv_aur_0000467,wh_aur_central,prd_aur_026,2026-09-20T15:26:00Z,shipment,-2,order,ord_aur_00150,operations
tenant_aura,imv_aur_0000468,wh_aur_central,prd_aur_010,2026-08-23T14:48:00Z,shipment,-2,order,ord_aur_00151,operations
tenant_aura,imv_aur_0000469,wh_aur_west,prd_aur_010,2026-08-12T11:48:00Z,shipment,-2,order,ord_aur_00152,operations
tenant_aura,imv_aur_0000470,wh_aur_west,prd_aur_037,2026-09-06T14:08:00Z,shipment,-1,order,ord_aur_00153,operations
tenant_aura,imv_aur_0000471,wh_aur_east,prd_aur_031,2026-08-16T20:28:00Z,shipment,-1,order,ord_aur_00154,operations
tenant_aura,imv_aur_0000472,wh_aur_east,prd_aur_036,2026-08-16T09:28:00Z,shipment,-1,order,ord_aur_00154,operations
tenant_aura,imv_aur_0000473,wh_aur_west,prd_aur_009,2026-09-15T09:08:00Z,shipment,-1,order,ord_aur_00155,operations
tenant_aura,imv_aur_0000474,wh_aur_west,prd_aur_032,2026-09-14T02:08:00Z,shipment,-1,order,ord_aur_00155,operations
tenant_aura,imv_aur_0000475,wh_aur_east,prd_aur_002,2026-08-31T21:39:00Z,shipment,-2,order,ord_aur_00157,operations
tenant_aura,imv_aur_0000476,wh_aur_east,prd_aur_002,2026-09-03T21:39:00Z,return,2,order,ord_aur_00157,operations
tenant_aura,imv_aur_0000477,wh_aur_east,prd_aur_009,2026-08-31T16:39:00Z,shipment,-1,order,ord_aur_00157,operations
tenant_aura,imv_aur_0000478,wh_aur_east,prd_aur_009,2026-09-05T16:39:00Z,return,1,order,ord_aur_00157,operations
tenant_aura,imv_aur_0000479,wh_aur_east,prd_aur_012,2026-08-20T13:46:00Z,shipment,-1,order,ord_aur_00158,operations
tenant_aura,imv_aur_0000480,wh_aur_east,prd_aur_022,2026-08-19T17:46:00Z,shipment,-2,order,ord_aur_00158,operations
tenant_aura,imv_aur_0000481,wh_aur_west,prd_aur_019,2026-08-23T11:56:00Z,shipment,-3,order,ord_aur_00159,operations
tenant_aura,imv_aur_0000482,wh_aur_west,prd_aur_019,2026-08-30T11:56:00Z,return,3,order,ord_aur_00159,operations
tenant_aura,imv_aur_0000483,wh_aur_west,prd_aur_042,2026-08-24T02:56:00Z,shipment,-1,order,ord_aur_00159,operations
tenant_aura,imv_aur_0000484,wh_aur_west,prd_aur_042,2026-09-01T02:56:00Z,return,1,order,ord_aur_00159,operations
tenant_aura,imv_aur_0000485,wh_aur_west,prd_aur_010,2026-08-23T12:56:00Z,shipment,-1,order,ord_aur_00159,operations
tenant_aura,imv_aur_0000486,wh_aur_west,prd_aur_010,2026-08-31T12:56:00Z,return,1,order,ord_aur_00159,operations
tenant_aura,imv_aur_0000487,wh_aur_west,prd_aur_010,2026-08-26T06:14:00Z,shipment,-1,order,ord_aur_00160,operations
tenant_aura,imv_aur_0000488,wh_aur_central,prd_aur_033,2026-09-12T07:42:00Z,shipment,-3,order,ord_aur_00161,operations
tenant_aura,imv_aur_0000489,wh_aur_central,prd_aur_035,2026-09-11T06:42:00Z,shipment,-2,order,ord_aur_00161,operations
tenant_aura,imv_aur_0000490,wh_aur_central,prd_aur_016,2026-09-10T03:42:00Z,shipment,-1,order,ord_aur_00161,operations
tenant_aura,imv_aur_0000491,wh_aur_east,prd_aur_034,2026-08-29T10:47:00Z,shipment,-1,order,ord_aur_00162,operations
tenant_aura,imv_aur_0000492,wh_aur_east,prd_aur_041,2026-08-29T03:47:00Z,shipment,-2,order,ord_aur_00162,operations
tenant_aura,imv_aur_0000493,wh_aur_east,prd_aur_043,2026-09-01T02:48:00Z,shipment,-2,order,ord_aur_00163,operations
tenant_aura,imv_aur_0000494,wh_aur_east,prd_aur_027,2026-08-31T19:48:00Z,shipment,-1,order,ord_aur_00163,operations
tenant_aura,imv_aur_0000495,wh_aur_east,prd_aur_024,2026-09-02T07:48:00Z,shipment,-2,order,ord_aur_00163,operations
tenant_aura,imv_aur_0000496,wh_aur_central,prd_aur_023,2026-09-09T05:43:00Z,shipment,-1,order,ord_aur_00164,operations
tenant_aura,imv_aur_0000497,wh_aur_central,prd_aur_039,2026-08-14T09:25:00Z,shipment,-2,order,ord_aur_00165,operations
tenant_aura,imv_aur_0000498,wh_aur_central,prd_aur_009,2026-08-14T07:25:00Z,shipment,-2,order,ord_aur_00165,operations
tenant_aura,imv_aur_0000499,wh_aur_central,prd_aur_016,2026-08-13T18:25:00Z,shipment,-1,order,ord_aur_00165,operations
tenant_aura,imv_aur_0000500,wh_aur_east,prd_aur_024,2026-08-21T12:39:00Z,shipment,-2,order,ord_aur_00166,operations
tenant_aura,imv_aur_0000501,wh_aur_east,prd_aur_050,2026-08-31T00:20:00Z,shipment,-1,order,ord_aur_00167,operations
tenant_aura,imv_aur_0000502,wh_aur_west,prd_aur_005,2026-08-21T22:27:00Z,shipment,-1,order,ord_aur_00168,operations
tenant_aura,imv_aur_0000503,wh_aur_east,prd_aur_028,2026-08-26T21:06:00Z,shipment,-1,order,ord_aur_00169,operations
tenant_aura,imv_aur_0000504,wh_aur_east,prd_aur_045,2026-08-27T04:06:00Z,shipment,-2,order,ord_aur_00169,operations
tenant_aura,imv_aur_0000505,wh_aur_central,prd_aur_036,2026-08-29T05:09:00Z,shipment,-3,order,ord_aur_00170,operations
tenant_aura,imv_aur_0000506,wh_aur_central,prd_aur_013,2026-08-29T08:09:00Z,shipment,-2,order,ord_aur_00170,operations
tenant_aura,imv_aur_0000507,wh_aur_west,prd_aur_037,2026-08-22T13:23:00Z,shipment,-2,order,ord_aur_00171,operations
tenant_aura,imv_aur_0000508,wh_aur_west,prd_aur_012,2026-08-22T07:23:00Z,shipment,-1,order,ord_aur_00171,operations
tenant_aura,imv_aur_0000509,wh_aur_east,prd_aur_002,2026-08-18T12:57:00Z,shipment,-3,order,ord_aur_00172,operations
tenant_aura,imv_aur_0000510,wh_aur_central,prd_aur_027,2026-08-30T09:00:00Z,shipment,-1,order,ord_aur_00174,operations
tenant_aura,imv_aur_0000511,wh_aur_central,prd_aur_022,2026-08-31T06:00:00Z,shipment,-1,order,ord_aur_00174,operations
tenant_aura,imv_aur_0000512,wh_aur_central,prd_aur_037,2026-08-31T00:00:00Z,shipment,-3,order,ord_aur_00174,operations
tenant_aura,imv_aur_0000513,wh_aur_central,prd_aur_028,2026-08-29T05:00:00Z,shipment,-1,order,ord_aur_00174,operations
tenant_aura,imv_aur_0000514,wh_aur_west,prd_aur_018,2026-08-21T02:46:00Z,shipment,-1,order,ord_aur_00175,operations
tenant_aura,imv_aur_0000515,wh_aur_west,prd_aur_011,2026-08-19T09:46:00Z,shipment,-2,order,ord_aur_00175,operations
tenant_aura,imv_aur_0000516,wh_aur_west,prd_aur_023,2026-08-19T13:46:00Z,shipment,-3,order,ord_aur_00175,operations
tenant_aura,imv_aur_0000517,wh_aur_central,prd_aur_017,2026-09-02T23:39:00Z,shipment,-1,order,ord_aur_00179,operations
tenant_aura,imv_aur_0000518,wh_aur_central,prd_aur_015,2026-09-12T05:55:00Z,shipment,-3,order,ord_aur_00180,operations
tenant_aura,imv_aur_0000519,wh_aur_central,prd_aur_008,2026-09-10T02:55:00Z,shipment,-2,order,ord_aur_00180,operations
tenant_aura,imv_aur_0000520,wh_aur_west,prd_aur_015,2026-09-08T04:51:00Z,shipment,-1,order,ord_aur_00181,operations
tenant_aura,imv_aur_0000521,wh_aur_central,prd_aur_004,2026-09-08T19:19:00Z,shipment,-1,order,ord_aur_00182,operations
tenant_aura,imv_aur_0000522,wh_aur_central,prd_aur_015,2026-09-09T12:19:00Z,shipment,-1,order,ord_aur_00182,operations
tenant_aura,imv_aur_0000523,wh_aur_central,prd_aur_016,2026-09-08T20:19:00Z,shipment,-2,order,ord_aur_00182,operations
tenant_aura,imv_aur_0000524,wh_aur_central,prd_aur_015,2026-09-05T00:58:00Z,shipment,-4,order,ord_aur_00183,operations
tenant_aura,imv_aur_0000525,wh_aur_central,prd_aur_020,2026-09-06T01:58:00Z,shipment,-1,order,ord_aur_00183,operations
tenant_aura,imv_aur_0000526,wh_aur_central,prd_aur_011,2026-08-27T00:14:00Z,shipment,-2,order,ord_aur_00184,operations
tenant_aura,imv_aur_0000527,wh_aur_central,prd_aur_039,2026-09-06T03:45:00Z,shipment,-3,order,ord_aur_00185,operations
tenant_aura,imv_aur_0000528,wh_aur_central,prd_aur_022,2026-09-05T16:45:00Z,shipment,-4,order,ord_aur_00185,operations
tenant_aura,imv_aur_0000529,wh_aur_east,prd_aur_020,2026-08-17T00:48:00Z,shipment,-3,order,ord_aur_00186,operations
tenant_aura,imv_aur_0000530,wh_aur_east,prd_aur_001,2026-08-18T18:48:00Z,shipment,-2,order,ord_aur_00186,operations
tenant_aura,imv_aur_0000531,wh_aur_east,prd_aur_006,2026-09-02T15:46:00Z,shipment,-1,order,ord_aur_00187,operations
tenant_aura,imv_aur_0000532,wh_aur_east,prd_aur_010,2026-09-03T16:46:00Z,shipment,-1,order,ord_aur_00187,operations
tenant_aura,imv_aur_0000533,wh_aur_west,prd_aur_002,2026-09-09T20:53:00Z,shipment,-4,order,ord_aur_00188,operations
tenant_aura,imv_aur_0000534,wh_aur_west,prd_aur_022,2026-09-08T13:53:00Z,shipment,-1,order,ord_aur_00188,operations
tenant_aura,imv_aur_0000535,wh_aur_west,prd_aur_049,2026-09-10T04:53:00Z,shipment,-4,order,ord_aur_00188,operations
tenant_aura,imv_aur_0000536,wh_aur_west,prd_aur_031,2026-09-09T16:53:00Z,shipment,-1,order,ord_aur_00188,operations
tenant_aura,imv_aur_0000537,wh_aur_west,prd_aur_025,2026-08-13T22:23:00Z,shipment,-3,order,ord_aur_00191,operations
tenant_aura,imv_aur_0000538,wh_aur_central,prd_aur_032,2026-08-13T02:28:00Z,shipment,-1,order,ord_aur_00193,operations
tenant_aura,imv_aur_0000539,wh_aur_central,prd_aur_048,2026-08-13T11:28:00Z,shipment,-3,order,ord_aur_00193,operations
tenant_aura,imv_aur_0000540,wh_aur_west,prd_aur_002,2026-09-03T14:49:00Z,shipment,-2,order,ord_aur_00194,operations
tenant_aura,imv_aur_0000541,wh_aur_west,prd_aur_030,2026-09-05T15:49:00Z,shipment,-1,order,ord_aur_00194,operations
tenant_aura,imv_aur_0000542,wh_aur_east,prd_aur_015,2026-09-14T08:22:00Z,shipment,-1,order,ord_aur_00195,operations
tenant_aura,imv_aur_0000543,wh_aur_east,prd_aur_027,2026-09-13T18:22:00Z,shipment,-2,order,ord_aur_00195,operations
tenant_aura,imv_aur_0000544,wh_aur_central,prd_aur_036,2026-09-01T04:28:00Z,shipment,-1,order,ord_aur_00196,operations
tenant_aura,imv_aur_0000545,wh_aur_central,prd_aur_027,2026-08-31T21:28:00Z,shipment,-1,order,ord_aur_00196,operations
tenant_aura,imv_aur_0000546,wh_aur_central,prd_aur_025,2026-08-31T16:28:00Z,shipment,-1,order,ord_aur_00196,operations
tenant_aura,imv_aur_0000547,wh_aur_east,prd_aur_011,2026-09-13T11:47:00Z,shipment,-1,order,ord_aur_00197,operations
tenant_aura,imv_aur_0000548,wh_aur_west,prd_aur_013,2026-08-22T16:51:00Z,shipment,-4,order,ord_aur_00198,operations
tenant_aura,imv_aur_0000549,wh_aur_west,prd_aur_031,2026-08-22T19:51:00Z,shipment,-1,order,ord_aur_00198,operations
tenant_aura,imv_aur_0000550,wh_aur_west,prd_aur_038,2026-09-16T14:13:00Z,shipment,-2,order,ord_aur_00199,operations
tenant_aura,imv_aur_0000551,wh_aur_west,prd_aur_024,2026-09-16T21:13:00Z,shipment,-1,order,ord_aur_00199,operations
tenant_aura,imv_aur_0000552,wh_aur_west,prd_aur_031,2026-09-14T10:13:00Z,shipment,-4,order,ord_aur_00199,operations
tenant_aura,imv_aur_0000553,wh_aur_west,prd_aur_022,2026-08-15T12:24:00Z,shipment,-1,order,ord_aur_00200,operations
tenant_aura,imv_aur_0000554,wh_aur_west,prd_aur_046,2026-08-17T23:43:00Z,shipment,-1,order,ord_aur_00201,operations
tenant_aura,imv_aur_0000555,wh_aur_west,prd_aur_046,2026-08-23T23:43:00Z,return,1,order,ord_aur_00201,operations
tenant_aura,imv_aur_0000556,wh_aur_west,prd_aur_008,2026-08-18T20:43:00Z,shipment,-1,order,ord_aur_00201,operations
tenant_aura,imv_aur_0000557,wh_aur_west,prd_aur_008,2026-08-22T20:43:00Z,return,1,order,ord_aur_00201,operations
tenant_aura,imv_aur_0000558,wh_aur_west,prd_aur_024,2026-08-19T03:43:00Z,shipment,-1,order,ord_aur_00201,operations
tenant_aura,imv_aur_0000559,wh_aur_west,prd_aur_024,2026-08-22T03:43:00Z,return,1,order,ord_aur_00201,operations
tenant_aura,imv_aur_0000560,wh_aur_central,prd_aur_038,2026-08-20T09:48:00Z,shipment,-2,order,ord_aur_00202,operations
tenant_aura,imv_aur_0000561,wh_aur_central,prd_aur_033,2026-08-18T12:48:00Z,shipment,-1,order,ord_aur_00202,operations
tenant_aura,imv_aur_0000562,wh_aur_east,prd_aur_035,2026-09-21T09:05:00Z,shipment,-2,order,ord_aur_00203,operations
tenant_aura,imv_aur_0000563,wh_aur_east,prd_aur_012,2026-09-20T06:05:00Z,shipment,-1,order,ord_aur_00203,operations
tenant_aura,imv_aur_0000564,wh_aur_east,prd_aur_041,2026-09-21T20:05:00Z,shipment,-2,order,ord_aur_00203,operations
tenant_aura,imv_aur_0000565,wh_aur_east,prd_aur_027,2026-09-21T10:05:00Z,shipment,-1,order,ord_aur_00203,operations
tenant_aura,imv_aur_0000566,wh_aur_central,prd_aur_020,2026-08-25T19:11:00Z,shipment,-1,order,ord_aur_00204,operations
tenant_aura,imv_aur_0000567,wh_aur_west,prd_aur_035,2026-09-14T15:34:00Z,shipment,-3,order,ord_aur_00205,operations
tenant_aura,imv_aur_0000568,wh_aur_east,prd_aur_044,2026-09-07T01:33:00Z,shipment,-3,order,ord_aur_00207,operations
tenant_aura,imv_aur_0000569,wh_aur_east,prd_aur_019,2026-09-07T05:33:00Z,shipment,-2,order,ord_aur_00207,operations
tenant_aura,imv_aur_0000570,wh_aur_central,prd_aur_001,2026-08-29T14:02:00Z,shipment,-1,order,ord_aur_00208,operations
tenant_aura,imv_aur_0000571,wh_aur_central,prd_aur_016,2026-08-29T11:02:00Z,shipment,-1,order,ord_aur_00208,operations
tenant_aura,imv_aur_0000572,wh_aur_central,prd_aur_032,2026-09-04T14:51:00Z,shipment,-1,order,ord_aur_00209,operations
tenant_aura,imv_aur_0000573,wh_aur_central,prd_aur_041,2026-09-05T15:51:00Z,shipment,-1,order,ord_aur_00209,operations
tenant_aura,imv_aur_0000574,wh_aur_central,prd_aur_008,2026-09-03T22:51:00Z,shipment,-3,order,ord_aur_00209,operations
tenant_aura,imv_aur_0000575,wh_aur_west,prd_aur_015,2026-09-15T18:08:00Z,shipment,-3,order,ord_aur_00211,operations
tenant_aura,imv_aur_0000576,wh_aur_central,prd_aur_014,2026-08-27T21:04:00Z,shipment,-2,order,ord_aur_00212,operations
tenant_aura,imv_aur_0000577,wh_aur_central,prd_aur_014,2026-09-04T21:04:00Z,return,2,order,ord_aur_00212,operations
tenant_aura,imv_aur_0000578,wh_aur_central,prd_aur_047,2026-08-27T11:04:00Z,shipment,-1,order,ord_aur_00212,operations
tenant_aura,imv_aur_0000579,wh_aur_central,prd_aur_047,2026-09-01T11:04:00Z,return,1,order,ord_aur_00212,operations
tenant_aura,imv_aur_0000580,wh_aur_central,prd_aur_045,2026-08-29T02:04:00Z,shipment,-1,order,ord_aur_00212,operations
tenant_aura,imv_aur_0000581,wh_aur_central,prd_aur_045,2026-09-03T02:04:00Z,return,1,order,ord_aur_00212,operations
tenant_aura,imv_aur_0000582,wh_aur_central,prd_aur_024,2026-08-24T21:27:00Z,shipment,-1,order,ord_aur_00214,operations
tenant_aura,imv_aur_0000583,wh_aur_central,prd_aur_021,2026-08-25T05:27:00Z,shipment,-2,order,ord_aur_00214,operations
tenant_aura,imv_aur_0000584,wh_aur_central,prd_aur_033,2026-08-23T12:27:00Z,shipment,-2,order,ord_aur_00214,operations
tenant_aura,imv_aur_0000585,wh_aur_east,prd_aur_020,2026-08-19T03:37:00Z,shipment,-4,order,ord_aur_00215,operations
tenant_aura,imv_aur_0000586,wh_aur_east,prd_aur_020,2026-08-24T03:37:00Z,return,4,order,ord_aur_00215,operations
tenant_aura,imv_aur_0000587,wh_aur_east,prd_aur_010,2026-08-18T03:37:00Z,shipment,-3,order,ord_aur_00215,operations
tenant_aura,imv_aur_0000588,wh_aur_east,prd_aur_010,2026-08-25T03:37:00Z,return,3,order,ord_aur_00215,operations
tenant_aura,imv_aur_0000589,wh_aur_west,prd_aur_031,2026-08-27T08:13:00Z,shipment,-1,order,ord_aur_00216,operations
tenant_aura,imv_aur_0000590,wh_aur_west,prd_aur_033,2026-08-28T12:13:00Z,shipment,-3,order,ord_aur_00216,operations
tenant_aura,imv_aur_0000591,wh_aur_east,prd_aur_050,2026-09-10T00:24:00Z,shipment,-2,order,ord_aur_00217,operations
tenant_aura,imv_aur_0000592,wh_aur_east,prd_aur_002,2026-09-09T19:24:00Z,shipment,-4,order,ord_aur_00217,operations
tenant_aura,imv_aur_0000593,wh_aur_central,prd_aur_006,2026-09-15T20:23:00Z,shipment,-2,order,ord_aur_00218,operations
tenant_aura,imv_aur_0000594,wh_aur_central,prd_aur_034,2026-09-16T03:23:00Z,shipment,-1,order,ord_aur_00218,operations
tenant_aura,imv_aur_0000595,wh_aur_central,prd_aur_027,2026-09-16T22:23:00Z,shipment,-1,order,ord_aur_00218,operations
tenant_aura,imv_aur_0000596,wh_aur_east,prd_aur_014,2026-08-17T19:24:00Z,shipment,-1,order,ord_aur_00220,operations
tenant_aura,imv_aur_0000597,wh_aur_east,prd_aur_024,2026-08-17T16:24:00Z,shipment,-1,order,ord_aur_00220,operations
tenant_aura,imv_aur_0000598,wh_aur_west,prd_aur_018,2026-08-26T19:26:00Z,shipment,-1,order,ord_aur_00221,operations
tenant_aura,imv_aur_0000599,wh_aur_west,prd_aur_026,2026-08-24T09:26:00Z,shipment,-1,order,ord_aur_00221,operations
tenant_aura,imv_aur_0000600,wh_aur_west,prd_aur_010,2026-08-25T15:26:00Z,shipment,-1,order,ord_aur_00221,operations
tenant_aura,imv_aur_0000601,wh_aur_west,prd_aur_001,2026-08-25T06:26:00Z,shipment,-2,order,ord_aur_00221,operations
tenant_aura,imv_aur_0000602,wh_aur_central,prd_aur_022,2026-08-15T04:10:00Z,shipment,-1,order,ord_aur_00222,operations
tenant_aura,imv_aur_0000603,wh_aur_central,prd_aur_023,2026-08-15T02:10:00Z,shipment,-1,order,ord_aur_00222,operations
tenant_aura,imv_aur_0000604,wh_aur_central,prd_aur_048,2026-09-10T05:09:00Z,shipment,-2,order,ord_aur_00223,operations
tenant_aura,imv_aur_0000605,wh_aur_central,prd_aur_030,2026-09-11T01:09:00Z,shipment,-3,order,ord_aur_00223,operations
tenant_aura,imv_aur_0000606,wh_aur_central,prd_aur_016,2026-08-24T23:09:00Z,shipment,-1,order,ord_aur_00224,operations
tenant_aura,imv_aur_0000607,wh_aur_central,prd_aur_016,2026-08-27T23:09:00Z,return,1,order,ord_aur_00224,operations
tenant_aura,imv_aur_0000608,wh_aur_central,prd_aur_011,2026-08-23T14:09:00Z,shipment,-1,order,ord_aur_00224,operations
tenant_aura,imv_aur_0000609,wh_aur_central,prd_aur_011,2026-08-26T14:09:00Z,return,1,order,ord_aur_00224,operations
tenant_aura,imv_aur_0000610,wh_aur_west,prd_aur_021,2026-09-18T11:49:00Z,shipment,-3,order,ord_aur_00225,operations
tenant_aura,imv_aur_0000611,wh_aur_west,prd_aur_013,2026-09-18T19:49:00Z,shipment,-1,order,ord_aur_00225,operations
tenant_aura,imv_aur_0000612,wh_aur_west,prd_aur_048,2026-09-17T20:49:00Z,shipment,-1,order,ord_aur_00225,operations
tenant_aura,imv_aur_0000613,wh_aur_west,prd_aur_027,2026-09-18T09:49:00Z,shipment,-1,order,ord_aur_00225,operations
tenant_aura,imv_aur_0000614,wh_aur_east,prd_aur_043,2026-09-06T12:26:00Z,shipment,-2,order,ord_aur_00227,operations
tenant_aura,imv_aur_0000615,wh_aur_east,prd_aur_014,2026-09-06T19:26:00Z,shipment,-1,order,ord_aur_00227,operations
tenant_aura,imv_aur_0000616,wh_aur_west,prd_aur_047,2026-09-01T17:49:00Z,shipment,-2,order,ord_aur_00228,operations
tenant_aura,imv_aur_0000617,wh_aur_west,prd_aur_021,2026-09-01T11:49:00Z,shipment,-1,order,ord_aur_00228,operations
tenant_aura,imv_aur_0000618,wh_aur_west,prd_aur_020,2026-08-18T22:51:00Z,shipment,-2,order,ord_aur_00230,operations
tenant_aura,imv_aur_0000619,wh_aur_west,prd_aur_040,2026-08-18T04:51:00Z,shipment,-1,order,ord_aur_00230,operations
tenant_aura,imv_aur_0000620,wh_aur_west,prd_aur_007,2026-08-17T12:51:00Z,shipment,-1,order,ord_aur_00230,operations
tenant_aura,imv_aur_0000621,wh_aur_central,prd_aur_001,2026-08-26T20:15:00Z,shipment,-1,order,ord_aur_00231,operations
tenant_aura,imv_aur_0000622,wh_aur_central,prd_aur_001,2026-09-01T20:15:00Z,return,1,order,ord_aur_00231,operations
tenant_aura,imv_aur_0000623,wh_aur_central,prd_aur_049,2026-08-26T19:15:00Z,shipment,-1,order,ord_aur_00231,operations
tenant_aura,imv_aur_0000624,wh_aur_central,prd_aur_049,2026-08-31T19:15:00Z,return,1,order,ord_aur_00231,operations
tenant_aura,imv_aur_0000625,wh_aur_central,prd_aur_039,2026-08-25T14:15:00Z,shipment,-1,order,ord_aur_00231,operations
tenant_aura,imv_aur_0000626,wh_aur_central,prd_aur_039,2026-08-28T14:15:00Z,return,1,order,ord_aur_00231,operations
tenant_aura,imv_aur_0000627,wh_aur_central,prd_aur_022,2026-08-26T17:27:00Z,shipment,-4,order,ord_aur_00233,operations
tenant_aura,imv_aur_0000628,wh_aur_central,prd_aur_046,2026-08-28T09:27:00Z,shipment,-2,order,ord_aur_00233,operations
tenant_aura,imv_aur_0000629,wh_aur_west,prd_aur_015,2026-08-23T23:20:00Z,shipment,-4,order,ord_aur_00234,operations
tenant_aura,imv_aur_0000630,wh_aur_central,prd_aur_032,2026-09-18T15:21:00Z,shipment,-1,order,ord_aur_00235,operations
tenant_aura,imv_aur_0000631,wh_aur_central,prd_aur_002,2026-09-19T02:21:00Z,shipment,-1,order,ord_aur_00235,operations
tenant_aura,imv_aur_0000632,wh_aur_central,prd_aur_036,2026-08-19T05:56:00Z,shipment,-3,order,ord_aur_00236,operations
tenant_aura,imv_aur_0000633,wh_aur_east,prd_aur_038,2026-09-03T06:24:00Z,shipment,-2,order,ord_aur_00238,operations
tenant_aura,imv_aur_0000634,wh_aur_east,prd_aur_032,2026-09-04T19:24:00Z,shipment,-1,order,ord_aur_00238,operations
tenant_aura,imv_aur_0000635,wh_aur_east,prd_aur_021,2026-09-14T14:52:00Z,shipment,-1,order,ord_aur_00239,operations
tenant_aura,imv_aur_0000636,wh_aur_east,prd_aur_032,2026-09-12T21:52:00Z,shipment,-3,order,ord_aur_00239,operations
tenant_aura,imv_aur_0000637,wh_aur_east,prd_aur_038,2026-09-12T12:52:00Z,shipment,-1,order,ord_aur_00239,operations
tenant_aura,imv_aur_0000638,wh_aur_east,prd_aur_028,2026-09-12T20:52:00Z,shipment,-1,order,ord_aur_00239,operations
tenant_aura,imv_aur_0000639,wh_aur_east,prd_aur_014,2026-08-14T19:21:00Z,shipment,-3,order,ord_aur_00240,operations
tenant_aura,imv_aur_0000640,wh_aur_east,prd_aur_046,2026-09-16T01:21:00Z,shipment,-1,order,ord_aur_00241,operations
tenant_aura,imv_aur_0000641,wh_aur_east,prd_aur_033,2026-09-14T20:21:00Z,shipment,-1,order,ord_aur_00241,operations
tenant_aura,imv_aur_0000642,wh_aur_west,prd_aur_038,2026-09-04T07:18:00Z,shipment,-2,order,ord_aur_00242,operations
tenant_aura,imv_aur_0000643,wh_aur_west,prd_aur_026,2026-09-02T12:18:00Z,shipment,-2,order,ord_aur_00242,operations
tenant_aura,imv_aur_0000644,wh_aur_west,prd_aur_004,2026-09-04T14:18:00Z,shipment,-1,order,ord_aur_00242,operations
tenant_aura,imv_aur_0000645,wh_aur_west,prd_aur_023,2026-09-18T07:11:00Z,shipment,-1,order,ord_aur_00244,operations
tenant_aura,imv_aur_0000646,wh_aur_west,prd_aur_032,2026-09-18T07:11:00Z,shipment,-1,order,ord_aur_00244,operations
tenant_aura,imv_aur_0000647,wh_aur_west,prd_aur_048,2026-08-24T23:11:00Z,shipment,-1,order,ord_aur_00246,operations
tenant_aura,imv_aur_0000648,wh_aur_central,prd_aur_050,2026-09-11T01:19:00Z,shipment,-1,order,ord_aur_00247,operations
tenant_aura,imv_aur_0000649,wh_aur_central,prd_aur_034,2026-09-10T09:19:00Z,shipment,-1,order,ord_aur_00247,operations
tenant_aura,imv_aur_0000650,wh_aur_west,prd_aur_026,2026-08-16T05:22:00Z,shipment,-1,order,ord_aur_00248,operations
tenant_aura,imv_aur_0000651,wh_aur_west,prd_aur_011,2026-08-18T04:51:00Z,shipment,-2,order,ord_aur_00249,operations
tenant_aura,imv_aur_0000652,wh_aur_west,prd_aur_026,2026-08-18T07:51:00Z,shipment,-2,order,ord_aur_00249,operations
tenant_aura,imv_aur_0000653,wh_aur_central,prd_aur_038,2026-09-05T12:12:00Z,shipment,-4,order,ord_aur_00250,operations
tenant_aura,imv_aur_0000654,wh_aur_west,prd_aur_007,2026-08-11T18:23:00Z,shipment,-1,order,ord_aur_00251,operations
tenant_aura,imv_aur_0000655,wh_aur_west,prd_aur_031,2026-08-12T04:23:00Z,shipment,-1,order,ord_aur_00251,operations
tenant_aura,imv_aur_0000656,wh_aur_east,prd_aur_035,2026-08-31T11:21:00Z,shipment,-2,order,ord_aur_00252,operations
tenant_aura,imv_aur_0000657,wh_aur_east,prd_aur_029,2026-09-18T22:36:00Z,shipment,-3,order,ord_aur_00253,operations
tenant_aura,imv_aur_0000658,wh_aur_west,prd_aur_031,2026-08-30T02:58:00Z,shipment,-2,order,ord_aur_00254,operations
tenant_aura,imv_aur_0000659,wh_aur_west,prd_aur_020,2026-08-30T18:58:00Z,shipment,-3,order,ord_aur_00254,operations
tenant_aura,imv_aur_0000660,wh_aur_east,prd_aur_033,2026-08-19T13:01:00Z,shipment,-1,order,ord_aur_00256,operations
tenant_aura,imv_aur_0000661,wh_aur_east,prd_aur_034,2026-08-18T03:01:00Z,shipment,-2,order,ord_aur_00256,operations
tenant_aura,imv_aur_0000662,wh_aur_east,prd_aur_001,2026-08-17T22:01:00Z,shipment,-1,order,ord_aur_00256,operations
tenant_aura,imv_aur_0000663,wh_aur_east,prd_aur_043,2026-09-16T01:46:00Z,shipment,-3,order,ord_aur_00257,operations
tenant_aura,imv_aur_0000664,wh_aur_central,prd_aur_017,2026-08-15T10:21:00Z,shipment,-3,order,ord_aur_00258,operations
tenant_aura,imv_aur_0000665,wh_aur_central,prd_aur_038,2026-08-14T15:21:00Z,shipment,-1,order,ord_aur_00258,operations
tenant_aura,imv_aur_0000666,wh_aur_east,prd_aur_024,2026-09-18T13:22:00Z,shipment,-3,order,ord_aur_00259,operations
tenant_aura,imv_aur_0000667,wh_aur_central,prd_aur_046,2026-08-26T08:42:00Z,shipment,-1,order,ord_aur_00260,operations
tenant_aura,imv_aur_0000668,wh_aur_east,prd_aur_026,2026-09-03T10:44:00Z,shipment,-1,order,ord_aur_00261,operations
tenant_aura,imv_aur_0000669,wh_aur_east,prd_aur_020,2026-09-01T04:44:00Z,shipment,-3,order,ord_aur_00261,operations
tenant_aura,imv_aur_0000670,wh_aur_central,prd_aur_012,2026-09-17T10:45:00Z,shipment,-1,order,ord_aur_00263,operations
tenant_aura,imv_aur_0000671,wh_aur_central,prd_aur_031,2026-09-17T05:45:00Z,shipment,-2,order,ord_aur_00263,operations
tenant_aura,imv_aur_0000672,wh_aur_central,prd_aur_006,2026-09-19T03:23:00Z,shipment,-1,order,ord_aur_00264,operations
tenant_aura,imv_aur_0000673,wh_aur_central,prd_aur_037,2026-09-20T17:23:00Z,shipment,-3,order,ord_aur_00264,operations
tenant_aura,imv_aur_0000674,wh_aur_west,prd_aur_032,2026-08-12T16:01:00Z,shipment,-4,order,ord_aur_00265,operations
tenant_aura,imv_aur_0000675,wh_aur_west,prd_aur_006,2026-08-31T10:48:00Z,shipment,-2,order,ord_aur_00266,operations
tenant_aura,imv_aur_0000676,wh_aur_west,prd_aur_021,2026-08-30T18:48:00Z,shipment,-1,order,ord_aur_00266,operations
tenant_aura,imv_aur_0000677,wh_aur_west,prd_aur_033,2026-09-01T22:48:00Z,shipment,-1,order,ord_aur_00266,operations
tenant_aura,imv_aur_0000678,wh_aur_west,prd_aur_045,2026-09-01T01:48:00Z,shipment,-1,order,ord_aur_00266,operations
tenant_aura,imv_aur_0000679,wh_aur_west,prd_aur_019,2026-08-29T23:58:00Z,shipment,-2,order,ord_aur_00267,operations
tenant_aura,imv_aur_0000680,wh_aur_west,prd_aur_029,2026-08-28T09:58:00Z,shipment,-1,order,ord_aur_00267,operations
tenant_aura,imv_aur_0000681,wh_aur_west,prd_aur_018,2026-08-30T04:58:00Z,shipment,-1,order,ord_aur_00267,operations
tenant_aura,imv_aur_0000682,wh_aur_central,prd_aur_050,2026-08-27T17:13:00Z,shipment,-2,order,ord_aur_00268,operations
tenant_aura,imv_aur_0000683,wh_aur_central,prd_aur_038,2026-08-29T07:13:00Z,shipment,-3,order,ord_aur_00268,operations
tenant_aura,imv_aur_0000684,wh_aur_central,prd_aur_006,2026-09-18T13:09:00Z,shipment,-4,order,ord_aur_00269,operations
tenant_aura,imv_aur_0000685,wh_aur_west,prd_aur_017,2026-08-25T23:47:00Z,shipment,-1,order,ord_aur_00270,operations
tenant_aura,imv_aur_0000686,wh_aur_central,prd_aur_014,2026-08-19T13:14:00Z,shipment,-2,order,ord_aur_00271,operations
tenant_aura,imv_aur_0000687,wh_aur_east,prd_aur_002,2026-08-27T20:56:00Z,shipment,-3,order,ord_aur_00272,operations
tenant_aura,imv_aur_0000688,wh_aur_east,prd_aur_040,2026-08-26T06:56:00Z,shipment,-4,order,ord_aur_00272,operations
tenant_aura,imv_aur_0000689,wh_aur_west,prd_aur_037,2026-08-25T15:26:00Z,shipment,-1,order,ord_aur_00273,operations
tenant_aura,imv_aur_0000690,wh_aur_west,prd_aur_038,2026-08-26T18:26:00Z,shipment,-2,order,ord_aur_00273,operations
tenant_aura,imv_aur_0000691,wh_aur_west,prd_aur_047,2026-08-26T03:26:00Z,shipment,-1,order,ord_aur_00273,operations
tenant_aura,imv_aur_0000692,wh_aur_central,prd_aur_015,2026-09-01T17:32:00Z,shipment,-2,order,ord_aur_00274,operations
tenant_aura,imv_aur_0000693,wh_aur_west,prd_aur_024,2026-08-20T15:00:00Z,shipment,-1,order,ord_aur_00276,operations
tenant_aura,imv_aur_0000694,wh_aur_west,prd_aur_034,2026-08-21T02:00:00Z,shipment,-3,order,ord_aur_00276,operations
tenant_aura,imv_aur_0000695,wh_aur_west,prd_aur_035,2026-08-12T11:57:00Z,shipment,-2,order,ord_aur_00277,operations
tenant_aura,imv_aur_0000696,wh_aur_west,prd_aur_029,2026-08-12T15:57:00Z,shipment,-1,order,ord_aur_00277,operations
tenant_aura,imv_aur_0000697,wh_aur_west,prd_aur_024,2026-09-04T22:14:00Z,shipment,-1,order,ord_aur_00278,operations
tenant_aura,imv_aur_0000698,wh_aur_east,prd_aur_042,2026-08-26T13:37:00Z,shipment,-4,order,ord_aur_00279,operations
tenant_aura,imv_aur_0000699,wh_aur_central,prd_aur_039,2026-08-24T15:07:00Z,shipment,-4,order,ord_aur_00281,operations
tenant_aura,imv_aur_0000700,wh_aur_central,prd_aur_014,2026-08-24T02:07:00Z,shipment,-1,order,ord_aur_00281,operations
tenant_aura,imv_aur_0000701,wh_aur_east,prd_aur_023,2026-09-08T14:41:00Z,shipment,-1,order,ord_aur_00282,operations
tenant_aura,imv_aur_0000702,wh_aur_west,prd_aur_022,2026-09-15T21:21:00Z,shipment,-1,order,ord_aur_00283,operations
tenant_aura,imv_aur_0000703,wh_aur_west,prd_aur_038,2026-09-14T12:21:00Z,shipment,-1,order,ord_aur_00283,operations
tenant_aura,imv_aur_0000704,wh_aur_central,prd_aur_020,2026-09-05T16:08:00Z,shipment,-2,order,ord_aur_00284,operations
tenant_aura,imv_aur_0000705,wh_aur_central,prd_aur_045,2026-09-05T14:08:00Z,shipment,-2,order,ord_aur_00284,operations
tenant_aura,imv_aur_0000706,wh_aur_west,prd_aur_041,2026-09-05T20:11:00Z,shipment,-1,order,ord_aur_00285,operations
tenant_aura,imv_aur_0000707,wh_aur_west,prd_aur_027,2026-08-21T02:07:00Z,shipment,-1,order,ord_aur_00286,operations
tenant_aura,imv_aur_0000708,wh_aur_west,prd_aur_042,2026-08-21T09:07:00Z,shipment,-1,order,ord_aur_00286,operations
tenant_aura,imv_aur_0000709,wh_aur_west,prd_aur_043,2026-09-10T19:05:00Z,shipment,-3,order,ord_aur_00287,operations
tenant_aura,imv_aur_0000710,wh_aur_west,prd_aur_047,2026-09-10T04:05:00Z,shipment,-4,order,ord_aur_00287,operations
tenant_aura,imv_aur_0000711,wh_aur_west,prd_aur_014,2026-09-11T08:05:00Z,shipment,-1,order,ord_aur_00287,operations
tenant_aura,imv_aur_0000712,wh_aur_east,prd_aur_020,2026-08-18T16:53:00Z,shipment,-3,order,ord_aur_00289,operations
tenant_aura,imv_aur_0000713,wh_aur_east,prd_aur_042,2026-08-18T13:53:00Z,shipment,-1,order,ord_aur_00289,operations
tenant_aura,imv_aur_0000714,wh_aur_central,prd_aur_013,2026-09-09T11:17:00Z,shipment,-1,order,ord_aur_00290,operations
tenant_aura,imv_aur_0000715,wh_aur_central,prd_aur_034,2026-09-09T00:17:00Z,shipment,-1,order,ord_aur_00290,operations
tenant_aura,imv_aur_0000716,wh_aur_central,prd_aur_045,2026-08-21T13:41:00Z,shipment,-1,order,ord_aur_00291,operations
tenant_aura,imv_aur_0000717,wh_aur_central,prd_aur_041,2026-08-21T15:41:00Z,shipment,-1,order,ord_aur_00291,operations
tenant_aura,imv_aur_0000718,wh_aur_central,prd_aur_033,2026-08-28T22:06:00Z,shipment,-1,order,ord_aur_00292,operations
tenant_aura,imv_aur_0000719,wh_aur_central,prd_aur_010,2026-09-17T21:45:00Z,shipment,-4,order,ord_aur_00293,operations
tenant_aura,imv_aur_0000720,wh_aur_central,prd_aur_033,2026-09-08T15:57:00Z,shipment,-1,order,ord_aur_00294,operations
tenant_aura,imv_aur_0000721,wh_aur_central,prd_aur_017,2026-09-08T19:57:00Z,shipment,-2,order,ord_aur_00294,operations
tenant_aura,imv_aur_0000722,wh_aur_central,prd_aur_028,2026-09-09T09:41:00Z,shipment,-1,order,ord_aur_00296,operations
tenant_aura,imv_aur_0000723,wh_aur_central,prd_aur_018,2026-09-08T21:41:00Z,shipment,-4,order,ord_aur_00296,operations
tenant_aura,imv_aur_0000724,wh_aur_west,prd_aur_007,2026-08-11T14:09:00Z,shipment,-1,order,ord_aur_00297,operations
tenant_aura,imv_aur_0000725,wh_aur_west,prd_aur_022,2026-08-11T19:09:00Z,shipment,-2,order,ord_aur_00297,operations
tenant_aura,imv_aur_0000726,wh_aur_east,prd_aur_010,2026-08-25T15:56:00Z,shipment,-1,order,ord_aur_00299,operations
tenant_aura,imv_aur_0000727,wh_aur_east,prd_aur_030,2026-08-30T14:33:00Z,shipment,-3,order,ord_aur_00301,operations
tenant_aura,imv_aur_0000728,wh_aur_east,prd_aur_033,2026-08-31T14:33:00Z,shipment,-1,order,ord_aur_00301,operations
tenant_aura,imv_aur_0000729,wh_aur_east,prd_aur_024,2026-09-09T18:04:00Z,shipment,-2,order,ord_aur_00302,operations
tenant_aura,imv_aur_0000730,wh_aur_east,prd_aur_045,2026-09-10T06:04:00Z,shipment,-1,order,ord_aur_00302,operations
tenant_aura,imv_aur_0000731,wh_aur_east,prd_aur_020,2026-09-10T02:04:00Z,shipment,-1,order,ord_aur_00302,operations
tenant_aura,imv_aur_0000732,wh_aur_east,prd_aur_021,2026-09-18T18:01:00Z,shipment,-1,order,ord_aur_00303,operations
tenant_aura,imv_aur_0000733,wh_aur_central,prd_aur_022,2026-08-14T23:17:00Z,shipment,-1,order,ord_aur_00304,operations
tenant_aura,imv_aur_0000734,wh_aur_west,prd_aur_011,2026-09-21T01:55:00Z,shipment,-3,order,ord_aur_00305,operations
tenant_aura,imv_aur_0000735,wh_aur_west,prd_aur_023,2026-09-20T01:55:00Z,shipment,-3,order,ord_aur_00305,operations
tenant_aura,imv_aur_0000736,wh_aur_west,prd_aur_016,2026-09-20T00:55:00Z,shipment,-2,order,ord_aur_00305,operations
tenant_aura,imv_aur_0000737,wh_aur_east,prd_aur_024,2026-09-10T07:05:00Z,shipment,-1,order,ord_aur_00306,operations
tenant_aura,imv_aur_0000738,wh_aur_east,prd_aur_018,2026-09-10T13:05:00Z,shipment,-2,order,ord_aur_00306,operations
tenant_aura,imv_aur_0000739,wh_aur_east,prd_aur_033,2026-08-17T13:58:00Z,shipment,-1,order,ord_aur_00307,operations
tenant_aura,imv_aur_0000740,wh_aur_east,prd_aur_015,2026-08-17T02:58:00Z,shipment,-1,order,ord_aur_00307,operations
tenant_aura,imv_aur_0000741,wh_aur_east,prd_aur_041,2026-08-24T02:55:00Z,shipment,-1,order,ord_aur_00308,operations
tenant_aura,imv_aur_0000742,wh_aur_west,prd_aur_032,2026-09-01T08:47:00Z,shipment,-1,order,ord_aur_00309,operations
tenant_aura,imv_aur_0000743,wh_aur_west,prd_aur_050,2026-09-02T05:47:00Z,shipment,-2,order,ord_aur_00309,operations
tenant_aura,imv_aur_0000744,wh_aur_west,prd_aur_012,2026-08-31T16:47:00Z,shipment,-1,order,ord_aur_00309,operations
tenant_aura,imv_aur_0000745,wh_aur_east,prd_aur_010,2026-08-13T22:19:00Z,shipment,-1,order,ord_aur_00310,operations
tenant_aura,imv_aur_0000746,wh_aur_east,prd_aur_019,2026-08-13T06:19:00Z,shipment,-1,order,ord_aur_00310,operations
tenant_aura,imv_aur_0000747,wh_aur_east,prd_aur_031,2026-08-14T07:19:00Z,shipment,-1,order,ord_aur_00310,operations
tenant_aura,imv_aur_0000748,wh_aur_east,prd_aur_001,2026-08-14T13:19:00Z,shipment,-4,order,ord_aur_00310,operations
tenant_aura,imv_aur_0000749,wh_aur_west,prd_aur_026,2026-08-25T01:35:00Z,shipment,-2,order,ord_aur_00311,operations
tenant_aura,imv_aur_0000750,wh_aur_west,prd_aur_042,2026-08-23T12:35:00Z,shipment,-2,order,ord_aur_00311,operations
tenant_aura,imv_aur_0000751,wh_aur_west,prd_aur_024,2026-08-23T12:35:00Z,shipment,-1,order,ord_aur_00311,operations
tenant_aura,imv_aur_0000752,wh_aur_east,prd_aur_028,2026-09-10T01:48:00Z,shipment,-1,order,ord_aur_00312,operations
tenant_aura,imv_aur_0000753,wh_aur_east,prd_aur_037,2026-09-11T11:48:00Z,shipment,-3,order,ord_aur_00312,operations
tenant_aura,imv_aur_0000754,wh_aur_east,prd_aur_045,2026-09-09T12:48:00Z,shipment,-1,order,ord_aur_00312,operations
tenant_aura,imv_aur_0000755,wh_aur_central,prd_aur_028,2026-09-17T22:04:00Z,shipment,-2,order,ord_aur_00313,operations
tenant_aura,imv_aur_0000756,wh_aur_central,prd_aur_024,2026-09-19T16:04:00Z,shipment,-1,order,ord_aur_00313,operations
tenant_aura,imv_aur_0000757,wh_aur_central,prd_aur_016,2026-09-17T17:04:00Z,shipment,-2,order,ord_aur_00313,operations
tenant_aura,imv_aur_0000758,wh_aur_central,prd_aur_043,2026-09-18T17:04:00Z,shipment,-1,order,ord_aur_00313,operations
tenant_aura,imv_aur_0000759,wh_aur_east,prd_aur_047,2026-09-13T04:48:00Z,shipment,-3,order,ord_aur_00314,operations
tenant_aura,imv_aur_0000760,wh_aur_east,prd_aur_023,2026-09-14T19:48:00Z,shipment,-2,order,ord_aur_00314,operations
tenant_aura,imv_aur_0000761,wh_aur_central,prd_aur_041,2026-09-15T10:00:00Z,shipment,-3,order,ord_aur_00315,operations
tenant_aura,imv_aur_0000762,wh_aur_central,prd_aur_029,2026-09-16T02:00:00Z,shipment,-1,order,ord_aur_00315,operations
tenant_aura,imv_aur_0000763,wh_aur_central,prd_aur_012,2026-09-16T09:00:00Z,shipment,-2,order,ord_aur_00315,operations
tenant_aura,imv_aur_0000764,wh_aur_east,prd_aur_013,2026-08-18T10:54:00Z,shipment,-1,order,ord_aur_00316,operations
tenant_aura,imv_aur_0000765,wh_aur_east,prd_aur_007,2026-08-12T18:37:00Z,shipment,-3,order,ord_aur_00317,operations
tenant_aura,imv_aur_0000766,wh_aur_east,prd_aur_037,2026-08-12T13:37:00Z,shipment,-1,order,ord_aur_00317,operations
tenant_aura,imv_aur_0000767,wh_aur_west,prd_aur_039,2026-08-20T14:27:00Z,shipment,-1,order,ord_aur_00318,operations
tenant_aura,imv_aur_0000768,wh_aur_central,prd_aur_004,2026-08-19T02:46:00Z,shipment,-1,order,ord_aur_00319,operations
tenant_aura,imv_aur_0000769,wh_aur_west,prd_aur_031,2026-08-26T13:06:00Z,shipment,-1,order,ord_aur_00321,operations
tenant_aura,imv_aur_0000770,wh_aur_west,prd_aur_044,2026-08-26T06:06:00Z,shipment,-3,order,ord_aur_00321,operations
tenant_aura,imv_aur_0000771,wh_aur_central,prd_aur_018,2026-09-17T04:54:00Z,shipment,-3,order,ord_aur_00322,operations
tenant_aura,imv_aur_0000772,wh_aur_central,prd_aur_016,2026-09-19T07:54:00Z,shipment,-2,order,ord_aur_00322,operations
tenant_aura,imv_aur_0000773,wh_aur_east,prd_aur_012,2026-08-31T06:16:00Z,shipment,-1,order,ord_aur_00323,operations
tenant_aura,imv_aur_0000774,wh_aur_east,prd_aur_009,2026-08-30T02:16:00Z,shipment,-2,order,ord_aur_00323,operations
tenant_aura,imv_aur_0000775,wh_aur_west,prd_aur_049,2026-08-20T14:10:00Z,shipment,-1,order,ord_aur_00324,operations
tenant_aura,imv_aur_0000776,wh_aur_west,prd_aur_027,2026-08-18T13:10:00Z,shipment,-3,order,ord_aur_00324,operations
tenant_aura,imv_aur_0000777,wh_aur_west,prd_aur_042,2026-09-07T16:34:00Z,shipment,-2,order,ord_aur_00325,operations
tenant_aura,imv_aur_0000778,wh_aur_west,prd_aur_045,2026-09-06T06:34:00Z,shipment,-1,order,ord_aur_00325,operations
tenant_aura,imv_aur_0000779,wh_aur_west,prd_aur_012,2026-08-21T02:29:00Z,shipment,-3,order,ord_aur_00327,operations
tenant_aura,imv_aur_0000780,wh_aur_east,prd_aur_047,2026-08-22T14:24:00Z,shipment,-1,order,ord_aur_00328,operations
tenant_aura,imv_aur_0000781,wh_aur_east,prd_aur_020,2026-08-20T18:24:00Z,shipment,-2,order,ord_aur_00328,operations
tenant_aura,imv_aur_0000782,wh_aur_east,prd_aur_050,2026-08-21T06:24:00Z,shipment,-1,order,ord_aur_00328,operations
tenant_aura,imv_aur_0000783,wh_aur_central,prd_aur_045,2026-08-18T12:21:00Z,shipment,-2,order,ord_aur_00329,operations
tenant_aura,imv_aur_0000784,wh_aur_central,prd_aur_034,2026-08-19T00:21:00Z,shipment,-2,order,ord_aur_00329,operations
tenant_aura,imv_aur_0000785,wh_aur_central,prd_aur_042,2026-08-17T07:21:00Z,shipment,-2,order,ord_aur_00329,operations
tenant_aura,imv_aur_0000786,wh_aur_east,prd_aur_041,2026-09-01T00:29:00Z,shipment,-1,order,ord_aur_00331,operations
tenant_aura,imv_aur_0000787,wh_aur_east,prd_aur_010,2026-09-02T13:29:00Z,shipment,-2,order,ord_aur_00331,operations
tenant_aura,imv_aur_0000788,wh_aur_east,prd_aur_040,2026-08-31T18:29:00Z,shipment,-3,order,ord_aur_00331,operations
tenant_aura,imv_aur_0000789,wh_aur_central,prd_aur_009,2026-08-24T05:30:00Z,shipment,-1,order,ord_aur_00332,operations
tenant_aura,imv_aur_0000790,wh_aur_central,prd_aur_009,2026-08-28T05:30:00Z,return,1,order,ord_aur_00332,operations
tenant_aura,imv_aur_0000791,wh_aur_central,prd_aur_049,2026-08-24T08:30:00Z,shipment,-1,order,ord_aur_00332,operations
tenant_aura,imv_aur_0000792,wh_aur_central,prd_aur_049,2026-08-27T08:30:00Z,return,1,order,ord_aur_00332,operations
tenant_aura,imv_aur_0000793,wh_aur_central,prd_aur_002,2026-08-22T04:30:00Z,shipment,-1,order,ord_aur_00332,operations
tenant_aura,imv_aur_0000794,wh_aur_central,prd_aur_002,2026-08-29T04:30:00Z,return,1,order,ord_aur_00332,operations
tenant_aura,imv_aur_0000795,wh_aur_central,prd_aur_045,2026-09-18T17:16:00Z,shipment,-1,order,ord_aur_00334,operations
tenant_aura,imv_aur_0000796,wh_aur_central,prd_aur_038,2026-09-19T12:16:00Z,shipment,-1,order,ord_aur_00334,operations
tenant_aura,imv_aur_0000797,wh_aur_central,prd_aur_015,2026-09-18T23:16:00Z,shipment,-1,order,ord_aur_00334,operations
tenant_aura,imv_aur_0000798,wh_aur_central,prd_aur_041,2026-08-28T01:59:00Z,shipment,-3,order,ord_aur_00335,operations
tenant_aura,imv_aur_0000799,wh_aur_central,prd_aur_020,2026-08-28T12:59:00Z,shipment,-1,order,ord_aur_00335,operations
tenant_aura,imv_aur_0000800,wh_aur_east,prd_aur_008,2026-08-25T10:46:00Z,shipment,-2,order,ord_aur_00336,operations
tenant_aura,imv_aur_0000801,wh_aur_east,prd_aur_008,2026-08-31T10:46:00Z,return,2,order,ord_aur_00336,operations
tenant_aura,imv_aur_0000802,wh_aur_central,prd_aur_010,2026-08-23T00:23:00Z,shipment,-4,order,ord_aur_00337,operations
tenant_aura,imv_aur_0000803,wh_aur_central,prd_aur_030,2026-08-21T02:23:00Z,shipment,-3,order,ord_aur_00337,operations
tenant_aura,imv_aur_0000804,wh_aur_central,prd_aur_028,2026-08-21T15:23:00Z,shipment,-2,order,ord_aur_00337,operations
tenant_aura,imv_aur_0000805,wh_aur_west,prd_aur_025,2026-08-16T08:20:00Z,shipment,-1,order,ord_aur_00338,operations
tenant_aura,imv_aur_0000806,wh_aur_west,prd_aur_029,2026-08-16T21:20:00Z,shipment,-1,order,ord_aur_00338,operations
tenant_aura,imv_aur_0000807,wh_aur_central,prd_aur_039,2026-09-06T08:01:00Z,shipment,-2,order,ord_aur_00339,operations
tenant_aura,imv_aur_0000808,wh_aur_central,prd_aur_001,2026-09-07T05:01:00Z,shipment,-2,order,ord_aur_00339,operations
tenant_aura,imv_aur_0000809,wh_aur_west,prd_aur_047,2026-09-15T04:25:00Z,shipment,-3,order,ord_aur_00340,operations
tenant_aura,imv_aur_0000810,wh_aur_west,prd_aur_041,2026-09-15T17:25:00Z,shipment,-2,order,ord_aur_00340,operations
tenant_aura,imv_aur_0000811,wh_aur_west,prd_aur_014,2026-09-16T17:25:00Z,shipment,-1,order,ord_aur_00340,operations
tenant_aura,imv_aur_0000812,wh_aur_west,prd_aur_040,2026-08-30T17:23:00Z,shipment,-1,order,ord_aur_00341,operations
tenant_aura,imv_aur_0000813,wh_aur_west,prd_aur_006,2026-08-30T17:23:00Z,shipment,-3,order,ord_aur_00341,operations
tenant_aura,imv_aur_0000814,wh_aur_central,prd_aur_039,2026-09-04T01:08:00Z,shipment,-2,order,ord_aur_00342,operations
tenant_aura,imv_aur_0000815,wh_aur_east,prd_aur_001,2026-08-14T21:28:00Z,shipment,-3,order,ord_aur_00343,operations
tenant_aura,imv_aur_0000816,wh_aur_east,prd_aur_043,2026-08-15T10:28:00Z,shipment,-2,order,ord_aur_00343,operations
tenant_aura,imv_aur_0000817,wh_aur_central,prd_aur_009,2026-08-30T13:42:00Z,shipment,-1,order,ord_aur_00344,operations
tenant_aura,imv_aur_0000818,wh_aur_central,prd_aur_050,2026-09-01T02:42:00Z,shipment,-2,order,ord_aur_00344,operations
tenant_aura,imv_aur_0000819,wh_aur_east,prd_aur_005,2026-09-08T16:39:00Z,shipment,-1,order,ord_aur_00345,operations
tenant_aura,imv_aur_0000820,wh_aur_east,prd_aur_034,2026-09-09T17:39:00Z,shipment,-2,order,ord_aur_00345,operations
tenant_aura,imv_aur_0000821,wh_aur_west,prd_aur_006,2026-09-10T13:51:00Z,shipment,-1,order,ord_aur_00346,operations
tenant_aura,imv_aur_0000822,wh_aur_west,prd_aur_018,2026-09-09T22:51:00Z,shipment,-3,order,ord_aur_00346,operations
tenant_aura,imv_aur_0000823,wh_aur_west,prd_aur_029,2026-09-09T21:51:00Z,shipment,-1,order,ord_aur_00346,operations
tenant_aura,imv_aur_0000824,wh_aur_west,prd_aur_045,2026-09-09T18:51:00Z,shipment,-1,order,ord_aur_00346,operations
tenant_aura,imv_aur_0000825,wh_aur_east,prd_aur_023,2026-08-31T18:15:00Z,shipment,-2,order,ord_aur_00347,operations
tenant_aura,imv_aur_0000826,wh_aur_east,prd_aur_018,2026-08-31T16:15:00Z,shipment,-2,order,ord_aur_00347,operations
tenant_aura,imv_aur_0000827,wh_aur_central,prd_aur_011,2026-08-23T22:50:00Z,shipment,-1,order,ord_aur_00349,operations
tenant_aura,imv_aur_0000828,wh_aur_central,prd_aur_044,2026-08-27T21:10:00Z,shipment,-1,order,ord_aur_00350,operations
tenant_aura,imv_aur_0000829,wh_aur_west,prd_aur_011,2026-09-18T21:54:00Z,shipment,-3,order,ord_aur_00351,operations
tenant_aura,imv_aur_0000830,wh_aur_central,prd_aur_008,2026-09-08T23:20:00Z,shipment,-1,order,ord_aur_00352,operations
tenant_aura,imv_aur_0000831,wh_aur_central,prd_aur_027,2026-09-07T10:20:00Z,shipment,-1,order,ord_aur_00352,operations
tenant_aura,imv_aur_0000832,wh_aur_east,prd_aur_038,2026-09-10T11:57:00Z,shipment,-1,order,ord_aur_00353,operations
tenant_aura,imv_aur_0000833,wh_aur_east,prd_aur_026,2026-09-10T14:57:00Z,shipment,-1,order,ord_aur_00353,operations
tenant_aura,imv_aur_0000834,wh_aur_west,prd_aur_049,2026-09-17T12:55:00Z,shipment,-2,order,ord_aur_00354,operations
tenant_aura,imv_aur_0000835,wh_aur_west,prd_aur_047,2026-09-19T21:55:00Z,shipment,-3,order,ord_aur_00354,operations
tenant_aura,imv_aur_0000836,wh_aur_east,prd_aur_008,2026-08-28T12:22:00Z,shipment,-1,order,ord_aur_00355,operations
tenant_aura,imv_aur_0000837,wh_aur_east,prd_aur_014,2026-08-29T00:22:00Z,shipment,-1,order,ord_aur_00355,operations
tenant_aura,imv_aur_0000838,wh_aur_west,prd_aur_023,2026-09-12T08:40:00Z,shipment,-2,order,ord_aur_00357,operations
tenant_aura,imv_aur_0000839,wh_aur_west,prd_aur_010,2026-09-13T17:40:00Z,shipment,-1,order,ord_aur_00357,operations
tenant_aura,imv_aur_0000840,wh_aur_central,prd_aur_028,2026-09-13T11:28:00Z,shipment,-3,order,ord_aur_00358,operations
tenant_aura,imv_aur_0000841,wh_aur_central,prd_aur_033,2026-09-14T08:28:00Z,shipment,-1,order,ord_aur_00358,operations
tenant_aura,imv_aur_0000842,wh_aur_east,prd_aur_019,2026-08-28T09:02:00Z,shipment,-2,order,ord_aur_00359,operations
tenant_aura,imv_aur_0000843,wh_aur_east,prd_aur_028,2026-08-17T03:59:00Z,shipment,-1,order,ord_aur_00360,operations
tenant_aura,imv_aur_0000844,wh_aur_east,prd_aur_034,2026-08-17T12:59:00Z,shipment,-1,order,ord_aur_00360,operations
tenant_aura,imv_aur_0000845,wh_aur_east,prd_aur_003,2026-08-16T16:59:00Z,shipment,-2,order,ord_aur_00360,operations
tenant_aura,imv_aur_0000846,wh_aur_central,prd_aur_036,2026-08-29T03:43:00Z,shipment,-3,order,ord_aur_00361,operations
tenant_aura,imv_aur_0000847,wh_aur_central,prd_aur_013,2026-08-27T17:43:00Z,shipment,-1,order,ord_aur_00361,operations
tenant_aura,imv_aur_0000848,wh_aur_central,prd_aur_005,2026-08-29T10:43:00Z,shipment,-1,order,ord_aur_00361,operations
tenant_aura,imv_aur_0000849,wh_aur_central,prd_aur_034,2026-08-28T19:43:00Z,shipment,-1,order,ord_aur_00361,operations
tenant_aura,imv_aur_0000850,wh_aur_central,prd_aur_027,2026-08-30T16:58:00Z,shipment,-2,order,ord_aur_00362,operations
tenant_aura,imv_aur_0000851,wh_aur_central,prd_aur_032,2026-08-31T04:58:00Z,shipment,-3,order,ord_aur_00362,operations
tenant_aura,imv_aur_0000852,wh_aur_central,prd_aur_005,2026-09-01T09:58:00Z,shipment,-3,order,ord_aur_00362,operations
tenant_aura,imv_aur_0000853,wh_aur_east,prd_aur_013,2026-09-08T22:15:00Z,shipment,-3,order,ord_aur_00363,operations
tenant_aura,imv_aur_0000854,wh_aur_west,prd_aur_037,2026-09-01T14:56:00Z,shipment,-1,order,ord_aur_00364,operations
tenant_aura,imv_aur_0000855,wh_aur_west,prd_aur_015,2026-09-17T06:34:00Z,shipment,-2,order,ord_aur_00365,operations
tenant_aura,imv_aur_0000856,wh_aur_west,prd_aur_007,2026-09-19T02:34:00Z,shipment,-3,order,ord_aur_00365,operations
tenant_aura,imv_aur_0000857,wh_aur_west,prd_aur_018,2026-09-17T23:34:00Z,shipment,-1,order,ord_aur_00365,operations
tenant_aura,imv_aur_0000858,wh_aur_east,prd_aur_007,2026-08-12T02:15:00Z,shipment,-2,order,ord_aur_00366,operations
tenant_aura,imv_aur_0000859,wh_aur_west,prd_aur_024,2026-09-05T12:55:00Z,shipment,-2,order,ord_aur_00367,operations
tenant_aura,imv_aur_0000860,wh_aur_west,prd_aur_019,2026-09-05T01:55:00Z,shipment,-1,order,ord_aur_00367,operations
tenant_aura,imv_aur_0000861,wh_aur_west,prd_aur_006,2026-09-08T19:41:00Z,shipment,-4,order,ord_aur_00368,operations
tenant_aura,imv_aur_0000862,wh_aur_west,prd_aur_045,2026-09-07T05:41:00Z,shipment,-3,order,ord_aur_00368,operations
tenant_aura,imv_aur_0000863,wh_aur_central,prd_aur_043,2026-08-18T07:02:00Z,shipment,-1,order,ord_aur_00370,operations
tenant_aura,imv_aur_0000864,wh_aur_central,prd_aur_021,2026-08-18T20:02:00Z,shipment,-1,order,ord_aur_00370,operations
tenant_aura,imv_aur_0000865,wh_aur_central,prd_aur_047,2026-08-17T16:02:00Z,shipment,-1,order,ord_aur_00370,operations
tenant_aura,imv_aur_0000866,wh_aur_west,prd_aur_019,2026-09-15T06:51:00Z,shipment,-2,order,ord_aur_00371,operations
tenant_aura,imv_aur_0000867,wh_aur_west,prd_aur_044,2026-09-16T10:51:00Z,shipment,-1,order,ord_aur_00371,operations
tenant_aura,imv_aur_0000868,wh_aur_west,prd_aur_030,2026-09-09T03:02:00Z,shipment,-1,order,ord_aur_00373,operations
tenant_aura,imv_aur_0000869,wh_aur_west,prd_aur_035,2026-09-18T20:50:00Z,shipment,-1,order,ord_aur_00374,operations
tenant_aura,imv_aur_0000870,wh_aur_west,prd_aur_008,2026-09-19T17:50:00Z,shipment,-1,order,ord_aur_00374,operations
tenant_aura,imv_aur_0000871,wh_aur_east,prd_aur_010,2026-08-28T04:57:00Z,shipment,-1,order,ord_aur_00375,operations
tenant_aura,imv_aur_0000872,wh_aur_west,prd_aur_031,2026-08-20T13:54:00Z,shipment,-2,order,ord_aur_00376,operations
tenant_aura,imv_aur_0000873,wh_aur_west,prd_aur_048,2026-08-18T11:54:00Z,shipment,-2,order,ord_aur_00376,operations
tenant_aura,imv_aur_0000874,wh_aur_central,prd_aur_026,2026-09-07T23:23:00Z,shipment,-2,order,ord_aur_00377,operations
tenant_aura,imv_aur_0000875,wh_aur_west,prd_aur_020,2026-08-13T08:10:00Z,shipment,-1,order,ord_aur_00378,operations
tenant_aura,imv_aur_0000876,wh_aur_west,prd_aur_022,2026-08-14T04:10:00Z,shipment,-2,order,ord_aur_00378,operations
tenant_aura,imv_aur_0000877,wh_aur_west,prd_aur_022,2026-09-01T05:28:00Z,shipment,-1,order,ord_aur_00379,operations
tenant_aura,imv_aur_0000878,wh_aur_west,prd_aur_047,2026-09-01T17:28:00Z,shipment,-3,order,ord_aur_00379,operations
tenant_aura,imv_aur_0000879,wh_aur_east,prd_aur_009,2026-09-13T09:49:00Z,shipment,-1,order,ord_aur_00380,operations
tenant_aura,imv_aur_0000880,wh_aur_east,prd_aur_007,2026-09-12T14:49:00Z,shipment,-2,order,ord_aur_00380,operations
tenant_aura,imv_aur_0000881,wh_aur_east,prd_aur_014,2026-08-28T10:56:00Z,shipment,-1,order,ord_aur_00381,operations
tenant_aura,imv_aur_0000882,wh_aur_central,prd_aur_030,2026-09-07T19:04:00Z,shipment,-1,order,ord_aur_00383,operations
tenant_aura,imv_aur_0000883,wh_aur_central,prd_aur_044,2026-09-06T03:04:00Z,shipment,-2,order,ord_aur_00383,operations
tenant_aura,imv_aur_0000884,wh_aur_east,prd_aur_034,2026-09-16T01:53:00Z,shipment,-3,order,ord_aur_00384,operations
tenant_aura,imv_aur_0000885,wh_aur_east,prd_aur_024,2026-09-17T05:53:00Z,shipment,-1,order,ord_aur_00384,operations
tenant_aura,imv_aur_0000886,wh_aur_west,prd_aur_003,2026-08-14T15:40:00Z,shipment,-3,order,ord_aur_00386,operations
tenant_aura,imv_aur_0000887,wh_aur_west,prd_aur_003,2026-08-22T15:40:00Z,return,3,order,ord_aur_00386,operations
tenant_aura,imv_aur_0000888,wh_aur_west,prd_aur_028,2026-08-15T06:40:00Z,shipment,-3,order,ord_aur_00386,operations
tenant_aura,imv_aur_0000889,wh_aur_west,prd_aur_028,2026-08-23T06:40:00Z,return,3,order,ord_aur_00386,operations
tenant_aura,imv_aur_0000890,wh_aur_west,prd_aur_011,2026-08-21T21:34:00Z,shipment,-2,order,ord_aur_00388,operations
tenant_aura,imv_aur_0000891,wh_aur_west,prd_aur_036,2026-08-22T05:34:00Z,shipment,-2,order,ord_aur_00388,operations
tenant_aura,imv_aur_0000892,wh_aur_west,prd_aur_047,2026-08-22T17:34:00Z,shipment,-1,order,ord_aur_00388,operations
tenant_aura,imv_aur_0000893,wh_aur_west,prd_aur_035,2026-08-27T00:17:00Z,shipment,-1,order,ord_aur_00389,operations
tenant_aura,imv_aur_0000894,wh_aur_west,prd_aur_041,2026-08-25T18:17:00Z,shipment,-1,order,ord_aur_00389,operations
tenant_aura,imv_aur_0000895,wh_aur_west,prd_aur_045,2026-08-26T13:17:00Z,shipment,-1,order,ord_aur_00389,operations
tenant_aura,imv_aur_0000896,wh_aur_west,prd_aur_021,2026-08-26T06:38:00Z,shipment,-2,order,ord_aur_00390,operations
tenant_aura,imv_aur_0000897,wh_aur_west,prd_aur_047,2026-08-25T03:38:00Z,shipment,-1,order,ord_aur_00390,operations
tenant_aura,imv_aur_0000898,wh_aur_west,prd_aur_042,2026-09-09T08:59:00Z,shipment,-1,order,ord_aur_00391,operations
tenant_aura,imv_aur_0000899,wh_aur_central,prd_aur_014,2026-09-04T21:35:00Z,shipment,-1,order,ord_aur_00392,operations
tenant_aura,imv_aur_0000900,wh_aur_central,prd_aur_022,2026-09-06T08:35:00Z,shipment,-1,order,ord_aur_00392,operations
tenant_aura,imv_aur_0000901,wh_aur_central,prd_aur_049,2026-09-06T12:35:00Z,shipment,-3,order,ord_aur_00392,operations
tenant_aura,imv_aur_0000902,wh_aur_east,prd_aur_012,2026-09-07T10:17:00Z,shipment,-1,order,ord_aur_00393,operations
tenant_aura,imv_aur_0000903,wh_aur_east,prd_aur_011,2026-09-08T08:17:00Z,shipment,-1,order,ord_aur_00393,operations
tenant_aura,imv_aur_0000904,wh_aur_east,prd_aur_013,2026-09-07T10:17:00Z,shipment,-2,order,ord_aur_00393,operations
tenant_aura,imv_aur_0000905,wh_aur_west,prd_aur_048,2026-08-12T16:50:00Z,shipment,-1,order,ord_aur_00394,operations
tenant_aura,imv_aur_0000906,wh_aur_west,prd_aur_036,2026-08-11T15:50:00Z,shipment,-1,order,ord_aur_00394,operations
tenant_aura,imv_aur_0000907,wh_aur_central,prd_aur_020,2026-08-27T03:31:00Z,shipment,-1,order,ord_aur_00395,operations
tenant_aura,imv_aur_0000908,wh_aur_central,prd_aur_012,2026-08-26T22:31:00Z,shipment,-2,order,ord_aur_00395,operations
tenant_aura,imv_aur_0000909,wh_aur_central,prd_aur_018,2026-08-28T04:31:00Z,shipment,-1,order,ord_aur_00395,operations
tenant_aura,imv_aur_0000910,wh_aur_central,prd_aur_014,2026-08-28T15:31:00Z,shipment,-2,order,ord_aur_00395,operations
tenant_aura,imv_aur_0000911,wh_aur_west,prd_aur_010,2026-09-09T19:58:00Z,shipment,-3,order,ord_aur_00396,operations
tenant_aura,imv_aur_0000912,wh_aur_west,prd_aur_039,2026-09-11T00:58:00Z,shipment,-1,order,ord_aur_00396,operations
tenant_aura,imv_aur_0000913,wh_aur_east,prd_aur_002,2026-08-24T00:18:00Z,shipment,-4,order,ord_aur_00397,operations
tenant_aura,imv_aur_0000914,wh_aur_east,prd_aur_047,2026-08-25T04:18:00Z,shipment,-3,order,ord_aur_00397,operations
tenant_aura,imv_aur_0000915,wh_aur_east,prd_aur_023,2026-08-24T02:18:00Z,shipment,-2,order,ord_aur_00397,operations
tenant_aura,imv_aur_0000916,wh_aur_west,prd_aur_015,2026-08-21T03:08:00Z,shipment,-3,order,ord_aur_00399,operations
tenant_aura,imv_aur_0000917,wh_aur_east,prd_aur_001,2026-09-15T03:51:00Z,shipment,-3,order,ord_aur_00401,operations
tenant_aura,imv_aur_0000918,wh_aur_east,prd_aur_020,2026-09-13T17:51:00Z,shipment,-1,order,ord_aur_00401,operations
tenant_aura,imv_aur_0000919,wh_aur_west,prd_aur_025,2026-09-09T03:20:00Z,shipment,-3,order,ord_aur_00402,operations
tenant_aura,imv_aur_0000920,wh_aur_west,prd_aur_046,2026-09-08T20:20:00Z,shipment,-2,order,ord_aur_00402,operations
tenant_aura,imv_aur_0000921,wh_aur_east,prd_aur_045,2026-08-29T08:46:00Z,shipment,-1,order,ord_aur_00403,operations
tenant_aura,imv_aur_0000922,wh_aur_east,prd_aur_042,2026-08-29T05:46:00Z,shipment,-1,order,ord_aur_00403,operations
tenant_aura,imv_aur_0000923,wh_aur_west,prd_aur_013,2026-09-13T14:21:00Z,shipment,-1,order,ord_aur_00405,operations
tenant_aura,imv_aur_0000924,wh_aur_west,prd_aur_013,2026-09-21T14:21:00Z,return,1,order,ord_aur_00405,operations
tenant_aura,imv_aur_0000925,wh_aur_west,prd_aur_016,2026-09-13T05:21:00Z,shipment,-2,order,ord_aur_00405,operations
tenant_aura,imv_aur_0000926,wh_aur_west,prd_aur_016,2026-09-16T05:21:00Z,return,2,order,ord_aur_00405,operations
tenant_aura,imv_aur_0000927,wh_aur_west,prd_aur_006,2026-09-13T14:21:00Z,shipment,-3,order,ord_aur_00405,operations
tenant_aura,imv_aur_0000928,wh_aur_west,prd_aur_006,2026-09-20T14:21:00Z,return,3,order,ord_aur_00405,operations
tenant_aura,imv_aur_0000929,wh_aur_east,prd_aur_033,2026-08-25T06:29:00Z,shipment,-4,order,ord_aur_00406,operations
tenant_aura,imv_aur_0000930,wh_aur_east,prd_aur_020,2026-09-07T09:46:00Z,shipment,-1,order,ord_aur_00407,operations
tenant_aura,imv_aur_0000931,wh_aur_east,prd_aur_045,2026-09-08T17:46:00Z,shipment,-1,order,ord_aur_00407,operations
tenant_aura,imv_aur_0000932,wh_aur_east,prd_aur_029,2026-09-07T04:46:00Z,shipment,-2,order,ord_aur_00407,operations
tenant_aura,imv_aur_0000933,wh_aur_east,prd_aur_011,2026-09-17T01:18:00Z,shipment,-1,order,ord_aur_00408,operations
tenant_aura,imv_aur_0000934,wh_aur_central,prd_aur_015,2026-09-21T02:32:00Z,shipment,-2,order,ord_aur_00409,operations
tenant_aura,imv_aur_0000935,wh_aur_central,prd_aur_005,2026-08-27T18:45:00Z,shipment,-1,order,ord_aur_00410,operations
tenant_aura,imv_aur_0000936,wh_aur_central,prd_aur_005,2026-09-03T18:45:00Z,return,1,order,ord_aur_00410,operations
tenant_aura,imv_aur_0000937,wh_aur_central,prd_aur_041,2026-08-28T16:45:00Z,shipment,-1,order,ord_aur_00410,operations
tenant_aura,imv_aur_0000938,wh_aur_central,prd_aur_041,2026-09-03T16:45:00Z,return,1,order,ord_aur_00410,operations
tenant_aura,imv_aur_0000939,wh_aur_central,prd_aur_030,2026-08-29T12:45:00Z,shipment,-1,order,ord_aur_00410,operations
tenant_aura,imv_aur_0000940,wh_aur_central,prd_aur_030,2026-09-03T12:45:00Z,return,1,order,ord_aur_00410,operations
tenant_aura,imv_aur_0000941,wh_aur_central,prd_aur_028,2026-08-14T16:57:00Z,shipment,-2,order,ord_aur_00411,operations
tenant_aura,imv_aur_0000942,wh_aur_central,prd_aur_003,2026-08-15T18:57:00Z,shipment,-1,order,ord_aur_00411,operations
tenant_aura,imv_aur_0000943,wh_aur_central,prd_aur_043,2026-08-14T17:57:00Z,shipment,-1,order,ord_aur_00411,operations
tenant_aura,imv_aur_0000944,wh_aur_central,prd_aur_011,2026-08-14T02:57:00Z,shipment,-2,order,ord_aur_00411,operations
tenant_aura,imv_aur_0000945,wh_aur_central,prd_aur_014,2026-09-20T15:22:00Z,shipment,-1,order,ord_aur_00412,operations
tenant_aura,imv_aur_0000946,wh_aur_central,prd_aur_030,2026-09-20T15:22:00Z,shipment,-1,order,ord_aur_00412,operations
tenant_aura,imv_aur_0000947,wh_aur_east,prd_aur_032,2026-09-15T03:34:00Z,shipment,-2,order,ord_aur_00414,operations
tenant_aura,imv_aur_0000948,wh_aur_east,prd_aur_010,2026-09-15T12:34:00Z,shipment,-1,order,ord_aur_00414,operations
tenant_aura,imv_aur_0000949,wh_aur_east,prd_aur_025,2026-09-15T05:34:00Z,shipment,-3,order,ord_aur_00414,operations
tenant_aura,imv_aur_0000950,wh_aur_east,prd_aur_033,2026-08-13T12:20:00Z,shipment,-4,order,ord_aur_00415,operations
tenant_aura,imv_aur_0000951,wh_aur_east,prd_aur_008,2026-08-13T10:20:00Z,shipment,-1,order,ord_aur_00415,operations
tenant_aura,imv_aur_0000952,wh_aur_central,prd_aur_048,2026-09-13T21:57:00Z,shipment,-2,order,ord_aur_00416,operations
tenant_aura,imv_aur_0000953,wh_aur_central,prd_aur_019,2026-09-13T15:57:00Z,shipment,-1,order,ord_aur_00416,operations
tenant_aura,imv_aur_0000954,wh_aur_east,prd_aur_022,2026-08-25T15:18:00Z,shipment,-1,order,ord_aur_00417,operations
tenant_aura,imv_aur_0000955,wh_aur_central,prd_aur_044,2026-09-09T11:43:00Z,shipment,-1,order,ord_aur_00418,operations
tenant_aura,imv_aur_0000956,wh_aur_central,prd_aur_045,2026-09-09T18:43:00Z,shipment,-1,order,ord_aur_00418,operations
tenant_aura,imv_aur_0000957,wh_aur_central,prd_aur_042,2026-09-02T05:31:00Z,shipment,-1,order,ord_aur_00419,operations
tenant_aura,imv_aur_0000958,wh_aur_west,prd_aur_002,2026-09-07T08:11:00Z,shipment,-2,order,ord_aur_00420,operations
tenant_aura,imv_aur_0000959,wh_aur_west,prd_aur_002,2026-09-14T08:11:00Z,return,2,order,ord_aur_00420,operations
tenant_aura,imv_aur_0000960,wh_aur_west,prd_aur_050,2026-09-07T09:11:00Z,shipment,-2,order,ord_aur_00420,operations
tenant_aura,imv_aur_0000961,wh_aur_west,prd_aur_050,2026-09-10T09:11:00Z,return,2,order,ord_aur_00420,operations
tenant_aura,imv_aur_0000962,wh_aur_west,prd_aur_017,2026-09-07T07:11:00Z,shipment,-4,order,ord_aur_00420,operations
tenant_aura,imv_aur_0000963,wh_aur_west,prd_aur_017,2026-09-11T07:11:00Z,return,4,order,ord_aur_00420,operations
tenant_aura,imv_aur_0000964,wh_aur_central,prd_aur_001,2026-08-27T22:10:00Z,shipment,-3,order,ord_aur_00421,operations
tenant_aura,imv_aur_0000965,wh_aur_central,prd_aur_010,2026-08-27T14:10:00Z,shipment,-1,order,ord_aur_00421,operations
tenant_aura,imv_aur_0000966,wh_aur_central,prd_aur_049,2026-08-27T06:10:00Z,shipment,-1,order,ord_aur_00421,operations
tenant_aura,imv_aur_0000967,wh_aur_east,prd_aur_009,2026-09-10T21:06:00Z,shipment,-1,order,ord_aur_00422,operations
tenant_aura,imv_aur_0000968,wh_aur_west,prd_aur_044,2026-08-13T08:03:00Z,shipment,-2,order,ord_aur_00423,operations
tenant_aura,imv_aur_0000969,wh_aur_west,prd_aur_014,2026-08-15T03:03:00Z,shipment,-2,order,ord_aur_00423,operations
tenant_aura,imv_aur_0000970,wh_aur_central,prd_aur_050,2026-08-13T06:54:00Z,shipment,-2,order,ord_aur_00424,operations
tenant_aura,imv_aur_0000971,wh_aur_central,prd_aur_024,2026-08-14T10:54:00Z,shipment,-1,order,ord_aur_00424,operations
tenant_aura,imv_aur_0000972,wh_aur_central,prd_aur_001,2026-09-07T03:20:00Z,shipment,-1,order,ord_aur_00425,operations
tenant_aura,imv_aur_0000973,wh_aur_central,prd_aur_011,2026-08-16T16:40:00Z,shipment,-3,order,ord_aur_00426,operations
tenant_aura,imv_aur_0000974,wh_aur_central,prd_aur_015,2026-08-18T14:40:00Z,shipment,-1,order,ord_aur_00426,operations
tenant_aura,imv_aur_0000975,wh_aur_west,prd_aur_009,2026-08-15T18:30:00Z,shipment,-1,order,ord_aur_00427,operations
tenant_aura,imv_aur_0000976,wh_aur_west,prd_aur_035,2026-08-16T11:30:00Z,shipment,-4,order,ord_aur_00427,operations
tenant_aura,imv_aur_0000977,wh_aur_west,prd_aur_027,2026-08-17T09:36:00Z,shipment,-3,order,ord_aur_00428,operations
tenant_aura,imv_aur_0000978,wh_aur_west,prd_aur_016,2026-08-18T06:36:00Z,shipment,-2,order,ord_aur_00428,operations
tenant_aura,imv_aur_0000979,wh_aur_central,prd_aur_007,2026-08-20T10:19:00Z,shipment,-1,order,ord_aur_00429,operations
tenant_aura,imv_aur_0000980,wh_aur_east,prd_aur_006,2026-09-13T17:23:00Z,shipment,-3,order,ord_aur_00430,operations
tenant_aura,imv_aur_0000981,wh_aur_east,prd_aur_006,2026-09-21T17:23:00Z,return,3,order,ord_aur_00430,operations
tenant_aura,imv_aur_0000982,wh_aur_east,prd_aur_029,2026-09-13T16:23:00Z,shipment,-1,order,ord_aur_00430,operations
tenant_aura,imv_aur_0000983,wh_aur_east,prd_aur_029,2026-09-19T16:23:00Z,return,1,order,ord_aur_00430,operations
tenant_aura,imv_aur_0000984,wh_aur_west,prd_aur_038,2026-09-13T14:58:00Z,shipment,-2,order,ord_aur_00431,operations
tenant_aura,imv_aur_0000985,wh_aur_west,prd_aur_007,2026-09-11T14:58:00Z,shipment,-2,order,ord_aur_00431,operations
tenant_aura,imv_aur_0000986,wh_aur_west,prd_aur_016,2026-09-01T02:12:00Z,shipment,-4,order,ord_aur_00432,operations
tenant_aura,imv_aur_0000987,wh_aur_west,prd_aur_032,2026-08-30T00:12:00Z,shipment,-1,order,ord_aur_00432,operations
tenant_aura,imv_aur_0000988,wh_aur_central,prd_aur_019,2026-08-21T17:07:00Z,shipment,-2,order,ord_aur_00433,operations
tenant_aura,imv_aur_0000989,wh_aur_central,prd_aur_014,2026-08-23T16:07:00Z,shipment,-2,order,ord_aur_00433,operations
tenant_aura,imv_aur_0000990,wh_aur_central,prd_aur_007,2026-08-23T17:07:00Z,shipment,-1,order,ord_aur_00433,operations
tenant_aura,imv_aur_0000991,wh_aur_central,prd_aur_022,2026-08-23T08:07:00Z,shipment,-3,order,ord_aur_00433,operations
tenant_aura,imv_aur_0000992,wh_aur_east,prd_aur_013,2026-08-17T06:55:00Z,shipment,-1,order,ord_aur_00434,operations
tenant_aura,imv_aur_0000993,wh_aur_east,prd_aur_033,2026-08-18T18:55:00Z,shipment,-2,order,ord_aur_00434,operations
tenant_aura,imv_aur_0000994,wh_aur_east,prd_aur_008,2026-08-18T13:55:00Z,shipment,-1,order,ord_aur_00434,operations
tenant_aura,imv_aur_0000995,wh_aur_east,prd_aur_007,2026-08-18T08:55:00Z,shipment,-1,order,ord_aur_00434,operations
tenant_aura,imv_aur_0000996,wh_aur_west,prd_aur_027,2026-09-20T19:16:00Z,shipment,-1,order,ord_aur_00436,operations
tenant_aura,imv_aur_0000997,wh_aur_west,prd_aur_012,2026-09-19T22:16:00Z,shipment,-1,order,ord_aur_00436,operations
tenant_aura,imv_aur_0000998,wh_aur_west,prd_aur_039,2026-09-19T14:16:00Z,shipment,-1,order,ord_aur_00436,operations
tenant_aura,imv_aur_0000999,wh_aur_east,prd_aur_038,2026-08-22T04:53:00Z,shipment,-4,order,ord_aur_00437,operations
tenant_aura,imv_aur_0001000,wh_aur_east,prd_aur_014,2026-08-20T22:53:00Z,shipment,-1,order,ord_aur_00437,operations
tenant_aura,imv_aur_0001001,wh_aur_east,prd_aur_018,2026-09-18T08:27:00Z,shipment,-1,order,ord_aur_00438,operations
tenant_aura,imv_aur_0001002,wh_aur_central,prd_aur_018,2026-09-21T12:29:00Z,shipment,-1,order,ord_aur_00439,operations
tenant_aura,imv_aur_0001003,wh_aur_central,prd_aur_042,2026-09-20T00:29:00Z,shipment,-3,order,ord_aur_00439,operations
tenant_aura,imv_aur_0001004,wh_aur_west,prd_aur_005,2026-09-16T16:56:00Z,shipment,-2,order,ord_aur_00440,operations
tenant_aura,imv_aur_0001005,wh_aur_west,prd_aur_002,2026-09-17T12:56:00Z,shipment,-1,order,ord_aur_00440,operations
tenant_aura,imv_aur_0001006,wh_aur_west,prd_aur_017,2026-09-15T20:15:00Z,shipment,-2,order,ord_aur_00441,operations
tenant_aura,imv_aur_0001007,wh_aur_west,prd_aur_036,2026-09-15T13:15:00Z,shipment,-1,order,ord_aur_00441,operations
tenant_aura,imv_aur_0001008,wh_aur_east,prd_aur_017,2026-09-16T21:12:00Z,shipment,-2,order,ord_aur_00443,operations
tenant_aura,imv_aur_0001009,wh_aur_central,prd_aur_033,2026-08-19T10:31:00Z,shipment,-2,order,ord_aur_00444,operations
tenant_aura,imv_aur_0001010,wh_aur_central,prd_aur_002,2026-09-15T03:58:00Z,shipment,-2,order,ord_aur_00445,operations
tenant_aura,imv_aur_0001011,wh_aur_central,prd_aur_002,2026-09-21T23:59:59Z,return,2,order,ord_aur_00445,operations
tenant_aura,imv_aur_0001012,wh_aur_central,prd_aur_039,2026-09-15T13:58:00Z,shipment,-2,order,ord_aur_00445,operations
tenant_aura,imv_aur_0001013,wh_aur_central,prd_aur_039,2026-09-19T13:58:00Z,return,2,order,ord_aur_00445,operations
tenant_aura,imv_aur_0001014,wh_aur_central,prd_aur_021,2026-08-18T00:10:00Z,shipment,-1,order,ord_aur_00446,operations
tenant_aura,imv_aur_0001015,wh_aur_east,prd_aur_041,2026-08-28T23:29:00Z,shipment,-3,order,ord_aur_00447,operations
tenant_aura,imv_aur_0001016,wh_aur_central,prd_aur_009,2026-09-09T04:41:00Z,shipment,-2,order,ord_aur_00448,operations
tenant_aura,imv_aur_0001017,wh_aur_east,prd_aur_047,2026-08-30T08:54:00Z,shipment,-2,order,ord_aur_00449,operations
tenant_aura,imv_aur_0001018,wh_aur_east,prd_aur_047,2026-09-04T08:54:00Z,return,2,order,ord_aur_00449,operations
tenant_aura,imv_aur_0001019,wh_aur_east,prd_aur_025,2026-08-31T21:54:00Z,shipment,-1,order,ord_aur_00449,operations
tenant_aura,imv_aur_0001020,wh_aur_east,prd_aur_025,2026-09-08T21:54:00Z,return,1,order,ord_aur_00449,operations
tenant_aura,imv_aur_0001021,wh_aur_east,prd_aur_021,2026-08-23T09:15:00Z,shipment,-3,order,ord_aur_00450,operations
tenant_aura,imv_aur_0001022,wh_aur_east,prd_aur_009,2026-08-22T09:15:00Z,shipment,-2,order,ord_aur_00450,operations
tenant_aura,imv_aur_0001023,wh_aur_east,prd_aur_038,2026-09-13T01:27:00Z,shipment,-2,order,ord_aur_00453,operations
tenant_aura,imv_aur_0001024,wh_aur_east,prd_aur_028,2026-09-13T15:27:00Z,shipment,-2,order,ord_aur_00453,operations
tenant_aura,imv_aur_0001025,wh_aur_east,prd_aur_024,2026-09-11T04:27:00Z,shipment,-1,order,ord_aur_00453,operations
tenant_aura,imv_aur_0001026,wh_aur_east,prd_aur_040,2026-08-31T01:59:00Z,shipment,-1,order,ord_aur_00454,operations
tenant_aura,imv_aur_0001027,wh_aur_east,prd_aur_030,2026-09-02T00:59:00Z,shipment,-1,order,ord_aur_00454,operations
tenant_aura,imv_aur_0001028,wh_aur_west,prd_aur_046,2026-08-23T16:26:00Z,shipment,-1,order,ord_aur_00455,operations
tenant_aura,imv_aur_0001029,wh_aur_west,prd_aur_022,2026-08-24T15:26:00Z,shipment,-2,order,ord_aur_00455,operations
tenant_aura,imv_aur_0001030,wh_aur_west,prd_aur_017,2026-08-23T10:26:00Z,shipment,-1,order,ord_aur_00455,operations
tenant_aura,imv_aur_0001031,wh_aur_west,prd_aur_047,2026-09-06T05:25:00Z,shipment,-2,order,ord_aur_00457,operations
tenant_aura,imv_aur_0001032,wh_aur_west,prd_aur_036,2026-09-06T21:25:00Z,shipment,-2,order,ord_aur_00457,operations
tenant_aura,imv_aur_0001033,wh_aur_west,prd_aur_022,2026-09-07T15:25:00Z,shipment,-2,order,ord_aur_00457,operations
tenant_aura,imv_aur_0001034,wh_aur_central,prd_aur_042,2026-08-28T20:41:00Z,shipment,-1,order,ord_aur_00458,operations
tenant_aura,imv_aur_0001035,wh_aur_central,prd_aur_042,2026-09-02T20:41:00Z,return,1,order,ord_aur_00458,operations
tenant_aura,imv_aur_0001036,wh_aur_central,prd_aur_013,2026-08-18T16:37:00Z,shipment,-4,order,ord_aur_00460,operations
tenant_aura,imv_aur_0001037,wh_aur_central,prd_aur_007,2026-08-19T17:37:00Z,shipment,-2,order,ord_aur_00460,operations
tenant_aura,imv_aur_0001038,wh_aur_east,prd_aur_020,2026-08-31T16:31:00Z,shipment,-4,order,ord_aur_00461,operations
tenant_aura,imv_aur_0001039,wh_aur_east,prd_aur_036,2026-09-02T00:31:00Z,shipment,-3,order,ord_aur_00461,operations
tenant_aura,imv_aur_0001040,wh_aur_east,prd_aur_017,2026-09-01T02:31:00Z,shipment,-1,order,ord_aur_00461,operations
tenant_aura,imv_aur_0001041,wh_aur_east,prd_aur_028,2026-08-31T07:31:00Z,shipment,-4,order,ord_aur_00461,operations
tenant_aura,imv_aur_0001042,wh_aur_central,prd_aur_015,2026-08-31T00:09:00Z,shipment,-3,order,ord_aur_00462,operations
tenant_aura,imv_aur_0001043,wh_aur_central,prd_aur_003,2026-08-30T21:09:00Z,shipment,-3,order,ord_aur_00462,operations
tenant_aura,imv_aur_0001044,wh_aur_east,prd_aur_006,2026-08-30T22:24:00Z,shipment,-3,order,ord_aur_00463,operations
tenant_aura,imv_aur_0001045,wh_aur_east,prd_aur_016,2026-09-08T09:51:00Z,shipment,-1,order,ord_aur_00464,operations
tenant_aura,imv_aur_0001046,wh_aur_east,prd_aur_016,2026-09-14T09:51:00Z,return,1,order,ord_aur_00464,operations
tenant_aura,imv_aur_0001047,wh_aur_central,prd_aur_013,2026-08-20T22:08:00Z,shipment,-2,order,ord_aur_00465,operations
tenant_aura,imv_aur_0001048,wh_aur_west,prd_aur_005,2026-09-05T18:56:00Z,shipment,-2,order,ord_aur_00466,operations
tenant_aura,imv_aur_0001049,wh_aur_central,prd_aur_047,2026-08-15T10:39:00Z,shipment,-1,order,ord_aur_00467,operations
tenant_aura,imv_aur_0001050,wh_aur_east,prd_aur_024,2026-09-05T06:34:00Z,shipment,-2,order,ord_aur_00469,operations
tenant_aura,imv_aur_0001051,wh_aur_east,prd_aur_018,2026-09-04T02:34:00Z,shipment,-1,order,ord_aur_00469,operations
tenant_aura,imv_aur_0001052,wh_aur_east,prd_aur_043,2026-09-05T05:34:00Z,shipment,-2,order,ord_aur_00469,operations
tenant_aura,imv_aur_0001053,wh_aur_east,prd_aur_003,2026-09-05T03:34:00Z,shipment,-2,order,ord_aur_00469,operations
tenant_aura,imv_aur_0001054,wh_aur_central,prd_aur_049,2026-08-16T15:23:00Z,shipment,-2,order,ord_aur_00470,operations
tenant_aura,imv_aur_0001055,wh_aur_central,prd_aur_040,2026-08-14T17:23:00Z,shipment,-2,order,ord_aur_00470,operations
tenant_aura,imv_aur_0001056,wh_aur_central,prd_aur_042,2026-08-15T07:23:00Z,shipment,-1,order,ord_aur_00470,operations
tenant_aura,imv_aur_0001057,wh_aur_east,prd_aur_014,2026-08-16T03:25:00Z,shipment,-3,order,ord_aur_00471,operations
tenant_aura,imv_aur_0001058,wh_aur_east,prd_aur_010,2026-08-16T13:25:00Z,shipment,-2,order,ord_aur_00471,operations
tenant_aura,imv_aur_0001059,wh_aur_east,prd_aur_022,2026-08-15T18:25:00Z,shipment,-1,order,ord_aur_00471,operations
tenant_aura,imv_aur_0001060,wh_aur_central,prd_aur_026,2026-09-13T17:56:00Z,shipment,-2,order,ord_aur_00472,operations
tenant_aura,imv_aur_0001061,wh_aur_west,prd_aur_041,2026-09-02T04:28:00Z,shipment,-2,order,ord_aur_00473,operations
tenant_aura,imv_aur_0001062,wh_aur_west,prd_aur_042,2026-08-31T08:28:00Z,shipment,-1,order,ord_aur_00473,operations
tenant_aura,imv_aur_0001063,wh_aur_west,prd_aur_020,2026-08-31T21:28:00Z,shipment,-3,order,ord_aur_00473,operations
tenant_aura,imv_aur_0001064,wh_aur_central,prd_aur_024,2026-08-16T08:56:00Z,shipment,-1,order,ord_aur_00474,operations
tenant_aura,imv_aur_0001065,wh_aur_central,prd_aur_011,2026-08-16T19:56:00Z,shipment,-1,order,ord_aur_00474,operations
tenant_aura,imv_aur_0001066,wh_aur_west,prd_aur_044,2026-09-13T23:48:00Z,shipment,-1,order,ord_aur_00475,operations
tenant_aura,imv_aur_0001067,wh_aur_east,prd_aur_029,2026-08-15T09:20:00Z,shipment,-1,order,ord_aur_00476,operations
tenant_aura,imv_aur_0001068,wh_aur_east,prd_aur_036,2026-08-15T07:20:00Z,shipment,-1,order,ord_aur_00476,operations
tenant_aura,imv_aur_0001069,wh_aur_east,prd_aur_020,2026-08-15T14:20:00Z,shipment,-3,order,ord_aur_00476,operations
tenant_aura,imv_aur_0001070,wh_aur_west,prd_aur_002,2026-09-10T23:09:00Z,shipment,-1,order,ord_aur_00477,operations
tenant_aura,imv_aur_0001071,wh_aur_west,prd_aur_002,2026-08-21T05:06:00Z,shipment,-1,order,ord_aur_00478,operations
tenant_aura,imv_aur_0001072,wh_aur_west,prd_aur_035,2026-08-22T06:06:00Z,shipment,-1,order,ord_aur_00478,operations
tenant_aura,imv_aur_0001073,wh_aur_east,prd_aur_014,2026-08-21T21:08:00Z,shipment,-3,order,ord_aur_00479,operations
tenant_aura,imv_aur_0001074,wh_aur_east,prd_aur_031,2026-08-21T00:08:00Z,shipment,-2,order,ord_aur_00479,operations
tenant_aura,imv_aur_0001075,wh_aur_east,prd_aur_005,2026-08-21T01:08:00Z,shipment,-1,order,ord_aur_00479,operations
tenant_aura,imv_aur_0001076,wh_aur_east,prd_aur_043,2026-08-21T14:08:00Z,shipment,-1,order,ord_aur_00479,operations
tenant_aura,imv_aur_0001077,wh_aur_west,prd_aur_046,2026-09-03T20:22:00Z,shipment,-3,order,ord_aur_00480,operations
tenant_aura,imv_aur_0001078,wh_aur_west,prd_aur_023,2026-09-05T03:22:00Z,shipment,-1,order,ord_aur_00480,operations
tenant_aura,imv_aur_0001079,wh_aur_west,prd_aur_006,2026-09-04T09:22:00Z,shipment,-1,order,ord_aur_00480,operations
tenant_aura,imv_aur_0001080,wh_aur_west,prd_aur_032,2026-09-03T19:22:00Z,shipment,-1,order,ord_aur_00480,operations
tenant_aura,imv_aur_0001081,wh_aur_east,prd_aur_032,2026-09-12T03:12:00Z,shipment,-4,order,ord_aur_00481,operations
tenant_aura,imv_aur_0001082,wh_aur_east,prd_aur_004,2026-09-11T18:12:00Z,shipment,-4,order,ord_aur_00481,operations
tenant_aura,imv_aur_0001083,wh_aur_central,prd_aur_046,2026-09-02T01:51:00Z,shipment,-3,order,ord_aur_00482,operations
tenant_aura,imv_aur_0001084,wh_aur_central,prd_aur_017,2026-09-11T20:08:00Z,shipment,-2,order,ord_aur_00483,operations
tenant_aura,imv_aur_0001085,wh_aur_central,prd_aur_049,2026-09-12T12:08:00Z,shipment,-3,order,ord_aur_00483,operations
tenant_aura,imv_aur_0001086,wh_aur_central,prd_aur_032,2026-09-16T00:15:00Z,shipment,-1,order,ord_aur_00484,operations
tenant_aura,imv_aur_0001087,wh_aur_east,prd_aur_033,2026-08-13T19:48:00Z,shipment,-1,order,ord_aur_00485,operations
tenant_aura,imv_aur_0001088,wh_aur_east,prd_aur_041,2026-08-13T18:48:00Z,shipment,-2,order,ord_aur_00485,operations
tenant_aura,imv_aur_0001089,wh_aur_central,prd_aur_019,2026-08-31T14:17:00Z,shipment,-1,order,ord_aur_00486,operations
tenant_aura,imv_aur_0001090,wh_aur_central,prd_aur_008,2026-09-01T01:17:00Z,shipment,-2,order,ord_aur_00486,operations
tenant_aura,imv_aur_0001091,wh_aur_central,prd_aur_040,2026-08-31T15:17:00Z,shipment,-1,order,ord_aur_00486,operations
tenant_aura,imv_aur_0001092,wh_aur_east,prd_aur_048,2026-08-13T11:08:00Z,shipment,-1,order,ord_aur_00487,operations
tenant_aura,imv_aur_0001093,wh_aur_east,prd_aur_017,2026-08-14T03:08:00Z,shipment,-1,order,ord_aur_00487,operations
tenant_aura,imv_aur_0001094,wh_aur_east,prd_aur_028,2026-08-13T13:08:00Z,shipment,-3,order,ord_aur_00487,operations
tenant_aura,imv_aur_0001095,wh_aur_central,prd_aur_010,2026-09-06T13:28:00Z,shipment,-2,order,ord_aur_00488,operations
tenant_aura,imv_aur_0001096,wh_aur_central,prd_aur_022,2026-09-07T19:28:00Z,shipment,-1,order,ord_aur_00488,operations
tenant_aura,imv_aur_0001097,wh_aur_central,prd_aur_014,2026-09-20T06:26:00Z,shipment,-2,order,ord_aur_00490,operations
tenant_aura,imv_aur_0001098,wh_aur_central,prd_aur_045,2026-09-18T18:26:00Z,shipment,-2,order,ord_aur_00490,operations
tenant_aura,imv_aur_0001099,wh_aur_east,prd_aur_021,2026-08-31T09:33:00Z,shipment,-2,order,ord_aur_00491,operations
tenant_aura,imv_aur_0001100,wh_aur_east,prd_aur_024,2026-08-31T16:33:00Z,shipment,-3,order,ord_aur_00491,operations
tenant_aura,imv_aur_0001101,wh_aur_central,prd_aur_013,2026-09-05T00:08:00Z,shipment,-1,order,ord_aur_00493,operations
tenant_aura,imv_aur_0001102,wh_aur_west,prd_aur_015,2026-09-09T20:53:00Z,shipment,-1,order,ord_aur_00494,operations
tenant_aura,imv_aur_0001103,wh_aur_west,prd_aur_045,2026-08-13T07:33:00Z,shipment,-1,order,ord_aur_00495,operations
tenant_aura,imv_aur_0001104,wh_aur_west,prd_aur_012,2026-08-14T22:33:00Z,shipment,-3,order,ord_aur_00495,operations
tenant_aura,imv_aur_0001105,wh_aur_central,prd_aur_016,2026-08-25T14:14:00Z,shipment,-1,order,ord_aur_00496,operations
tenant_aura,imv_aur_0001106,wh_aur_west,prd_aur_044,2026-09-13T23:38:00Z,shipment,-2,order,ord_aur_00497,operations
tenant_aura,imv_aur_0001107,wh_aur_west,prd_aur_044,2026-09-21T23:38:00Z,return,2,order,ord_aur_00497,operations
tenant_aura,imv_aur_0001108,wh_aur_west,prd_aur_029,2026-09-13T18:38:00Z,shipment,-1,order,ord_aur_00497,operations
tenant_aura,imv_aur_0001109,wh_aur_west,prd_aur_029,2026-09-20T18:38:00Z,return,1,order,ord_aur_00497,operations
tenant_aura,imv_aur_0001110,wh_aur_central,prd_aur_033,2026-09-17T04:25:00Z,shipment,-1,order,ord_aur_00498,operations
tenant_aura,imv_aur_0001111,wh_aur_central,prd_aur_050,2026-09-17T23:25:00Z,shipment,-1,order,ord_aur_00498,operations
tenant_aura,imv_aur_0001112,wh_aur_east,prd_aur_010,2026-09-09T09:29:00Z,shipment,-1,order,ord_aur_00499,operations
tenant_aura,imv_aur_0001113,wh_aur_east,prd_aur_050,2026-09-13T06:59:00Z,shipment,-2,order,ord_aur_00500,operations
tenant_aura,imv_aur_0001114,wh_aur_east,prd_aur_034,2026-09-13T21:59:00Z,shipment,-1,order,ord_aur_00500,operations
