tenant_id,tracking_event_id,shipment_id,event_time,event_type,location_code,reason_code,event_source,raw_event_id,sensitivity
tenant_aura,tev_aur_0000001,shp_aur_000001,2026-08-23T05:39:00Z,picked_up,US-AUR-ORIGIN,,carrier_webhook,raw_aur_0000001,operations
tenant_aura,tev_aur_0000002,shp_aur_000001,2026-08-23T09:39:00Z,departed,US-AUR-HUB-01,,batch_manifest,raw_aur_0000002,operations
tenant_aura,tev_aur_0000003,shp_aur_000001,2026-08-26T05:39:00Z,delivered,US-AUR-DEST,,carrier_webhook,raw_aur_0000003,operations
tenant_aura,tev_aur_0000004,shp_aur_000002,2026-08-18T09:02:00Z,picked_up,US-AUR-ORIGIN,,carrier_webhook,raw_aur_0000004,operations
tenant_aura,tev_aur_0000005,shp_aur_000002,2026-08-18T13:02:00Z,departed,US-AUR-HUB-01,,batch_manifest,raw_aur_0000005,operations
tenant_aura,tev_aur_0000006,shp_aur_000002,2026-08-22T05:02:00Z,delay,US-AUR-HUB-02,carrier_capacity,carrier_webhook,raw_aur_0000006,operations
tenant_aura,tev_aur_0000007,shp_aur_000002,2026-08-22T22:02:00Z,delivered,US-AUR-DEST,,carrier_webhook,raw_aur_0000007,operations
tenant_aura,tev_aur_0000008,shp_aur_000003,2026-09-04T08:01:00Z,picked_up,US-AUR-ORIGIN,,carrier_webhook,raw_aur_0000008,operations
tenant_aura,tev_aur_0000009,shp_aur_000003,2026-09-04T12:01:00Z,departed,US-AUR-HUB-01,,batch_manifest,raw_aur_0000009,operations
tenant_aura,tev_aur_0000010,shp_aur_000003,2026-09-05T20:01:00Z,delivered,US-AUR-DEST,,carrier_webhook,raw_aur_0000010,operations
tenant_aura,tev_aur_0000011,shp_aur_000004,2026-09-10T16:10:00Z,picked_up,US-AUR-ORIGIN,,carrier_webhook,raw_aur_0000011,operations
tenant_aura,tev_aur_0000012,shp_aur_000004,2026-09-10T20:10:00Z,departed,US-AUR-HUB-01,,batch_manifest,raw_aur_0000012,operations
tenant_aura,tev_aur_0000013,shp_aur_000004,2026-09-11T12:10:00Z,arrived,US-AUR-HUB-02,,carrier_webhook,raw_aur_0000013,operations
tenant_aura,tev_aur_0000014,shp_aur_000005,2026-09-15T17:38:00Z,picked_up,US-AUR-ORIGIN,,carrier_webhook,raw_aur_0000014,operations
tenant_aura,tev_aur_0000015,shp_aur_000005,2026-09-15T21:38:00Z,departed,US-AUR-HUB-01,,batch_manifest,raw_aur_0000015,operations
tenant_aura,tev_aur_0000016,shp_aur_000005,2026-09-18T17:38:00Z,delivered,US-AUR-DEST,,carrier_webhook,raw_aur_0000016,operations
tenant_aura,tev_aur_0000017,shp_aur_000006,2026-08-27T07:03:00Z,picked_up,US-AUR-ORIGIN,,carrier_webhook,raw_aur_0000017,operations
tenant_aura,tev_aur_0000018,shp_aur_000006,2026-08-27T11:03:00Z,departed,US-AUR-HUB-01,,batch_manifest,raw_aur_0000018,operations
tenant_aura,tev_aur_0000019,shp_aur_000006,2026-08-31T01:03:00Z,delivered,US-AUR-DEST,,carrier_webhook,raw_aur_0000019,operations
tenant_aura,tev_aur_0000020,shp_aur_000007,2026-09-06T04:28:00Z,picked_up,US-AUR-ORIGIN,,carrier_webhook,raw_aur_0000020,operations
tenant_aura,tev_aur_0000021,shp_aur_000007,2026-09-06T08:28:00Z,departed,US-AUR-HUB-01,,batch_manifest,raw_aur_0000021,operations
tenant_aura,tev_aur_0000022,shp_aur_000007,2026-09-09T04:28:00Z,delivered,US-AUR-DEST,,carrier_webhook,raw_aur_0000022,operations
tenant_aura,tev_aur_0000023,shp_aur_000008,2026-08-15T11:13:00Z,picked_up,US-AUR-ORIGIN,,carrier_webhook,raw_aur_0000023,operations
tenant_aura,tev_aur_0000024,shp_aur_000008,2026-08-15T15:13:00Z,departed,US-AUR-HUB-01,,batch_manifest,raw_aur_0000024,operations
tenant_aura,tev_aur_0000025,shp_aur_000008,2026-08-16T23:13:00Z,delivered,US-AUR-DEST,,carrier_webhook,raw_aur_0000025,operations
tenant_aura,tev_aur_0000026,shp_aur_000009,2026-09-07T23:12:00Z,picked_up,US-AUR-ORIGIN,,carrier_webhook,raw_aur_0000026,operations
tenant_aura,tev_aur_0000027,shp_aur_000009,2026-09-08T03:12:00Z,departed,US-AUR-HUB-01,,batch_manifest,raw_aur_0000027,operations
tenant_aura,tev_aur_0000028,shp_aur_000009,2026-09-10T23:12:00Z,delivered,US-AUR-DEST,,carrier_webhook,raw_aur_0000028,operations
tenant_aura,tev_aur_0000029,shp_aur_000010,2026-09-20T12:22:00Z,picked_up,US-AUR-ORIGIN,,carrier_webhook,raw_aur_0000029,operations
tenant_aura,tev_aur_0000030,shp_aur_000010,2026-09-20T16:22:00Z,departed,US-AUR-HUB-01,,batch_manifest,raw_aur_0000030,operations
tenant_aura,tev_aur_0000031,shp_aur_000010,2026-09-21T23:59:59Z,delivered,US-AUR-DEST,,carrier_webhook,raw_aur_0000031,operations
tenant_aura,tev_aur_0000032,shp_aur_000011,2026-08-17T22:48:00Z,picked_up,US-AUR-ORIGIN,,carrier_webhook,raw_aur_0000032,operations
tenant_aura,tev_aur_0000033,shp_aur_000011,2026-08-18T02:48:00Z,departed,US-AUR-HUB-01,,batch_manifest,raw_aur_0000033,operations
tenant_aura,tev_aur_0000034,shp_aur_000011,2026-08-21T18:48:00Z,delay,US-AUR-HUB-02,sortation_error,carrier_webhook,raw_aur_0000034,operations
tenant_aura,tev_aur_0000035,shp_aur_000011,2026-08-24T06:48:00Z,delivered,US-AUR-DEST,,carrier_webhook,raw_aur_0000035,operations
tenant_aura,tev_aur_0000036,shp_aur_000012,2026-08-28T16:35:00Z,picked_up,US-AUR-ORIGIN,,carrier_webhook,raw_aur_0000036,operations
tenant_aura,tev_aur_0000037,shp_aur_000012,2026-08-28T20:35:00Z,departed,US-AUR-HUB-01,,batch_manifest,raw_aur_0000037,operations
tenant_aura,tev_aur_0000038,shp_aur_000012,2026-08-30T04:35:00Z,delivered,US-AUR-DEST,,carrier_webhook,raw_aur_0000038,operations
tenant_aura,tev_aur_0000039,shp_aur_000013,2026-09-05T05:42:00Z,picked_up,US-AUR-ORIGIN,,carrier_webhook,raw_aur_0000039,operations
tenant_aura,tev_aur_0000040,shp_aur_000013,2026-09-05T09:42:00Z,departed,US-AUR-HUB-01,,batch_manifest,raw_aur_0000040,operations
tenant_aura,tev_aur_0000041,shp_aur_000013,2026-09-09T01:42:00Z,delay,US-AUR-HUB-02,address_issue,carrier_webhook,raw_aur_0000041,operations
tenant_aura,tev_aur_0000042,shp_aur_000014,2026-09-09T22:08:00Z,picked_up,US-AUR-ORIGIN,,carrier_webhook,raw_aur_0000042,operations
tenant_aura,tev_aur_0000043,shp_aur_000014,2026-09-10T02:08:00Z,departed,US-AUR-HUB-01,,batch_manifest,raw_aur_0000043,operations
tenant_aura,tev_aur_0000044,shp_aur_000014,2026-09-11T18:08:00Z,delay,US-AUR-HUB-02,sortation_error,carrier_webhook,raw_aur_0000044,operations
tenant_aura,tev_aur_0000045,shp_aur_000014,2026-09-13T15:08:00Z,delivered,US-AUR-DEST,,carrier_webhook,raw_aur_0000045,operations
tenant_aura,tev_aur_0000046,shp_aur_000015,2026-09-12T00:49:00Z,picked_up,US-AUR-ORIGIN,,carrier_webhook,raw_aur_0000046,operations
tenant_aura,tev_aur_0000047,shp_aur_000015,2026-09-12T04:49:00Z,departed,US-AUR-HUB-01,,batch_manifest,raw_aur_0000047,operations
tenant_aura,tev_aur_0000048,shp_aur_000015,2026-09-15T00:49:00Z,delivered,US-AUR-DEST,,carrier_webhook,raw_aur_0000048,operations
tenant_aura,tev_aur_0000049,shp_aur_000016,2026-08-17T05:43:00Z,picked_up,US-AUR-ORIGIN,,carrier_webhook,raw_aur_0000049,operations
tenant_aura,tev_aur_0000050,shp_aur_000016,2026-08-17T09:43:00Z,departed,US-AUR-HUB-01,,batch_manifest,raw_aur_0000050,operations
tenant_aura,tev_aur_0000051,shp_aur_000016,2026-08-20T05:43:00Z,delivered,US-AUR-DEST,,carrier_webhook,raw_aur_0000051,operations
tenant_aura,tev_aur_0000052,shp_aur_000017,2026-09-08T06:11:00Z,picked_up,US-AUR-ORIGIN,,carrier_webhook,raw_aur_0000052,operations
tenant_aura,tev_aur_0000053,shp_aur_000017,2026-09-08T10:11:00Z,departed,US-AUR-HUB-01,,batch_manifest,raw_aur_0000053,operations
tenant_aura,tev_aur_0000054,shp_aur_000017,2026-09-09T02:11:00Z,arrived,US-AUR-HUB-02,,carrier_webhook,raw_aur_0000054,operations
tenant_aura,tev_aur_0000055,shp_aur_000018,2026-08-24T14:50:00Z,picked_up,US-AUR-ORIGIN,,carrier_webhook,raw_aur_0000055,operations
tenant_aura,tev_aur_0000056,shp_aur_000018,2026-08-24T18:50:00Z,departed,US-AUR-HUB-01,,batch_manifest,raw_aur_0000056,operations
tenant_aura,tev_aur_0000057,shp_aur_000018,2026-08-28T10:50:00Z,delay,US-AUR-HUB-02,carrier_capacity,carrier_webhook,raw_aur_0000057,operations
tenant_aura,tev_aur_0000058,shp_aur_000018,2026-08-30T14:50:00Z,delivered,US-AUR-DEST,,carrier_webhook,raw_aur_0000058,operations
tenant_aura,tev_aur_0000059,shp_aur_000019,2026-09-09T04:40:00Z,picked_up,US-AUR-ORIGIN,,carrier_webhook,raw_aur_0000059,operations
tenant_aura,tev_aur_0000060,shp_aur_000019,2026-09-09T08:40:00Z,departed,US-AUR-HUB-01,,batch_manifest,raw_aur_0000060,operations
tenant_aura,tev_aur_0000061,shp_aur_000019,2026-09-10T16:40:00Z,delivered,US-AUR-DEST,,carrier_webhook,raw_aur_0000061,operations
tenant_aura,tev_aur_0000062,shp_aur_000020,2026-09-04T15:01:00Z,picked_up,US-AUR-ORIGIN,,carrier_webhook,raw_aur_0000062,operations
tenant_aura,tev_aur_0000063,shp_aur_000020,2026-09-04T19:01:00Z,departed,US-AUR-HUB-01,,batch_manifest,raw_aur_0000063,operations
tenant_aura,tev_aur_0000064,shp_aur_000020,2026-09-06T11:01:00Z,delay,US-AUR-HUB-02,address_issue,carrier_webhook,raw_aur_0000064,operations
tenant_aura,tev_aur_0000065,shp_aur_000021,2026-08-29T21:05:00Z,picked_up,US-AUR-ORIGIN,,carrier_webhook,raw_aur_0000065,operations
tenant_aura,tev_aur_0000066,shp_aur_000021,2026-08-30T01:05:00Z,departed,US-AUR-HUB-01,,batch_manifest,raw_aur_0000066,operations
tenant_aura,tev_aur_0000067,shp_aur_000021,2026-08-31T17:05:00Z,delay,US-AUR-HUB-02,sortation_error,carrier_webhook,raw_aur_0000067,operations
tenant_aura,tev_aur_0000068,shp_aur_000022,2026-08-15T16:06:00Z,picked_up,US-AUR-ORIGIN,,carrier_webhook,raw_aur_0000068,operations
tenant_aura,tev_aur_0000069,shp_aur_000022,2026-08-15T20:06:00Z,departed,US-AUR-HUB-01,,batch_manifest,raw_aur_0000069,operations
tenant_aura,tev_aur_0000070,shp_aur_000022,2026-08-19T10:06:00Z,delivered,US-AUR-DEST,,carrier_webhook,raw_aur_0000070,operations
tenant_aura,tev_aur_0000071,shp_aur_000023,2026-09-13T05:23:00Z,picked_up,US-AUR-ORIGIN,,carrier_webhook,raw_aur_0000071,operations
tenant_aura,tev_aur_0000072,shp_aur_000023,2026-09-13T09:23:00Z,departed,US-AUR-HUB-01,,batch_manifest,raw_aur_0000072,operations
tenant_aura,tev_aur_0000073,shp_aur_000023,2026-09-16T23:23:00Z,delivered,US-AUR-DEST,,carrier_webhook,raw_aur_0000073,operations
tenant_aura,tev_aur_0000074,shp_aur_000024,2026-09-18T01:22:00Z,picked_up,US-AUR-ORIGIN,,carrier_webhook,raw_aur_0000074,operations
tenant_aura,tev_aur_0000075,shp_aur_000024,2026-09-18T05:22:00Z,departed,US-AUR-HUB-01,,batch_manifest,raw_aur_0000075,operations
tenant_aura,tev_aur_0000076,shp_aur_000024,2026-09-19T13:22:00Z,delivered,US-AUR-DEST,,carrier_webhook,raw_aur_0000076,operations
tenant_aura,tev_aur_0000077,shp_aur_000025,2026-09-11T10:19:00Z,picked_up,US-AUR-ORIGIN,,carrier_webhook,raw_aur_0000077,operations
tenant_aura,tev_aur_0000078,shp_aur_000025,2026-09-11T14:19:00Z,departed,US-AUR-HUB-01,,batch_manifest,raw_aur_0000078,operations
tenant_aura,tev_aur_0000079,shp_aur_000025,2026-09-12T06:19:00Z,arrived,US-AUR-HUB-02,,carrier_webhook,raw_aur_0000079,operations
tenant_aura,tev_aur_0000080,shp_aur_000026,2026-09-16T19:25:00Z,picked_up,US-AUR-ORIGIN,,carrier_webhook,raw_aur_0000080,operations
tenant_aura,tev_aur_0000081,shp_aur_000026,2026-09-16T23:25:00Z,departed,US-AUR-HUB-01,,batch_manifest,raw_aur_0000081,operations
tenant_aura,tev_aur_0000082,shp_aur_000026,2026-09-20T13:25:00Z,delivered,US-AUR-DEST,,carrier_webhook,raw_aur_0000082,operations
tenant_aura,tev_aur_0000083,shp_aur_000027,2026-09-19T16:12:00Z,picked_up,US-AUR-ORIGIN,,carrier_webhook,raw_aur_0000083,operations
tenant_aura,tev_aur_0000084,shp_aur_000027,2026-09-19T20:12:00Z,departed,US-AUR-HUB-01,,batch_manifest,raw_aur_0000084,operations
tenant_aura,tev_aur_0000085,shp_aur_000027,2026-09-20T12:12:00Z,arrived,US-AUR-HUB-02,,carrier_webhook,raw_aur_0000085,operations
tenant_aura,tev_aur_0000086,shp_aur_000028,2026-09-13T06:02:00Z,picked_up,US-AUR-ORIGIN,,carrier_webhook,raw_aur_0000086,operations
tenant_aura,tev_aur_0000087,shp_aur_000028,2026-09-13T10:02:00Z,departed,US-AUR-HUB-01,,batch_manifest,raw_aur_0000087,operations
tenant_aura,tev_aur_0000088,shp_aur_000028,2026-09-17T02:02:00Z,delay,US-AUR-HUB-02,carrier_capacity,carrier_webhook,raw_aur_0000088,operations
tenant_aura,tev_aur_0000089,shp_aur_000028,2026-09-19T14:02:00Z,delivered,US-AUR-DEST,,carrier_webhook,raw_aur_0000089,operations
tenant_aura,tev_aur_0000090,shp_aur_000029,2026-08-27T16:12:00Z,picked_up,US-AUR-ORIGIN,,carrier_webhook,raw_aur_0000090,operations
tenant_aura,tev_aur_0000091,shp_aur_000029,2026-08-27T20:12:00Z,departed,US-AUR-HUB-01,,batch_manifest,raw_aur_0000091,operations
tenant_aura,tev_aur_0000092,shp_aur_000029,2026-08-30T16:12:00Z,delivered,US-AUR-DEST,,carrier_webhook,raw_aur_0000092,operations
tenant_aura,tev_aur_0000093,shp_aur_000030,2026-09-11T06:45:00Z,picked_up,US-AUR-ORIGIN,,carrier_webhook,raw_aur_0000093,operations
tenant_aura,tev_aur_0000094,shp_aur_000030,2026-09-11T10:45:00Z,departed,US-AUR-HUB-01,,batch_manifest,raw_aur_0000094,operations
tenant_aura,tev_aur_0000095,shp_aur_000030,2026-09-12T02:45:00Z,arrived,US-AUR-HUB-02,,carrier_webhook,raw_aur_0000095,operations
tenant_aura,tev_aur_0000096,shp_aur_000031,2026-08-17T23:33:00Z,picked_up,US-AUR-ORIGIN,,carrier_webhook,raw_aur_0000096,operations
tenant_aura,tev_aur_0000097,shp_aur_000031,2026-08-18T03:33:00Z,departed,US-AUR-HUB-01,,batch_manifest,raw_aur_0000097,operations
tenant_aura,tev_aur_0000098,shp_aur_000031,2026-08-21T19:33:00Z,delay,US-AUR-HUB-02,address_issue,carrier_webhook,raw_aur_0000098,operations
tenant_aura,tev_aur_0000099,shp_aur_000031,2026-08-22T22:33:00Z,delivered,US-AUR-DEST,,carrier_webhook,raw_aur_0000099,operations
tenant_aura,tev_aur_0000100,shp_aur_000032,2026-09-12T11:41:00Z,picked_up,US-AUR-ORIGIN,,carrier_webhook,raw_aur_0000100,operations
tenant_aura,tev_aur_0000101,shp_aur_000032,2026-09-12T15:41:00Z,departed,US-AUR-HUB-01,,batch_manifest,raw_aur_0000101,operations
tenant_aura,tev_aur_0000102,shp_aur_000032,2026-09-13T23:41:00Z,delivered,US-AUR-DEST,,carrier_webhook,raw_aur_0000102,operations
tenant_aura,tev_aur_0000103,shp_aur_000033,2026-08-12T02:57:00Z,picked_up,US-AUR-ORIGIN,,carrier_webhook,raw_aur_0000103,operations
tenant_aura,tev_aur_0000104,shp_aur_000033,2026-08-12T06:57:00Z,departed,US-AUR-HUB-01,,batch_manifest,raw_aur_0000104,operations
tenant_aura,tev_aur_0000105,shp_aur_000033,2026-08-15T02:57:00Z,delivered,US-AUR-DEST,,carrier_webhook,raw_aur_0000105,operations
tenant_aura,tev_aur_0000106,shp_aur_000034,2026-08-25T09:16:00Z,picked_up,US-AUR-ORIGIN,,carrier_webhook,raw_aur_0000106,operations
tenant_aura,tev_aur_0000107,shp_aur_000034,2026-08-25T13:16:00Z,departed,US-AUR-HUB-01,,batch_manifest,raw_aur_0000107,operations
tenant_aura,tev_aur_0000108,shp_aur_000034,2026-08-29T03:16:00Z,delivered,US-AUR-DEST,,carrier_webhook,raw_aur_0000108,operations
tenant_aura,tev_aur_0000109,shp_aur_000035,2026-08-18T10:11:00Z,picked_up,US-AUR-ORIGIN,,carrier_webhook,raw_aur_0000109,operations
tenant_aura,tev_aur_0000110,shp_aur_000035,2026-08-18T14:11:00Z,departed,US-AUR-HUB-01,,batch_manifest,raw_aur_0000110,operations
tenant_aura,tev_aur_0000111,shp_aur_000035,2026-08-21T10:11:00Z,delivered,US-AUR-DEST,,carrier_webhook,raw_aur_0000111,operations
tenant_aura,tev_aur_0000112,shp_aur_000036,2026-09-19T07:26:00Z,picked_up,US-AUR-ORIGIN,,carrier_webhook,raw_aur_0000112,operations
tenant_aura,tev_aur_0000113,shp_aur_000036,2026-09-19T11:26:00Z,departed,US-AUR-HUB-01,,batch_manifest,raw_aur_0000113,operations
tenant_aura,tev_aur_0000114,shp_aur_000036,2026-09-21T23:59:59Z,delivered,US-AUR-DEST,,carrier_webhook,raw_aur_0000114,operations
tenant_aura,tev_aur_0000115,shp_aur_000037,2026-09-14T05:31:00Z,picked_up,US-AUR-ORIGIN,,carrier_webhook,raw_aur_0000115,operations
tenant_aura,tev_aur_0000116,shp_aur_000037,2026-09-14T09:31:00Z,departed,US-AUR-HUB-01,,batch_manifest,raw_aur_0000116,operations
tenant_aura,tev_aur_0000117,shp_aur_000037,2026-09-19T01:31:00Z,delay,US-AUR-HUB-02,carrier_capacity,carrier_webhook,raw_aur_0000117,operations
tenant_aura,tev_aur_0000118,shp_aur_000037,2026-09-21T08:31:00Z,delivered,US-AUR-DEST,,carrier_webhook,raw_aur_0000118,operations
tenant_aura,tev_aur_0000119,shp_aur_000038,2026-08-12T05:06:00Z,picked_up,US-AUR-ORIGIN,,carrier_webhook,raw_aur_0000119,operations
tenant_aura,tev_aur_0000120,shp_aur_000038,2026-08-12T09:06:00Z,departed,US-AUR-HUB-01,,batch_manifest,raw_aur_0000120,operations
tenant_aura,tev_aur_0000121,shp_aur_000038,2026-08-16T01:06:00Z,delay,US-AUR-HUB-02,weather,carrier_webhook,raw_aur_0000121,operations
tenant_aura,tev_aur_0000122,shp_aur_000038,2026-08-17T07:06:00Z,delivered,US-AUR-DEST,,carrier_webhook,raw_aur_0000122,operations
tenant_aura,tev_aur_0000123,shp_aur_000039,2026-08-12T10:27:00Z,picked_up,US-AUR-ORIGIN,,carrier_webhook,raw_aur_0000123,operations
tenant_aura,tev_aur_0000124,shp_aur_000039,2026-08-12T14:27:00Z,departed,US-AUR-HUB-01,,batch_manifest,raw_aur_0000124,operations
tenant_aura,tev_aur_0000125,shp_aur_000039,2026-08-13T06:27:00Z,arrived,US-AUR-HUB-02,,carrier_webhook,raw_aur_0000125,operations
tenant_aura,tev_aur_0000126,shp_aur_000040,2026-08-29T05:34:00Z,picked_up,US-AUR-ORIGIN,,carrier_webhook,raw_aur_0000126,operations
tenant_aura,tev_aur_0000127,shp_aur_000040,2026-08-29T09:34:00Z,departed,US-AUR-HUB-01,,batch_manifest,raw_aur_0000127,operations
tenant_aura,tev_aur_0000128,shp_aur_000040,2026-08-31T01:34:00Z,delay,US-AUR-HUB-02,address_issue,carrier_webhook,raw_aur_0000128,operations
tenant_aura,tev_aur_0000129,shp_aur_000040,2026-09-02T05:34:00Z,delivered,US-AUR-DEST,,carrier_webhook,raw_aur_0000129,operations
tenant_aura,tev_aur_0000130,shp_aur_000041,2026-09-09T05:21:00Z,picked_up,US-AUR-ORIGIN,,carrier_webhook,raw_aur_0000130,operations
tenant_aura,tev_aur_0000131,shp_aur_000041,2026-09-09T09:21:00Z,departed,US-AUR-HUB-01,,batch_manifest,raw_aur_0000131,operations
tenant_aura,tev_aur_0000132,shp_aur_000041,2026-09-12T05:21:00Z,delivered,US-AUR-DEST,,carrier_webhook,raw_aur_0000132,operations
tenant_aura,tev_aur_0000133,shp_aur_000042,2026-08-26T04:51:00Z,picked_up,US-AUR-ORIGIN,,carrier_webhook,raw_aur_0000133,operations
tenant_aura,tev_aur_0000134,shp_aur_000042,2026-08-26T08:51:00Z,departed,US-AUR-HUB-01,,batch_manifest,raw_aur_0000134,operations
tenant_aura,tev_aur_0000135,shp_aur_000042,2026-08-27T16:51:00Z,delivered,US-AUR-DEST,,carrier_webhook,raw_aur_0000135,operations
tenant_aura,tev_aur_0000136,shp_aur_000043,2026-08-20T08:53:00Z,picked_up,US-AUR-ORIGIN,,carrier_webhook,raw_aur_0000136,operations
tenant_aura,tev_aur_0000137,shp_aur_000043,2026-08-20T12:53:00Z,departed,US-AUR-HUB-01,,batch_manifest,raw_aur_0000137,operations
tenant_aura,tev_aur_0000138,shp_aur_000043,2026-08-23T08:53:00Z,delivered,US-AUR-DEST,,carrier_webhook,raw_aur_0000138,operations
tenant_aura,tev_aur_0000139,shp_aur_000044,2026-09-12T01:14:00Z,picked_up,US-AUR-ORIGIN,,carrier_webhook,raw_aur_0000139,operations
tenant_aura,tev_aur_0000140,shp_aur_000044,2026-09-12T05:14:00Z,departed,US-AUR-HUB-01,,batch_manifest,raw_aur_0000140,operations
tenant_aura,tev_aur_0000141,shp_aur_000044,2026-09-13T13:14:00Z,delivered,US-AUR-DEST,,carrier_webhook,raw_aur_0000141,operations
tenant_aura,tev_aur_0000142,shp_aur_000045,2026-09-13T23:03:00Z,picked_up,US-AUR-ORIGIN,,carrier_webhook,raw_aur_0000142,operations
tenant_aura,tev_aur_0000143,shp_aur_000045,2026-09-14T03:03:00Z,departed,US-AUR-HUB-01,,batch_manifest,raw_aur_0000143,operations
tenant_aura,tev_aur_0000144,shp_aur_000045,2026-09-16T23:03:00Z,delivered,US-AUR-DEST,,carrier_webhook,raw_aur_0000144,operations
tenant_aura,tev_aur_0000145,shp_aur_000046,2026-09-04T16:24:00Z,picked_up,US-AUR-ORIGIN,,carrier_webhook,raw_aur_0000145,operations
tenant_aura,tev_aur_0000146,shp_aur_000046,2026-09-04T20:24:00Z,departed,US-AUR-HUB-01,,batch_manifest,raw_aur_0000146,operations
tenant_aura,tev_aur_0000147,shp_aur_000046,2026-09-07T16:24:00Z,delivered,US-AUR-DEST,,carrier_webhook,raw_aur_0000147,operations
tenant_aura,tev_aur_0000148,shp_aur_000047,2026-08-15T01:39:00Z,picked_up,US-AUR-ORIGIN,,carrier_webhook,raw_aur_0000148,operations
tenant_aura,tev_aur_0000149,shp_aur_000047,2026-08-15T05:39:00Z,departed,US-AUR-HUB-01,,batch_manifest,raw_aur_0000149,operations
tenant_aura,tev_aur_0000150,shp_aur_000047,2026-08-18T01:39:00Z,delivered,US-AUR-DEST,,carrier_webhook,raw_aur_0000150,operations
tenant_aura,tev_aur_0000151,shp_aur_000048,2026-08-15T17:26:00Z,picked_up,US-AUR-ORIGIN,,carrier_webhook,raw_aur_0000151,operations
tenant_aura,tev_aur_0000152,shp_aur_000048,2026-08-15T21:26:00Z,departed,US-AUR-HUB-01,,batch_manifest,raw_aur_0000152,operations
tenant_aura,tev_aur_0000153,shp_aur_000048,2026-08-17T05:26:00Z,delivered,US-AUR-DEST,,carrier_webhook,raw_aur_0000153,operations
tenant_aura,tev_aur_0000154,shp_aur_000049,2026-09-11T18:22:00Z,picked_up,US-AUR-ORIGIN,,carrier_webhook,raw_aur_0000154,operations
tenant_aura,tev_aur_0000155,shp_aur_000049,2026-09-11T22:22:00Z,departed,US-AUR-HUB-01,,batch_manifest,raw_aur_0000155,operations
tenant_aura,tev_aur_0000156,shp_aur_000049,2026-09-16T14:22:00Z,delay,US-AUR-HUB-02,carrier_capacity,carrier_webhook,raw_aur_0000156,operations
tenant_aura,tev_aur_0000157,shp_aur_000049,2026-09-17T21:22:00Z,delivered,US-AUR-DEST,,carrier_webhook,raw_aur_0000157,operations
tenant_aura,tev_aur_0000158,shp_aur_000050,2026-09-10T23:10:00Z,picked_up,US-AUR-ORIGIN,,carrier_webhook,raw_aur_0000158,operations
tenant_aura,tev_aur_0000159,shp_aur_000050,2026-09-11T03:10:00Z,departed,US-AUR-HUB-01,,batch_manifest,raw_aur_0000159,operations
tenant_aura,tev_aur_0000160,shp_aur_000050,2026-09-12T11:10:00Z,delivered,US-AUR-DEST,,carrier_webhook,raw_aur_0000160,operations
tenant_aura,tev_aur_0000161,shp_aur_000051,2026-09-14T22:45:00Z,picked_up,US-AUR-ORIGIN,,carrier_webhook,raw_aur_0000161,operations
tenant_aura,tev_aur_0000162,shp_aur_000051,2026-09-15T02:45:00Z,departed,US-AUR-HUB-01,,batch_manifest,raw_aur_0000162,operations
tenant_aura,tev_aur_0000163,shp_aur_000051,2026-09-17T22:45:00Z,delivered,US-AUR-DEST,,carrier_webhook,raw_aur_0000163,operations
tenant_aura,tev_aur_0000164,shp_aur_000052,2026-09-19T08:01:00Z,picked_up,US-AUR-ORIGIN,,carrier_webhook,raw_aur_0000164,operations
tenant_aura,tev_aur_0000165,shp_aur_000052,2026-09-19T12:01:00Z,departed,US-AUR-HUB-01,,batch_manifest,raw_aur_0000165,operations
tenant_aura,tev_aur_0000166,shp_aur_000052,2026-09-21T23:59:59Z,delay,US-AUR-HUB-02,address_issue,carrier_webhook,raw_aur_0000166,operations
tenant_aura,tev_aur_0000167,shp_aur_000052,2026-09-21T23:59:59Z,delivered,US-AUR-DEST,,carrier_webhook,raw_aur_0000167,operations
tenant_aura,tev_aur_0000168,shp_aur_000053,2026-09-14T20:28:00Z,picked_up,US-AUR-ORIGIN,,carrier_webhook,raw_aur_0000168,operations
tenant_aura,tev_aur_0000169,shp_aur_000053,2026-09-15T00:28:00Z,departed,US-AUR-HUB-01,,batch_manifest,raw_aur_0000169,operations
tenant_aura,tev_aur_0000170,shp_aur_000053,2026-09-18T14:28:00Z,delivered,US-AUR-DEST,,carrier_webhook,raw_aur_0000170,operations
tenant_aura,tev_aur_0000171,shp_aur_000054,2026-08-29T22:15:00Z,picked_up,US-AUR-ORIGIN,,carrier_webhook,raw_aur_0000171,operations
tenant_aura,tev_aur_0000172,shp_aur_000054,2026-08-30T02:15:00Z,departed,US-AUR-HUB-01,,batch_manifest,raw_aur_0000172,operations
tenant_aura,tev_aur_0000173,shp_aur_000054,2026-09-02T18:15:00Z,delay,US-AUR-HUB-02,carrier_capacity,carrier_webhook,raw_aur_0000173,operations
tenant_aura,tev_aur_0000174,shp_aur_000054,2026-09-03T08:15:00Z,delivered,US-AUR-DEST,,carrier_webhook,raw_aur_0000174,operations
tenant_aura,tev_aur_0000175,shp_aur_000055,2026-08-15T01:53:00Z,picked_up,US-AUR-ORIGIN,,carrier_webhook,raw_aur_0000175,operations
tenant_aura,tev_aur_0000176,shp_aur_000055,2026-08-15T05:53:00Z,departed,US-AUR-HUB-01,,batch_manifest,raw_aur_0000176,operations
tenant_aura,tev_aur_0000177,shp_aur_000055,2026-08-18T19:53:00Z,delivered,US-AUR-DEST,,carrier_webhook,raw_aur_0000177,operations
tenant_aura,tev_aur_0000178,shp_aur_000056,2026-08-24T22:45:00Z,picked_up,US-AUR-ORIGIN,,carrier_webhook,raw_aur_0000178,operations
tenant_aura,tev_aur_0000179,shp_aur_000056,2026-08-25T02:45:00Z,departed,US-AUR-HUB-01,,batch_manifest,raw_aur_0000179,operations
tenant_aura,tev_aur_0000180,shp_aur_000056,2026-08-26T10:45:00Z,delivered,US-AUR-DEST,,carrier_webhook,raw_aur_0000180,operations
tenant_aura,tev_aur_0000181,shp_aur_000057,2026-09-17T19:09:00Z,picked_up,US-AUR-ORIGIN,,carrier_webhook,raw_aur_0000181,operations
tenant_aura,tev_aur_0000182,shp_aur_000057,2026-09-17T23:09:00Z,departed,US-AUR-HUB-01,,batch_manifest,raw_aur_0000182,operations
tenant_aura,tev_aur_0000183,shp_aur_000057,2026-09-20T19:09:00Z,delivered,US-AUR-DEST,,carrier_webhook,raw_aur_0000183,operations
tenant_aura,tev_aur_0000184,shp_aur_000058,2026-08-16T19:32:00Z,picked_up,US-AUR-ORIGIN,,carrier_webhook,raw_aur_0000184,operations
tenant_aura,tev_aur_0000185,shp_aur_000058,2026-08-16T23:32:00Z,departed,US-AUR-HUB-01,,batch_manifest,raw_aur_0000185,operations
tenant_aura,tev_aur_0000186,shp_aur_000058,2026-08-21T15:32:00Z,delay,US-AUR-HUB-02,carrier_capacity,carrier_webhook,raw_aur_0000186,operations
tenant_aura,tev_aur_0000187,shp_aur_000058,2026-08-24T06:32:00Z,delivered,US-AUR-DEST,,carrier_webhook,raw_aur_0000187,operations
tenant_aura,tev_aur_0000188,shp_aur_000059,2026-09-15T15:11:00Z,picked_up,US-AUR-ORIGIN,,carrier_webhook,raw_aur_0000188,operations
tenant_aura,tev_aur_0000189,shp_aur_000059,2026-09-15T19:11:00Z,departed,US-AUR-HUB-01,,batch_manifest,raw_aur_0000189,operations
tenant_aura,tev_aur_0000190,shp_aur_000059,2026-09-17T03:11:00Z,delivered,US-AUR-DEST,,carrier_webhook,raw_aur_0000190,operations
tenant_aura,tev_aur_0000191,shp_aur_000060,2026-08-24T20:54:00Z,picked_up,US-AUR-ORIGIN,,carrier_webhook,raw_aur_0000191,operations
tenant_aura,tev_aur_0000192,shp_aur_000060,2026-08-25T00:54:00Z,departed,US-AUR-HUB-01,,batch_manifest,raw_aur_0000192,operations
tenant_aura,tev_aur_0000193,shp_aur_000060,2026-08-27T20:54:00Z,delivered,US-AUR-DEST,,carrier_webhook,raw_aur_0000193,operations
tenant_aura,tev_aur_0000194,shp_aur_000061,2026-08-16T01:50:00Z,picked_up,US-AUR-ORIGIN,,carrier_webhook,raw_aur_0000194,operations
tenant_aura,tev_aur_0000195,shp_aur_000061,2026-08-16T05:50:00Z,departed,US-AUR-HUB-01,,batch_manifest,raw_aur_0000195,operations
tenant_aura,tev_aur_0000196,shp_aur_000061,2026-08-19T01:50:00Z,delivered,US-AUR-DEST,,carrier_webhook,raw_aur_0000196,operations
tenant_aura,tev_aur_0000197,shp_aur_000062,2026-08-18T23:53:00Z,picked_up,US-AUR-ORIGIN,,carrier_webhook,raw_aur_0000197,operations
tenant_aura,tev_aur_0000198,shp_aur_000062,2026-08-19T03:53:00Z,departed,US-AUR-HUB-01,,batch_manifest,raw_aur_0000198,operations
tenant_aura,tev_aur_0000199,shp_aur_000062,2026-08-20T11:53:00Z,delivered,US-AUR-DEST,,carrier_webhook,raw_aur_0000199,operations
tenant_aura,tev_aur_0000200,shp_aur_000063,2026-08-18T23:01:00Z,picked_up,US-AUR-ORIGIN,,carrier_webhook,raw_aur_0000200,operations
tenant_aura,tev_aur_0000201,shp_aur_000063,2026-08-19T03:01:00Z,departed,US-AUR-HUB-01,,batch_manifest,raw_aur_0000201,operations
tenant_aura,tev_aur_0000202,shp_aur_000063,2026-08-20T11:01:00Z,delivered,US-AUR-DEST,,carrier_webhook,raw_aur_0000202,operations
tenant_aura,tev_aur_0000203,shp_aur_000064,2026-08-26T06:35:00Z,picked_up,US-AUR-ORIGIN,,carrier_webhook,raw_aur_0000203,operations
tenant_aura,tev_aur_0000204,shp_aur_000064,2026-08-26T10:35:00Z,departed,US-AUR-HUB-01,,batch_manifest,raw_aur_0000204,operations
tenant_aura,tev_aur_0000205,shp_aur_000064,2026-08-27T02:35:00Z,arrived,US-AUR-HUB-02,,carrier_webhook,raw_aur_0000205,operations
tenant_aura,tev_aur_0000206,shp_aur_000065,2026-09-07T09:35:00Z,picked_up,US-AUR-ORIGIN,,carrier_webhook,raw_aur_0000206,operations
tenant_aura,tev_aur_0000207,shp_aur_000065,2026-09-07T13:35:00Z,departed,US-AUR-HUB-01,,batch_manifest,raw_aur_0000207,operations
tenant_aura,tev_aur_0000208,shp_aur_000065,2026-09-11T03:35:00Z,delivered,US-AUR-DEST,,carrier_webhook,raw_aur_0000208,operations
tenant_aura,tev_aur_0000209,shp_aur_000066,2026-09-05T06:19:00Z,picked_up,US-AUR-ORIGIN,,carrier_webhook,raw_aur_0000209,operations
tenant_aura,tev_aur_0000210,shp_aur_000066,2026-09-05T10:19:00Z,departed,US-AUR-HUB-01,,batch_manifest,raw_aur_0000210,operations
tenant_aura,tev_aur_0000211,shp_aur_000066,2026-09-10T02:19:00Z,delay,US-AUR-HUB-02,address_issue,carrier_webhook,raw_aur_0000211,operations
tenant_aura,tev_aur_0000212,shp_aur_000066,2026-09-11T16:19:00Z,delivered,US-AUR-DEST,,carrier_webhook,raw_aur_0000212,operations
tenant_aura,tev_aur_0000213,shp_aur_000067,2026-09-01T19:24:00Z,picked_up,US-AUR-ORIGIN,,carrier_webhook,raw_aur_0000213,operations
tenant_aura,tev_aur_0000214,shp_aur_000067,2026-09-01T23:24:00Z,departed,US-AUR-HUB-01,,batch_manifest,raw_aur_0000214,operations
tenant_aura,tev_aur_0000215,shp_aur_000067,2026-09-05T13:24:00Z,delivered,US-AUR-DEST,,carrier_webhook,raw_aur_0000215,operations
tenant_aura,tev_aur_0000216,shp_aur_000068,2026-08-29T19:21:00Z,picked_up,US-AUR-ORIGIN,,carrier_webhook,raw_aur_0000216,operations
tenant_aura,tev_aur_0000217,shp_aur_000068,2026-08-29T23:21:00Z,departed,US-AUR-HUB-01,,batch_manifest,raw_aur_0000217,operations
tenant_aura,tev_aur_0000218,shp_aur_000068,2026-08-31T15:21:00Z,delay,US-AUR-HUB-02,carrier_capacity,carrier_webhook,raw_aur_0000218,operations
tenant_aura,tev_aur_0000219,shp_aur_000068,2026-09-02T16:21:00Z,delivered,US-AUR-DEST,,carrier_webhook,raw_aur_0000219,operations
tenant_aura,tev_aur_0000220,shp_aur_000069,2026-08-14T19:29:00Z,picked_up,US-AUR-ORIGIN,,carrier_webhook,raw_aur_0000220,operations
tenant_aura,tev_aur_0000221,shp_aur_000069,2026-08-14T23:29:00Z,departed,US-AUR-HUB-01,,batch_manifest,raw_aur_0000221,operations
tenant_aura,tev_aur_0000222,shp_aur_000069,2026-08-17T19:29:00Z,delivered,US-AUR-DEST,,carrier_webhook,raw_aur_0000222,operations
tenant_aura,tev_aur_0000223,shp_aur_000070,2026-09-08T12:37:00Z,picked_up,US-AUR-ORIGIN,,carrier_webhook,raw_aur_0000223,operations
tenant_aura,tev_aur_0000224,shp_aur_000070,2026-09-08T16:37:00Z,departed,US-AUR-HUB-01,,batch_manifest,raw_aur_0000224,operations
tenant_aura,tev_aur_0000225,shp_aur_000070,2026-09-10T00:37:00Z,delivered,US-AUR-DEST,,carrier_webhook,raw_aur_0000225,operations
tenant_aura,tev_aur_0000226,shp_aur_000071,2026-08-19T09:11:00Z,picked_up,US-AUR-ORIGIN,,carrier_webhook,raw_aur_0000226,operations
tenant_aura,tev_aur_0000227,shp_aur_000071,2026-08-19T13:11:00Z,departed,US-AUR-HUB-01,,batch_manifest,raw_aur_0000227,operations
tenant_aura,tev_aur_0000228,shp_aur_000071,2026-08-22T09:11:00Z,delivered,US-AUR-DEST,,carrier_webhook,raw_aur_0000228,operations
tenant_aura,tev_aur_0000229,shp_aur_000072,2026-09-12T20:16:00Z,picked_up,US-AUR-ORIGIN,,carrier_webhook,raw_aur_0000229,operations
tenant_aura,tev_aur_0000230,shp_aur_000072,2026-09-13T00:16:00Z,departed,US-AUR-HUB-01,,batch_manifest,raw_aur_0000230,operations
tenant_aura,tev_aur_0000231,shp_aur_000072,2026-09-17T16:16:00Z,delay,US-AUR-HUB-02,address_issue,carrier_webhook,raw_aur_0000231,operations
tenant_aura,tev_aur_0000232,shp_aur_000073,2026-08-18T23:09:00Z,picked_up,US-AUR-ORIGIN,,carrier_webhook,raw_aur_0000232,operations
tenant_aura,tev_aur_0000233,shp_aur_000073,2026-08-19T03:09:00Z,departed,US-AUR-HUB-01,,batch_manifest,raw_aur_0000233,operations
tenant_aura,tev_aur_0000234,shp_aur_000073,2026-08-20T11:09:00Z,delivered,US-AUR-DEST,,carrier_webhook,raw_aur_0000234,operations
tenant_aura,tev_aur_0000235,shp_aur_000074,2026-08-21T10:32:00Z,picked_up,US-AUR-ORIGIN,,carrier_webhook,raw_aur_0000235,operations
tenant_aura,tev_aur_0000236,shp_aur_000074,2026-08-21T14:32:00Z,departed,US-AUR-HUB-01,,batch_manifest,raw_aur_0000236,operations
tenant_aura,tev_aur_0000237,shp_aur_000074,2026-08-22T06:32:00Z,arrived,US-AUR-HUB-02,,carrier_webhook,raw_aur_0000237,operations
tenant_aura,tev_aur_0000238,shp_aur_000075,2026-09-02T16:00:00Z,picked_up,US-AUR-ORIGIN,,carrier_webhook,raw_aur_0000238,operations
tenant_aura,tev_aur_0000239,shp_aur_000075,2026-09-02T20:00:00Z,departed,US-AUR-HUB-01,,batch_manifest,raw_aur_0000239,operations
tenant_aura,tev_aur_0000240,shp_aur_000075,2026-09-03T12:00:00Z,arrived,US-AUR-HUB-02,,carrier_webhook,raw_aur_0000240,operations
tenant_aura,tev_aur_0000241,shp_aur_000076,2026-09-15T01:20:00Z,picked_up,US-AUR-ORIGIN,,carrier_webhook,raw_aur_0000241,operations
tenant_aura,tev_aur_0000242,shp_aur_000076,2026-09-15T05:20:00Z,departed,US-AUR-HUB-01,,batch_manifest,raw_aur_0000242,operations
tenant_aura,tev_aur_0000243,shp_aur_000076,2026-09-18T19:20:00Z,delivered,US-AUR-DEST,,carrier_webhook,raw_aur_0000243,operations
tenant_aura,tev_aur_0000244,shp_aur_000077,2026-08-17T21:18:00Z,picked_up,US-AUR-ORIGIN,,carrier_webhook,raw_aur_0000244,operations
tenant_aura,tev_aur_0000245,shp_aur_000077,2026-08-18T01:18:00Z,departed,US-AUR-HUB-01,,batch_manifest,raw_aur_0000245,operations
tenant_aura,tev_aur_0000246,shp_aur_000077,2026-08-19T09:18:00Z,delivered,US-AUR-DEST,,carrier_webhook,raw_aur_0000246,operations
tenant_aura,tev_aur_0000247,shp_aur_000078,2026-09-12T20:56:00Z,picked_up,US-AUR-ORIGIN,,carrier_webhook,raw_aur_0000247,operations
tenant_aura,tev_aur_0000248,shp_aur_000078,2026-09-13T00:56:00Z,departed,US-AUR-HUB-01,,batch_manifest,raw_aur_0000248,operations
tenant_aura,tev_aur_0000249,shp_aur_000078,2026-09-15T20:56:00Z,delivered,US-AUR-DEST,,carrier_webhook,raw_aur_0000249,operations
tenant_aura,tev_aur_0000250,shp_aur_000079,2026-09-07T07:01:00Z,picked_up,US-AUR-ORIGIN,,carrier_webhook,raw_aur_0000250,operations
tenant_aura,tev_aur_0000251,shp_aur_000079,2026-09-07T11:01:00Z,departed,US-AUR-HUB-01,,batch_manifest,raw_aur_0000251,operations
tenant_aura,tev_aur_0000252,shp_aur_000079,2026-09-08T19:01:00Z,delivered,US-AUR-DEST,,carrier_webhook,raw_aur_0000252,operations
tenant_aura,tev_aur_0000253,shp_aur_000080,2026-09-01T11:49:00Z,picked_up,US-AUR-ORIGIN,,carrier_webhook,raw_aur_0000253,operations
tenant_aura,tev_aur_0000254,shp_aur_000080,2026-09-01T15:49:00Z,departed,US-AUR-HUB-01,,batch_manifest,raw_aur_0000254,operations
tenant_aura,tev_aur_0000255,shp_aur_000080,2026-09-04T11:49:00Z,delivered,US-AUR-DEST,,carrier_webhook,raw_aur_0000255,operations
tenant_aura,tev_aur_0000256,shp_aur_000081,2026-08-20T12:55:00Z,picked_up,US-AUR-ORIGIN,,carrier_webhook,raw_aur_0000256,operations
tenant_aura,tev_aur_0000257,shp_aur_000081,2026-08-20T16:55:00Z,departed,US-AUR-HUB-01,,batch_manifest,raw_aur_0000257,operations
tenant_aura,tev_aur_0000258,shp_aur_000081,2026-08-23T12:55:00Z,delivered,US-AUR-DEST,,carrier_webhook,raw_aur_0000258,operations
tenant_aura,tev_aur_0000259,shp_aur_000082,2026-09-06T17:24:00Z,picked_up,US-AUR-ORIGIN,,carrier_webhook,raw_aur_0000259,operations
tenant_aura,tev_aur_0000260,shp_aur_000082,2026-09-06T21:24:00Z,departed,US-AUR-HUB-01,,batch_manifest,raw_aur_0000260,operations
tenant_aura,tev_aur_0000261,shp_aur_000082,2026-09-09T17:24:00Z,delivered,US-AUR-DEST,,carrier_webhook,raw_aur_0000261,operations
tenant_aura,tev_aur_0000262,shp_aur_000083,2026-08-13T01:26:00Z,picked_up,US-AUR-ORIGIN,,carrier_webhook,raw_aur_0000262,operations
tenant_aura,tev_aur_0000263,shp_aur_000083,2026-08-13T05:26:00Z,departed,US-AUR-HUB-01,,batch_manifest,raw_aur_0000263,operations
tenant_aura,tev_aur_0000264,shp_aur_000083,2026-08-16T19:26:00Z,delivered,US-AUR-DEST,,carrier_webhook,raw_aur_0000264,operations
tenant_aura,tev_aur_0000265,shp_aur_000084,2026-08-31T09:38:00Z,picked_up,US-AUR-ORIGIN,,carrier_webhook,raw_aur_0000265,operations
tenant_aura,tev_aur_0000266,shp_aur_000084,2026-08-31T13:38:00Z,departed,US-AUR-HUB-01,,batch_manifest,raw_aur_0000266,operations
tenant_aura,tev_aur_0000267,shp_aur_000084,2026-09-01T21:38:00Z,delivered,US-AUR-DEST,,carrier_webhook,raw_aur_0000267,operations
tenant_aura,tev_aur_0000268,shp_aur_000085,2026-08-22T14:05:00Z,picked_up,US-AUR-ORIGIN,,carrier_webhook,raw_aur_0000268,operations
tenant_aura,tev_aur_0000269,shp_aur_000085,2026-08-22T18:05:00Z,departed,US-AUR-HUB-01,,batch_manifest,raw_aur_0000269,operations
tenant_aura,tev_aur_0000270,shp_aur_000085,2026-08-26T10:05:00Z,delay,US-AUR-HUB-02,address_issue,carrier_webhook,raw_aur_0000270,operations
tenant_aura,tev_aur_0000271,shp_aur_000085,2026-08-27T00:05:00Z,delivered,US-AUR-DEST,,carrier_webhook,raw_aur_0000271,operations
tenant_aura,tev_aur_0000272,shp_aur_000086,2026-08-29T17:29:00Z,picked_up,US-AUR-ORIGIN,,carrier_webhook,raw_aur_0000272,operations
tenant_aura,tev_aur_0000273,shp_aur_000086,2026-08-29T21:29:00Z,departed,US-AUR-HUB-01,,batch_manifest,raw_aur_0000273,operations
tenant_aura,tev_aur_0000274,shp_aur_000086,2026-09-02T11:29:00Z,delivered,US-AUR-DEST,,carrier_webhook,raw_aur_0000274,operations
tenant_aura,tev_aur_0000275,shp_aur_000087,2026-08-26T19:12:00Z,picked_up,US-AUR-ORIGIN,,carrier_webhook,raw_aur_0000275,operations
tenant_aura,tev_aur_0000276,shp_aur_000087,2026-08-26T23:12:00Z,departed,US-AUR-HUB-01,,batch_manifest,raw_aur_0000276,operations
tenant_aura,tev_aur_0000277,shp_aur_000087,2026-08-28T07:12:00Z,delivered,US-AUR-DEST,,carrier_webhook,raw_aur_0000277,operations
tenant_aura,tev_aur_0000278,shp_aur_000088,2026-09-03T23:01:00Z,picked_up,US-AUR-ORIGIN,,carrier_webhook,raw_aur_0000278,operations
tenant_aura,tev_aur_0000279,shp_aur_000088,2026-09-04T03:01:00Z,departed,US-AUR-HUB-01,,batch_manifest,raw_aur_0000279,operations
tenant_aura,tev_aur_0000280,shp_aur_000088,2026-09-05T11:01:00Z,delivered,US-AUR-DEST,,carrier_webhook,raw_aur_0000280,operations
tenant_aura,tev_aur_0000281,shp_aur_000089,2026-08-27T04:52:00Z,picked_up,US-AUR-ORIGIN,,carrier_webhook,raw_aur_0000281,operations
tenant_aura,tev_aur_0000282,shp_aur_000089,2026-08-27T08:52:00Z,departed,US-AUR-HUB-01,,batch_manifest,raw_aur_0000282,operations
tenant_aura,tev_aur_0000283,shp_aur_000089,2026-08-28T16:52:00Z,delivered,US-AUR-DEST,,carrier_webhook,raw_aur_0000283,operations
tenant_aura,tev_aur_0000284,shp_aur_000090,2026-09-06T19:44:00Z,picked_up,US-AUR-ORIGIN,,carrier_webhook,raw_aur_0000284,operations
tenant_aura,tev_aur_0000285,shp_aur_000090,2026-09-06T23:44:00Z,departed,US-AUR-HUB-01,,batch_manifest,raw_aur_0000285,operations
tenant_aura,tev_aur_0000286,shp_aur_000090,2026-09-07T15:44:00Z,arrived,US-AUR-HUB-02,,carrier_webhook,raw_aur_0000286,operations
tenant_aura,tev_aur_0000287,shp_aur_000091,2026-08-23T12:02:00Z,picked_up,US-AUR-ORIGIN,,carrier_webhook,raw_aur_0000287,operations
tenant_aura,tev_aur_0000288,shp_aur_000091,2026-08-23T16:02:00Z,departed,US-AUR-HUB-01,,batch_manifest,raw_aur_0000288,operations
tenant_aura,tev_aur_0000289,shp_aur_000091,2026-08-26T12:02:00Z,delivered,US-AUR-DEST,,carrier_webhook,raw_aur_0000289,operations
tenant_aura,tev_aur_0000290,shp_aur_000092,2026-09-18T06:48:00Z,picked_up,US-AUR-ORIGIN,,carrier_webhook,raw_aur_0000290,operations
tenant_aura,tev_aur_0000291,shp_aur_000092,2026-09-18T10:48:00Z,departed,US-AUR-HUB-01,,batch_manifest,raw_aur_0000291,operations
tenant_aura,tev_aur_0000292,shp_aur_000092,2026-09-21T23:59:59Z,delivered,US-AUR-DEST,,carrier_webhook,raw_aur_0000292,operations
tenant_aura,tev_aur_0000293,shp_aur_000093,2026-08-22T02:20:00Z,picked_up,US-AUR-ORIGIN,,carrier_webhook,raw_aur_0000293,operations
tenant_aura,tev_aur_0000294,shp_aur_000093,2026-08-22T06:20:00Z,departed,US-AUR-HUB-01,,batch_manifest,raw_aur_0000294,operations
tenant_aura,tev_aur_0000295,shp_aur_000093,2026-08-25T20:20:00Z,delivered,US-AUR-DEST,,carrier_webhook,raw_aur_0000295,operations
tenant_aura,tev_aur_0000296,shp_aur_000094,2026-09-02T02:03:00Z,picked_up,US-AUR-ORIGIN,,carrier_webhook,raw_aur_0000296,operations
tenant_aura,tev_aur_0000297,shp_aur_000094,2026-09-02T06:03:00Z,departed,US-AUR-HUB-01,,batch_manifest,raw_aur_0000297,operations
tenant_aura,tev_aur_0000298,shp_aur_000094,2026-09-05T20:03:00Z,delivered,US-AUR-DEST,,carrier_webhook,raw_aur_0000298,operations
tenant_aura,tev_aur_0000299,shp_aur_000095,2026-09-17T06:24:00Z,picked_up,US-AUR-ORIGIN,,carrier_webhook,raw_aur_0000299,operations
tenant_aura,tev_aur_0000300,shp_aur_000095,2026-09-17T10:24:00Z,departed,US-AUR-HUB-01,,batch_manifest,raw_aur_0000300,operations
tenant_aura,tev_aur_0000301,shp_aur_000095,2026-09-19T02:24:00Z,delay,US-AUR-HUB-02,weather,carrier_webhook,raw_aur_0000301,operations
tenant_aura,tev_aur_0000302,shp_aur_000095,2026-09-20T01:24:00Z,delivered,US-AUR-DEST,,carrier_webhook,raw_aur_0000302,operations
tenant_aura,tev_aur_0000303,shp_aur_000096,2026-09-01T08:16:00Z,picked_up,US-AUR-ORIGIN,,carrier_webhook,raw_aur_0000303,operations
tenant_aura,tev_aur_0000304,shp_aur_000096,2026-09-01T12:16:00Z,departed,US-AUR-HUB-01,,batch_manifest,raw_aur_0000304,operations
tenant_aura,tev_aur_0000305,shp_aur_000096,2026-09-02T20:16:00Z,delivered,US-AUR-DEST,,carrier_webhook,raw_aur_0000305,operations
tenant_aura,tev_aur_0000306,shp_aur_000097,2026-08-12T02:18:00Z,picked_up,US-AUR-ORIGIN,,carrier_webhook,raw_aur_0000306,operations
tenant_aura,tev_aur_0000307,shp_aur_000097,2026-08-12T06:18:00Z,departed,US-AUR-HUB-01,,batch_manifest,raw_aur_0000307,operations
tenant_aura,tev_aur_0000308,shp_aur_000097,2026-08-15T02:18:00Z,delivered,US-AUR-DEST,,carrier_webhook,raw_aur_0000308,operations
tenant_aura,tev_aur_0000309,shp_aur_000098,2026-09-10T06:06:00Z,picked_up,US-AUR-ORIGIN,,carrier_webhook,raw_aur_0000309,operations
tenant_aura,tev_aur_0000310,shp_aur_000098,2026-09-10T10:06:00Z,departed,US-AUR-HUB-01,,batch_manifest,raw_aur_0000310,operations
tenant_aura,tev_aur_0000311,shp_aur_000098,2026-09-14T02:06:00Z,delay,US-AUR-HUB-02,carrier_capacity,carrier_webhook,raw_aur_0000311,operations
tenant_aura,tev_aur_0000312,shp_aur_000098,2026-09-16T07:06:00Z,delivered,US-AUR-DEST,,carrier_webhook,raw_aur_0000312,operations
tenant_aura,tev_aur_0000313,shp_aur_000099,2026-09-18T01:53:00Z,picked_up,US-AUR-ORIGIN,,carrier_webhook,raw_aur_0000313,operations
tenant_aura,tev_aur_0000314,shp_aur_000099,2026-09-18T05:53:00Z,departed,US-AUR-HUB-01,,batch_manifest,raw_aur_0000314,operations
tenant_aura,tev_aur_0000315,shp_aur_000099,2026-09-18T21:53:00Z,arrived,US-AUR-HUB-02,,carrier_webhook,raw_aur_0000315,operations
tenant_aura,tev_aur_0000316,shp_aur_000100,2026-09-08T15:18:00Z,picked_up,US-AUR-ORIGIN,,carrier_webhook,raw_aur_0000316,operations
tenant_aura,tev_aur_0000317,shp_aur_000100,2026-09-08T19:18:00Z,departed,US-AUR-HUB-01,,batch_manifest,raw_aur_0000317,operations
tenant_aura,tev_aur_0000318,shp_aur_000100,2026-09-09T11:18:00Z,arrived,US-AUR-HUB-02,,carrier_webhook,raw_aur_0000318,operations
tenant_aura,tev_aur_0000319,shp_aur_000101,2026-09-12T23:45:00Z,picked_up,US-AUR-ORIGIN,,carrier_webhook,raw_aur_0000319,operations
tenant_aura,tev_aur_0000320,shp_aur_000101,2026-09-13T03:45:00Z,departed,US-AUR-HUB-01,,batch_manifest,raw_aur_0000320,operations
tenant_aura,tev_aur_0000321,shp_aur_000101,2026-09-15T23:45:00Z,delivered,US-AUR-DEST,,carrier_webhook,raw_aur_0000321,operations
tenant_aura,tev_aur_0000322,shp_aur_000102,2026-09-02T23:52:00Z,picked_up,US-AUR-ORIGIN,,carrier_webhook,raw_aur_0000322,operations
tenant_aura,tev_aur_0000323,shp_aur_000102,2026-09-03T03:52:00Z,departed,US-AUR-HUB-01,,batch_manifest,raw_aur_0000323,operations
tenant_aura,tev_aur_0000324,shp_aur_000102,2026-09-06T19:52:00Z,delay,US-AUR-HUB-02,address_issue,carrier_webhook,raw_aur_0000324,operations
tenant_aura,tev_aur_0000325,shp_aur_000102,2026-09-07T13:52:00Z,delivered,US-AUR-DEST,,carrier_webhook,raw_aur_0000325,operations
tenant_aura,tev_aur_0000326,shp_aur_000103,2026-08-12T12:11:00Z,picked_up,US-AUR-ORIGIN,,carrier_webhook,raw_aur_0000326,operations
tenant_aura,tev_aur_0000327,shp_aur_000103,2026-08-12T16:11:00Z,departed,US-AUR-HUB-01,,batch_manifest,raw_aur_0000327,operations
tenant_aura,tev_aur_0000328,shp_aur_000103,2026-08-15T12:11:00Z,delivered,US-AUR-DEST,,carrier_webhook,raw_aur_0000328,operations
tenant_aura,tev_aur_0000329,shp_aur_000104,2026-08-23T05:11:00Z,picked_up,US-AUR-ORIGIN,,carrier_webhook,raw_aur_0000329,operations
tenant_aura,tev_aur_0000330,shp_aur_000104,2026-08-23T09:11:00Z,departed,US-AUR-HUB-01,,batch_manifest,raw_aur_0000330,operations
tenant_aura,tev_aur_0000331,shp_aur_000104,2026-08-26T05:11:00Z,delivered,US-AUR-DEST,,carrier_webhook,raw_aur_0000331,operations
tenant_aura,tev_aur_0000332,shp_aur_000105,2026-09-13T20:51:00Z,picked_up,US-AUR-ORIGIN,,carrier_webhook,raw_aur_0000332,operations
tenant_aura,tev_aur_0000333,shp_aur_000105,2026-09-14T00:51:00Z,departed,US-AUR-HUB-01,,batch_manifest,raw_aur_0000333,operations
tenant_aura,tev_aur_0000334,shp_aur_000105,2026-09-15T08:51:00Z,delivered,US-AUR-DEST,,carrier_webhook,raw_aur_0000334,operations
tenant_aura,tev_aur_0000335,shp_aur_000106,2026-09-03T15:26:00Z,picked_up,US-AUR-ORIGIN,,carrier_webhook,raw_aur_0000335,operations
tenant_aura,tev_aur_0000336,shp_aur_000106,2026-09-03T19:26:00Z,departed,US-AUR-HUB-01,,batch_manifest,raw_aur_0000336,operations
tenant_aura,tev_aur_0000337,shp_aur_000106,2026-09-06T15:26:00Z,delivered,US-AUR-DEST,,carrier_webhook,raw_aur_0000337,operations
tenant_aura,tev_aur_0000338,shp_aur_000107,2026-09-19T09:04:00Z,picked_up,US-AUR-ORIGIN,,carrier_webhook,raw_aur_0000338,operations
tenant_aura,tev_aur_0000339,shp_aur_000107,2026-09-19T13:04:00Z,departed,US-AUR-HUB-01,,batch_manifest,raw_aur_0000339,operations
tenant_aura,tev_aur_0000340,shp_aur_000107,2026-09-20T21:04:00Z,delivered,US-AUR-DEST,,carrier_webhook,raw_aur_0000340,operations
tenant_aura,tev_aur_0000341,shp_aur_000108,2026-09-02T22:59:00Z,picked_up,US-AUR-ORIGIN,,carrier_webhook,raw_aur_0000341,operations
tenant_aura,tev_aur_0000342,shp_aur_000108,2026-09-03T02:59:00Z,departed,US-AUR-HUB-01,,batch_manifest,raw_aur_0000342,operations
tenant_aura,tev_aur_0000343,shp_aur_000108,2026-09-04T10:59:00Z,delivered,US-AUR-DEST,,carrier_webhook,raw_aur_0000343,operations
tenant_aura,tev_aur_0000344,shp_aur_000109,2026-09-15T09:12:00Z,picked_up,US-AUR-ORIGIN,,carrier_webhook,raw_aur_0000344,operations
tenant_aura,tev_aur_0000345,shp_aur_000109,2026-09-15T13:12:00Z,departed,US-AUR-HUB-01,,batch_manifest,raw_aur_0000345,operations
tenant_aura,tev_aur_0000346,shp_aur_000109,2026-09-20T05:12:00Z,delay,US-AUR-HUB-02,address_issue,carrier_webhook,raw_aur_0000346,operations
tenant_aura,tev_aur_0000347,shp_aur_000109,2026-09-21T23:12:00Z,delivered,US-AUR-DEST,,carrier_webhook,raw_aur_0000347,operations
tenant_aura,tev_aur_0000348,shp_aur_000110,2026-09-07T06:22:00Z,picked_up,US-AUR-ORIGIN,,carrier_webhook,raw_aur_0000348,operations
tenant_aura,tev_aur_0000349,shp_aur_000110,2026-09-07T10:22:00Z,departed,US-AUR-HUB-01,,batch_manifest,raw_aur_0000349,operations
tenant_aura,tev_aur_0000350,shp_aur_000110,2026-09-11T00:22:00Z,delivered,US-AUR-DEST,,carrier_webhook,raw_aur_0000350,operations
tenant_aura,tev_aur_0000351,shp_aur_000111,2026-08-30T23:17:00Z,picked_up,US-AUR-ORIGIN,,carrier_webhook,raw_aur_0000351,operations
tenant_aura,tev_aur_0000352,shp_aur_000111,2026-08-31T03:17:00Z,departed,US-AUR-HUB-01,,batch_manifest,raw_aur_0000352,operations
tenant_aura,tev_aur_0000353,shp_aur_000111,2026-09-02T23:17:00Z,delivered,US-AUR-DEST,,carrier_webhook,raw_aur_0000353,operations
tenant_aura,tev_aur_0000354,shp_aur_000112,2026-09-11T10:48:00Z,picked_up,US-AUR-ORIGIN,,carrier_webhook,raw_aur_0000354,operations
tenant_aura,tev_aur_0000355,shp_aur_000112,2026-09-11T14:48:00Z,departed,US-AUR-HUB-01,,batch_manifest,raw_aur_0000355,operations
tenant_aura,tev_aur_0000356,shp_aur_000112,2026-09-15T04:48:00Z,delivered,US-AUR-DEST,,carrier_webhook,raw_aur_0000356,operations
tenant_aura,tev_aur_0000357,shp_aur_000113,2026-08-21T19:52:00Z,picked_up,US-AUR-ORIGIN,,carrier_webhook,raw_aur_0000357,operations
tenant_aura,tev_aur_0000358,shp_aur_000113,2026-08-21T23:52:00Z,departed,US-AUR-HUB-01,,batch_manifest,raw_aur_0000358,operations
tenant_aura,tev_aur_0000359,shp_aur_000113,2026-08-25T13:52:00Z,delivered,US-AUR-DEST,,carrier_webhook,raw_aur_0000359,operations
tenant_aura,tev_aur_0000360,shp_aur_000114,2026-08-24T23:52:00Z,picked_up,US-AUR-ORIGIN,,carrier_webhook,raw_aur_0000360,operations
tenant_aura,tev_aur_0000361,shp_aur_000114,2026-08-25T03:52:00Z,departed,US-AUR-HUB-01,,batch_manifest,raw_aur_0000361,operations
tenant_aura,tev_aur_0000362,shp_aur_000114,2026-08-26T11:52:00Z,delivered,US-AUR-DEST,,carrier_webhook,raw_aur_0000362,operations
tenant_aura,tev_aur_0000363,shp_aur_000115,2026-09-03T02:42:00Z,picked_up,US-AUR-ORIGIN,,carrier_webhook,raw_aur_0000363,operations
tenant_aura,tev_aur_0000364,shp_aur_000115,2026-09-03T06:42:00Z,departed,US-AUR-HUB-01,,batch_manifest,raw_aur_0000364,operations
tenant_aura,tev_aur_0000365,shp_aur_000115,2026-09-06T20:42:00Z,delivered,US-AUR-DEST,,carrier_webhook,raw_aur_0000365,operations
tenant_aura,tev_aur_0000366,shp_aur_000116,2026-09-14T18:12:00Z,picked_up,US-AUR-ORIGIN,,carrier_webhook,raw_aur_0000366,operations
tenant_aura,tev_aur_0000367,shp_aur_000116,2026-09-14T22:12:00Z,departed,US-AUR-HUB-01,,batch_manifest,raw_aur_0000367,operations
tenant_aura,tev_aur_0000368,shp_aur_000116,2026-09-18T12:12:00Z,delivered,US-AUR-DEST,,carrier_webhook,raw_aur_0000368,operations
tenant_aura,tev_aur_0000369,shp_aur_000117,2026-09-07T19:06:00Z,picked_up,US-AUR-ORIGIN,,carrier_webhook,raw_aur_0000369,operations
tenant_aura,tev_aur_0000370,shp_aur_000117,2026-09-07T23:06:00Z,departed,US-AUR-HUB-01,,batch_manifest,raw_aur_0000370,operations
tenant_aura,tev_aur_0000371,shp_aur_000117,2026-09-09T07:06:00Z,delivered,US-AUR-DEST,,carrier_webhook,raw_aur_0000371,operations
tenant_aura,tev_aur_0000372,shp_aur_000118,2026-09-19T07:37:00Z,picked_up,US-AUR-ORIGIN,,carrier_webhook,raw_aur_0000372,operations
tenant_aura,tev_aur_0000373,shp_aur_000118,2026-09-19T11:37:00Z,departed,US-AUR-HUB-01,,batch_manifest,raw_aur_0000373,operations
tenant_aura,tev_aur_0000374,shp_aur_000118,2026-09-21T23:59:59Z,delivered,US-AUR-DEST,,carrier_webhook,raw_aur_0000374,operations
tenant_aura,tev_aur_0000375,shp_aur_000119,2026-08-30T05:34:00Z,picked_up,US-AUR-ORIGIN,,carrier_webhook,raw_aur_0000375,operations
tenant_aura,tev_aur_0000376,shp_aur_000119,2026-08-30T09:34:00Z,departed,US-AUR-HUB-01,,batch_manifest,raw_aur_0000376,operations
tenant_aura,tev_aur_0000377,shp_aur_000119,2026-08-31T01:34:00Z,arrived,US-AUR-HUB-02,,carrier_webhook,raw_aur_0000377,operations
tenant_aura,tev_aur_0000378,shp_aur_000120,2026-09-03T10:29:00Z,picked_up,US-AUR-ORIGIN,,carrier_webhook,raw_aur_0000378,operations
tenant_aura,tev_aur_0000379,shp_aur_000120,2026-09-03T14:29:00Z,departed,US-AUR-HUB-01,,batch_manifest,raw_aur_0000379,operations
tenant_aura,tev_aur_0000380,shp_aur_000120,2026-09-04T22:29:00Z,delivered,US-AUR-DEST,,carrier_webhook,raw_aur_0000380,operations
tenant_aura,tev_aur_0000381,shp_aur_000121,2026-09-16T09:02:00Z,picked_up,US-AUR-ORIGIN,,carrier_webhook,raw_aur_0000381,operations
tenant_aura,tev_aur_0000382,shp_aur_000121,2026-09-16T13:02:00Z,departed,US-AUR-HUB-01,,batch_manifest,raw_aur_0000382,operations
tenant_aura,tev_aur_0000383,shp_aur_000121,2026-09-19T09:02:00Z,delivered,US-AUR-DEST,,carrier_webhook,raw_aur_0000383,operations
tenant_aura,tev_aur_0000384,shp_aur_000122,2026-09-04T15:03:00Z,picked_up,US-AUR-ORIGIN,,carrier_webhook,raw_aur_0000384,operations
tenant_aura,tev_aur_0000385,shp_aur_000122,2026-09-04T19:03:00Z,departed,US-AUR-HUB-01,,batch_manifest,raw_aur_0000385,operations
tenant_aura,tev_aur_0000386,shp_aur_000122,2026-09-08T09:03:00Z,delivered,US-AUR-DEST,,carrier_webhook,raw_aur_0000386,operations
tenant_aura,tev_aur_0000387,shp_aur_000123,2026-08-24T06:26:00Z,picked_up,US-AUR-ORIGIN,,carrier_webhook,raw_aur_0000387,operations
tenant_aura,tev_aur_0000388,shp_aur_000123,2026-08-24T10:26:00Z,departed,US-AUR-HUB-01,,batch_manifest,raw_aur_0000388,operations
tenant_aura,tev_aur_0000389,shp_aur_000123,2026-08-25T02:26:00Z,arrived,US-AUR-HUB-02,,carrier_webhook,raw_aur_0000389,operations
tenant_aura,tev_aur_0000390,shp_aur_000124,2026-08-29T15:40:00Z,picked_up,US-AUR-ORIGIN,,carrier_webhook,raw_aur_0000390,operations
tenant_aura,tev_aur_0000391,shp_aur_000124,2026-08-29T19:40:00Z,departed,US-AUR-HUB-01,,batch_manifest,raw_aur_0000391,operations
tenant_aura,tev_aur_0000392,shp_aur_000124,2026-09-03T11:40:00Z,delay,US-AUR-HUB-02,carrier_capacity,carrier_webhook,raw_aur_0000392,operations
tenant_aura,tev_aur_0000393,shp_aur_000124,2026-09-05T23:40:00Z,delivered,US-AUR-DEST,,carrier_webhook,raw_aur_0000393,operations
tenant_aura,tev_aur_0000394,shp_aur_000125,2026-08-31T12:38:00Z,picked_up,US-AUR-ORIGIN,,carrier_webhook,raw_aur_0000394,operations
tenant_aura,tev_aur_0000395,shp_aur_000125,2026-08-31T16:38:00Z,departed,US-AUR-HUB-01,,batch_manifest,raw_aur_0000395,operations
tenant_aura,tev_aur_0000396,shp_aur_000125,2026-09-02T08:38:00Z,delay,US-AUR-HUB-02,weather,carrier_webhook,raw_aur_0000396,operations
tenant_aura,tev_aur_0000397,shp_aur_000125,2026-09-03T04:38:00Z,delivered,US-AUR-DEST,,carrier_webhook,raw_aur_0000397,operations
tenant_aura,tev_aur_0000398,shp_aur_000126,2026-09-17T07:51:00Z,picked_up,US-AUR-ORIGIN,,carrier_webhook,raw_aur_0000398,operations
tenant_aura,tev_aur_0000399,shp_aur_000126,2026-09-17T11:51:00Z,departed,US-AUR-HUB-01,,batch_manifest,raw_aur_0000399,operations
tenant_aura,tev_aur_0000400,shp_aur_000126,2026-09-18T19:51:00Z,delivered,US-AUR-DEST,,carrier_webhook,raw_aur_0000400,operations
tenant_aura,tev_aur_0000401,shp_aur_000127,2026-08-24T00:01:00Z,picked_up,US-AUR-ORIGIN,,carrier_webhook,raw_aur_0000401,operations
tenant_aura,tev_aur_0000402,shp_aur_000127,2026-08-24T04:01:00Z,departed,US-AUR-HUB-01,,batch_manifest,raw_aur_0000402,operations
tenant_aura,tev_aur_0000403,shp_aur_000127,2026-08-27T00:01:00Z,delivered,US-AUR-DEST,,carrier_webhook,raw_aur_0000403,operations
tenant_aura,tev_aur_0000404,shp_aur_000128,2026-08-29T04:28:00Z,picked_up,US-AUR-ORIGIN,,carrier_webhook,raw_aur_0000404,operations
tenant_aura,tev_aur_0000405,shp_aur_000128,2026-08-29T08:28:00Z,departed,US-AUR-HUB-01,,batch_manifest,raw_aur_0000405,operations
tenant_aura,tev_aur_0000406,shp_aur_000128,2026-08-30T00:28:00Z,arrived,US-AUR-HUB-02,,carrier_webhook,raw_aur_0000406,operations
tenant_aura,tev_aur_0000407,shp_aur_000129,2026-09-04T11:36:00Z,picked_up,US-AUR-ORIGIN,,carrier_webhook,raw_aur_0000407,operations
tenant_aura,tev_aur_0000408,shp_aur_000129,2026-09-04T15:36:00Z,departed,US-AUR-HUB-01,,batch_manifest,raw_aur_0000408,operations
tenant_aura,tev_aur_0000409,shp_aur_000129,2026-09-05T23:36:00Z,delivered,US-AUR-DEST,,carrier_webhook,raw_aur_0000409,operations
tenant_aura,tev_aur_0000410,shp_aur_000130,2026-08-28T21:38:00Z,picked_up,US-AUR-ORIGIN,,carrier_webhook,raw_aur_0000410,operations
tenant_aura,tev_aur_0000411,shp_aur_000130,2026-08-29T01:38:00Z,departed,US-AUR-HUB-01,,batch_manifest,raw_aur_0000411,operations
tenant_aura,tev_aur_0000412,shp_aur_000130,2026-08-30T09:38:00Z,delivered,US-AUR-DEST,,carrier_webhook,raw_aur_0000412,operations
tenant_aura,tev_aur_0000413,shp_aur_000131,2026-09-02T06:44:00Z,picked_up,US-AUR-ORIGIN,,carrier_webhook,raw_aur_0000413,operations
tenant_aura,tev_aur_0000414,shp_aur_000131,2026-09-02T10:44:00Z,departed,US-AUR-HUB-01,,batch_manifest,raw_aur_0000414,operations
tenant_aura,tev_aur_0000415,shp_aur_000131,2026-09-04T02:44:00Z,delay,US-AUR-HUB-02,sortation_error,carrier_webhook,raw_aur_0000415,operations
tenant_aura,tev_aur_0000416,shp_aur_000131,2026-09-06T13:44:00Z,delivered,US-AUR-DEST,,carrier_webhook,raw_aur_0000416,operations
tenant_aura,tev_aur_0000417,shp_aur_000132,2026-08-28T00:33:00Z,picked_up,US-AUR-ORIGIN,,carrier_webhook,raw_aur_0000417,operations
tenant_aura,tev_aur_0000418,shp_aur_000132,2026-08-28T04:33:00Z,departed,US-AUR-HUB-01,,batch_manifest,raw_aur_0000418,operations
tenant_aura,tev_aur_0000419,shp_aur_000132,2026-08-31T00:33:00Z,delivered,US-AUR-DEST,,carrier_webhook,raw_aur_0000419,operations
tenant_aura,tev_aur_0000420,shp_aur_000133,2026-08-25T00:43:00Z,picked_up,US-AUR-ORIGIN,,carrier_webhook,raw_aur_0000420,operations
tenant_aura,tev_aur_0000421,shp_aur_000133,2026-08-25T04:43:00Z,departed,US-AUR-HUB-01,,batch_manifest,raw_aur_0000421,operations
tenant_aura,tev_aur_0000422,shp_aur_000133,2026-08-29T20:43:00Z,delay,US-AUR-HUB-02,weather,carrier_webhook,raw_aur_0000422,operations
tenant_aura,tev_aur_0000423,shp_aur_000133,2026-08-30T09:43:00Z,delivered,US-AUR-DEST,,carrier_webhook,raw_aur_0000423,operations
tenant_aura,tev_aur_0000424,shp_aur_000134,2026-09-02T10:41:00Z,picked_up,US-AUR-ORIGIN,,carrier_webhook,raw_aur_0000424,operations
tenant_aura,tev_aur_0000425,shp_aur_000134,2026-09-02T14:41:00Z,departed,US-AUR-HUB-01,,batch_manifest,raw_aur_0000425,operations
tenant_aura,tev_aur_0000426,shp_aur_000134,2026-09-05T10:41:00Z,delivered,US-AUR-DEST,,carrier_webhook,raw_aur_0000426,operations
tenant_aura,tev_aur_0000427,shp_aur_000135,2026-09-19T16:26:00Z,picked_up,US-AUR-ORIGIN,,carrier_webhook,raw_aur_0000427,operations
tenant_aura,tev_aur_0000428,shp_aur_000135,2026-09-19T20:26:00Z,departed,US-AUR-HUB-01,,batch_manifest,raw_aur_0000428,operations
tenant_aura,tev_aur_0000429,shp_aur_000135,2026-09-21T04:26:00Z,delivered,US-AUR-DEST,,carrier_webhook,raw_aur_0000429,operations
tenant_aura,tev_aur_0000430,shp_aur_000136,2026-08-23T14:48:00Z,picked_up,US-AUR-ORIGIN,,carrier_webhook,raw_aur_0000430,operations
tenant_aura,tev_aur_0000431,shp_aur_000136,2026-08-23T18:48:00Z,departed,US-AUR-HUB-01,,batch_manifest,raw_aur_0000431,operations
tenant_aura,tev_aur_0000432,shp_aur_000136,2026-08-28T10:48:00Z,delay,US-AUR-HUB-02,address_issue,carrier_webhook,raw_aur_0000432,operations
tenant_aura,tev_aur_0000433,shp_aur_000137,2026-08-12T11:48:00Z,picked_up,US-AUR-ORIGIN,,carrier_webhook,raw_aur_0000433,operations
tenant_aura,tev_aur_0000434,shp_aur_000137,2026-08-12T15:48:00Z,departed,US-AUR-HUB-01,,batch_manifest,raw_aur_0000434,operations
tenant_aura,tev_aur_0000435,shp_aur_000137,2026-08-17T07:48:00Z,delay,US-AUR-HUB-02,address_issue,carrier_webhook,raw_aur_0000435,operations
tenant_aura,tev_aur_0000436,shp_aur_000137,2026-08-17T22:48:00Z,delivered,US-AUR-DEST,,carrier_webhook,raw_aur_0000436,operations
tenant_aura,tev_aur_0000437,shp_aur_000138,2026-09-06T14:08:00Z,picked_up,US-AUR-ORIGIN,,carrier_webhook,raw_aur_0000437,operations
tenant_aura,tev_aur_0000438,shp_aur_000138,2026-09-06T18:08:00Z,departed,US-AUR-HUB-01,,batch_manifest,raw_aur_0000438,operations
tenant_aura,tev_aur_0000439,shp_aur_000138,2026-09-10T10:08:00Z,delay,US-AUR-HUB-02,address_issue,carrier_webhook,raw_aur_0000439,operations
tenant_aura,tev_aur_0000440,shp_aur_000138,2026-09-12T09:08:00Z,delivered,US-AUR-DEST,,carrier_webhook,raw_aur_0000440,operations
tenant_aura,tev_aur_0000441,shp_aur_000139,2026-08-16T09:28:00Z,picked_up,US-AUR-ORIGIN,,carrier_webhook,raw_aur_0000441,operations
tenant_aura,tev_aur_0000442,shp_aur_000139,2026-08-16T13:28:00Z,departed,US-AUR-HUB-01,,batch_manifest,raw_aur_0000442,operations
tenant_aura,tev_aur_0000443,shp_aur_000139,2026-08-20T03:28:00Z,delivered,US-AUR-DEST,,carrier_webhook,raw_aur_0000443,operations
tenant_aura,tev_aur_0000444,shp_aur_000140,2026-09-14T02:08:00Z,picked_up,US-AUR-ORIGIN,,carrier_webhook,raw_aur_0000444,operations
tenant_aura,tev_aur_0000445,shp_aur_000140,2026-09-14T06:08:00Z,departed,US-AUR-HUB-01,,batch_manifest,raw_aur_0000445,operations
tenant_aura,tev_aur_0000446,shp_aur_000140,2026-09-17T02:08:00Z,delivered,US-AUR-DEST,,carrier_webhook,raw_aur_0000446,operations
tenant_aura,tev_aur_0000447,shp_aur_000141,2026-08-31T16:39:00Z,picked_up,US-AUR-ORIGIN,,carrier_webhook,raw_aur_0000447,operations
tenant_aura,tev_aur_0000448,shp_aur_000141,2026-08-31T20:39:00Z,departed,US-AUR-HUB-01,,batch_manifest,raw_aur_0000448,operations
tenant_aura,tev_aur_0000449,shp_aur_000141,2026-09-03T16:39:00Z,delivered,US-AUR-DEST,,carrier_webhook,raw_aur_0000449,operations
tenant_aura,tev_aur_0000450,shp_aur_000142,2026-08-19T17:46:00Z,picked_up,US-AUR-ORIGIN,,carrier_webhook,raw_aur_0000450,operations
tenant_aura,tev_aur_0000451,shp_aur_000142,2026-08-19T21:46:00Z,departed,US-AUR-HUB-01,,batch_manifest,raw_aur_0000451,operations
tenant_aura,tev_aur_0000452,shp_aur_000142,2026-08-21T13:46:00Z,delay,US-AUR-HUB-02,address_issue,carrier_webhook,raw_aur_0000452,operations
tenant_aura,tev_aur_0000453,shp_aur_000142,2026-08-24T04:46:00Z,delivered,US-AUR-DEST,,carrier_webhook,raw_aur_0000453,operations
tenant_aura,tev_aur_0000454,shp_aur_000143,2026-08-23T11:56:00Z,picked_up,US-AUR-ORIGIN,,carrier_webhook,raw_aur_0000454,operations
tenant_aura,tev_aur_0000455,shp_aur_000143,2026-08-23T15:56:00Z,departed,US-AUR-HUB-01,,batch_manifest,raw_aur_0000455,operations
tenant_aura,tev_aur_0000456,shp_aur_000143,2026-08-27T05:56:00Z,delivered,US-AUR-DEST,,carrier_webhook,raw_aur_0000456,operations
tenant_aura,tev_aur_0000457,shp_aur_000144,2026-08-26T06:14:00Z,picked_up,US-AUR-ORIGIN,,carrier_webhook,raw_aur_0000457,operations
tenant_aura,tev_aur_0000458,shp_aur_000144,2026-08-26T10:14:00Z,departed,US-AUR-HUB-01,,batch_manifest,raw_aur_0000458,operations
tenant_aura,tev_aur_0000459,shp_aur_000144,2026-08-29T06:14:00Z,delivered,US-AUR-DEST,,carrier_webhook,raw_aur_0000459,operations
tenant_aura,tev_aur_0000460,shp_aur_000145,2026-09-10T03:42:00Z,picked_up,US-AUR-ORIGIN,,carrier_webhook,raw_aur_0000460,operations
tenant_aura,tev_aur_0000461,shp_aur_000145,2026-09-10T07:42:00Z,departed,US-AUR-HUB-01,,batch_manifest,raw_aur_0000461,operations
tenant_aura,tev_aur_0000462,shp_aur_000145,2026-09-10T23:42:00Z,arrived,US-AUR-HUB-02,,carrier_webhook,raw_aur_0000462,operations
tenant_aura,tev_aur_0000463,shp_aur_000146,2026-08-29T03:47:00Z,picked_up,US-AUR-ORIGIN,,carrier_webhook,raw_aur_0000463,operations
tenant_aura,tev_aur_0000464,shp_aur_000146,2026-08-29T07:47:00Z,departed,US-AUR-HUB-01,,batch_manifest,raw_aur_0000464,operations
tenant_aura,tev_aur_0000465,shp_aur_000146,2026-08-30T15:47:00Z,delivered,US-AUR-DEST,,carrier_webhook,raw_aur_0000465,operations
tenant_aura,tev_aur_0000466,shp_aur_000147,2026-08-31T19:48:00Z,picked_up,US-AUR-ORIGIN,,carrier_webhook,raw_aur_0000466,operations
tenant_aura,tev_aur_0000467,shp_aur_000147,2026-08-31T23:48:00Z,departed,US-AUR-HUB-01,,batch_manifest,raw_aur_0000467,operations
tenant_aura,tev_aur_0000468,shp_aur_000147,2026-09-02T07:48:00Z,delivered,US-AUR-DEST,,carrier_webhook,raw_aur_0000468,operations
tenant_aura,tev_aur_0000469,shp_aur_000148,2026-09-09T05:43:00Z,picked_up,US-AUR-ORIGIN,,carrier_webhook,raw_aur_0000469,operations
tenant_aura,tev_aur_0000470,shp_aur_000148,2026-09-09T09:43:00Z,departed,US-AUR-HUB-01,,batch_manifest,raw_aur_0000470,operations
tenant_aura,tev_aur_0000471,shp_aur_000148,2026-09-10T17:43:00Z,delivered,US-AUR-DEST,,carrier_webhook,raw_aur_0000471,operations
tenant_aura,tev_aur_0000472,shp_aur_000149,2026-08-13T18:25:00Z,picked_up,US-AUR-ORIGIN,,carrier_webhook,raw_aur_0000472,operations
tenant_aura,tev_aur_0000473,shp_aur_000149,2026-08-13T22:25:00Z,departed,US-AUR-HUB-01,,batch_manifest,raw_aur_0000473,operations
tenant_aura,tev_aur_0000474,shp_aur_000149,2026-08-16T18:25:00Z,delivered,US-AUR-DEST,,carrier_webhook,raw_aur_0000474,operations
tenant_aura,tev_aur_0000475,shp_aur_000150,2026-08-21T12:39:00Z,picked_up,US-AUR-ORIGIN,,carrier_webhook,raw_aur_0000475,operations
tenant_aura,tev_aur_0000476,shp_aur_000150,2026-08-21T16:39:00Z,departed,US-AUR-HUB-01,,batch_manifest,raw_aur_0000476,operations
tenant_aura,tev_aur_0000477,shp_aur_000150,2026-08-22T08:39:00Z,arrived,US-AUR-HUB-02,,carrier_webhook,raw_aur_0000477,operations
tenant_aura,tev_aur_0000478,shp_aur_000151,2026-08-31T00:20:00Z,picked_up,US-AUR-ORIGIN,,carrier_webhook,raw_aur_0000478,operations
tenant_aura,tev_aur_0000479,shp_aur_000151,2026-08-31T04:20:00Z,departed,US-AUR-HUB-01,,batch_manifest,raw_aur_0000479,operations
tenant_aura,tev_aur_0000480,shp_aur_000151,2026-08-31T20:20:00Z,arrived,US-AUR-HUB-02,,carrier_webhook,raw_aur_0000480,operations
tenant_aura,tev_aur_0000481,shp_aur_000152,2026-08-21T22:27:00Z,picked_up,US-AUR-ORIGIN,,carrier_webhook,raw_aur_0000481,operations
tenant_aura,tev_aur_0000482,shp_aur_000152,2026-08-22T02:27:00Z,departed,US-AUR-HUB-01,,batch_manifest,raw_aur_0000482,operations
tenant_aura,tev_aur_0000483,shp_aur_000152,2026-08-26T18:27:00Z,delay,US-AUR-HUB-02,sortation_error,carrier_webhook,raw_aur_0000483,operations
tenant_aura,tev_aur_0000484,shp_aur_000153,2026-08-26T21:06:00Z,picked_up,US-AUR-ORIGIN,,carrier_webhook,raw_aur_0000484,operations
tenant_aura,tev_aur_0000485,shp_aur_000153,2026-08-27T01:06:00Z,departed,US-AUR-HUB-01,,batch_manifest,raw_aur_0000485,operations
tenant_aura,tev_aur_0000486,shp_aur_000153,2026-08-28T09:06:00Z,delivered,US-AUR-DEST,,carrier_webhook,raw_aur_0000486,operations
tenant_aura,tev_aur_0000487,shp_aur_000154,2026-08-29T05:09:00Z,picked_up,US-AUR-ORIGIN,,carrier_webhook,raw_aur_0000487,operations
tenant_aura,tev_aur_0000488,shp_aur_000154,2026-08-29T09:09:00Z,departed,US-AUR-HUB-01,,batch_manifest,raw_aur_0000488,operations
tenant_aura,tev_aur_0000489,shp_aur_000154,2026-09-01T23:09:00Z,delivered,US-AUR-DEST,,carrier_webhook,raw_aur_0000489,operations
tenant_aura,tev_aur_0000490,shp_aur_000155,2026-08-22T07:23:00Z,picked_up,US-AUR-ORIGIN,,carrier_webhook,raw_aur_0000490,operations
tenant_aura,tev_aur_0000491,shp_aur_000155,2026-08-22T11:23:00Z,departed,US-AUR-HUB-01,,batch_manifest,raw_aur_0000491,operations
tenant_aura,tev_aur_0000492,shp_aur_000155,2026-08-23T19:23:00Z,delivered,US-AUR-DEST,,carrier_webhook,raw_aur_0000492,operations
tenant_aura,tev_aur_0000493,shp_aur_000156,2026-08-18T12:57:00Z,picked_up,US-AUR-ORIGIN,,carrier_webhook,raw_aur_0000493,operations
tenant_aura,tev_aur_0000494,shp_aur_000156,2026-08-18T16:57:00Z,departed,US-AUR-HUB-01,,batch_manifest,raw_aur_0000494,operations
tenant_aura,tev_aur_0000495,shp_aur_000156,2026-08-21T12:57:00Z,delivered,US-AUR-DEST,,carrier_webhook,raw_aur_0000495,operations
tenant_aura,tev_aur_0000496,shp_aur_000157,2026-08-29T05:00:00Z,picked_up,US-AUR-ORIGIN,,carrier_webhook,raw_aur_0000496,operations
tenant_aura,tev_aur_0000497,shp_aur_000157,2026-08-29T09:00:00Z,departed,US-AUR-HUB-01,,batch_manifest,raw_aur_0000497,operations
tenant_aura,tev_aur_0000498,shp_aur_000157,2026-09-01T05:00:00Z,delivered,US-AUR-DEST,,carrier_webhook,raw_aur_0000498,operations
tenant_aura,tev_aur_0000499,shp_aur_000158,2026-08-19T09:46:00Z,picked_up,US-AUR-ORIGIN,,carrier_webhook,raw_aur_0000499,operations
tenant_aura,tev_aur_0000500,shp_aur_000158,2026-08-19T13:46:00Z,departed,US-AUR-HUB-01,,batch_manifest,raw_aur_0000500,operations
tenant_aura,tev_aur_0000501,shp_aur_000158,2026-08-24T05:46:00Z,delay,US-AUR-HUB-02,weather,carrier_webhook,raw_aur_0000501,operations
tenant_aura,tev_aur_0000502,shp_aur_000158,2026-08-26T15:46:00Z,delivered,US-AUR-DEST,,carrier_webhook,raw_aur_0000502,operations
tenant_aura,tev_aur_0000503,shp_aur_000159,2026-09-02T23:39:00Z,picked_up,US-AUR-ORIGIN,,carrier_webhook,raw_aur_0000503,operations
tenant_aura,tev_aur_0000504,shp_aur_000159,2026-09-03T03:39:00Z,departed,US-AUR-HUB-01,,batch_manifest,raw_aur_0000504,operations
tenant_aura,tev_aur_0000505,shp_aur_000159,2026-09-06T17:39:00Z,delivered,US-AUR-DEST,,carrier_webhook,raw_aur_0000505,operations
tenant_aura,tev_aur_0000506,shp_aur_000160,2026-09-10T02:55:00Z,picked_up,US-AUR-ORIGIN,,carrier_webhook,raw_aur_0000506,operations
tenant_aura,tev_aur_0000507,shp_aur_000160,2026-09-10T06:55:00Z,departed,US-AUR-HUB-01,,batch_manifest,raw_aur_0000507,operations
tenant_aura,tev_aur_0000508,shp_aur_000160,2026-09-11T14:55:00Z,delivered,US-AUR-DEST,,carrier_webhook,raw_aur_0000508,operations
tenant_aura,tev_aur_0000509,shp_aur_000161,2026-09-08T04:51:00Z,picked_up,US-AUR-ORIGIN,,carrier_webhook,raw_aur_0000509,operations
tenant_aura,tev_aur_0000510,shp_aur_000161,2026-09-08T08:51:00Z,departed,US-AUR-HUB-01,,batch_manifest,raw_aur_0000510,operations
tenant_aura,tev_aur_0000511,shp_aur_000161,2026-09-11T04:51:00Z,delivered,US-AUR-DEST,,carrier_webhook,raw_aur_0000511,operations
tenant_aura,tev_aur_0000512,shp_aur_000162,2026-09-08T19:19:00Z,picked_up,US-AUR-ORIGIN,,carrier_webhook,raw_aur_0000512,operations
tenant_aura,tev_aur_0000513,shp_aur_000162,2026-09-08T23:19:00Z,departed,US-AUR-HUB-01,,batch_manifest,raw_aur_0000513,operations
tenant_aura,tev_aur_0000514,shp_aur_000162,2026-09-09T15:19:00Z,arrived,US-AUR-HUB-02,,carrier_webhook,raw_aur_0000514,operations
tenant_aura,tev_aur_0000515,shp_aur_000163,2026-09-05T00:58:00Z,picked_up,US-AUR-ORIGIN,,carrier_webhook,raw_aur_0000515,operations
tenant_aura,tev_aur_0000516,shp_aur_000163,2026-09-05T04:58:00Z,departed,US-AUR-HUB-01,,batch_manifest,raw_aur_0000516,operations
tenant_aura,tev_aur_0000517,shp_aur_000163,2026-09-05T20:58:00Z,arrived,US-AUR-HUB-02,,carrier_webhook,raw_aur_0000517,operations
tenant_aura,tev_aur_0000518,shp_aur_000164,2026-08-27T00:14:00Z,picked_up,US-AUR-ORIGIN,,carrier_webhook,raw_aur_0000518,operations
tenant_aura,tev_aur_0000519,shp_aur_000164,2026-08-27T04:14:00Z,departed,US-AUR-HUB-01,,batch_manifest,raw_aur_0000519,operations
tenant_aura,tev_aur_0000520,shp_aur_000164,2026-08-30T00:14:00Z,delivered,US-AUR-DEST,,carrier_webhook,raw_aur_0000520,operations
tenant_aura,tev_aur_0000521,shp_aur_000165,2026-09-05T16:45:00Z,picked_up,US-AUR-ORIGIN,,carrier_webhook,raw_aur_0000521,operations
tenant_aura,tev_aur_0000522,shp_aur_000165,2026-09-05T20:45:00Z,departed,US-AUR-HUB-01,,batch_manifest,raw_aur_0000522,operations
tenant_aura,tev_aur_0000523,shp_aur_000165,2026-09-07T04:45:00Z,delivered,US-AUR-DEST,,carrier_webhook,raw_aur_0000523,operations
tenant_aura,tev_aur_0000524,shp_aur_000166,2026-08-17T00:48:00Z,picked_up,US-AUR-ORIGIN,,carrier_webhook,raw_aur_0000524,operations
tenant_aura,tev_aur_0000525,shp_aur_000166,2026-08-17T04:48:00Z,departed,US-AUR-HUB-01,,batch_manifest,raw_aur_0000525,operations
tenant_aura,tev_aur_0000526,shp_aur_000166,2026-08-18T12:48:00Z,delivered,US-AUR-DEST,,carrier_webhook,raw_aur_0000526,operations
tenant_aura,tev_aur_0000527,shp_aur_000167,2026-09-02T15:46:00Z,picked_up,US-AUR-ORIGIN,,carrier_webhook,raw_aur_0000527,operations
tenant_aura,tev_aur_0000528,shp_aur_000167,2026-09-02T19:46:00Z,departed,US-AUR-HUB-01,,batch_manifest,raw_aur_0000528,operations
tenant_aura,tev_aur_0000529,shp_aur_000167,2026-09-06T11:46:00Z,delay,US-AUR-HUB-02,sortation_error,carrier_webhook,raw_aur_0000529,operations
tenant_aura,tev_aur_0000530,shp_aur_000168,2026-09-08T13:53:00Z,picked_up,US-AUR-ORIGIN,,carrier_webhook,raw_aur_0000530,operations
tenant_aura,tev_aur_0000531,shp_aur_000168,2026-09-08T17:53:00Z,departed,US-AUR-HUB-01,,batch_manifest,raw_aur_0000531,operations
tenant_aura,tev_aur_0000532,shp_aur_000168,2026-09-12T07:53:00Z,delivered,US-AUR-DEST,,carrier_webhook,raw_aur_0000532,operations
tenant_aura,tev_aur_0000533,shp_aur_000169,2026-08-13T22:23:00Z,picked_up,US-AUR-ORIGIN,,carrier_webhook,raw_aur_0000533,operations
tenant_aura,tev_aur_0000534,shp_aur_000169,2026-08-14T02:23:00Z,departed,US-AUR-HUB-01,,batch_manifest,raw_aur_0000534,operations
tenant_aura,tev_aur_0000535,shp_aur_000169,2026-08-17T16:23:00Z,delivered,US-AUR-DEST,,carrier_webhook,raw_aur_0000535,operations
tenant_aura,tev_aur_0000536,shp_aur_000170,2026-08-13T02:28:00Z,picked_up,US-AUR-ORIGIN,,carrier_webhook,raw_aur_0000536,operations
tenant_aura,tev_aur_0000537,shp_aur_000170,2026-08-13T06:28:00Z,departed,US-AUR-HUB-01,,batch_manifest,raw_aur_0000537,operations
tenant_aura,tev_aur_0000538,shp_aur_000170,2026-08-16T20:28:00Z,delivered,US-AUR-DEST,,carrier_webhook,raw_aur_0000538,operations
tenant_aura,tev_aur_0000539,shp_aur_000171,2026-09-03T14:49:00Z,picked_up,US-AUR-ORIGIN,,carrier_webhook,raw_aur_0000539,operations
tenant_aura,tev_aur_0000540,shp_aur_000171,2026-09-03T18:49:00Z,departed,US-AUR-HUB-01,,batch_manifest,raw_aur_0000540,operations
tenant_aura,tev_aur_0000541,shp_aur_000171,2026-09-06T14:49:00Z,delivered,US-AUR-DEST,,carrier_webhook,raw_aur_0000541,operations
tenant_aura,tev_aur_0000542,shp_aur_000172,2026-09-13T18:22:00Z,picked_up,US-AUR-ORIGIN,,carrier_webhook,raw_aur_0000542,operations
tenant_aura,tev_aur_0000543,shp_aur_000172,2026-09-13T22:22:00Z,departed,US-AUR-HUB-01,,batch_manifest,raw_aur_0000543,operations
tenant_aura,tev_aur_0000544,shp_aur_000172,2026-09-17T12:22:00Z,delivered,US-AUR-DEST,,carrier_webhook,raw_aur_0000544,operations
tenant_aura,tev_aur_0000545,shp_aur_000173,2026-08-31T16:28:00Z,picked_up,US-AUR-ORIGIN,,carrier_webhook,raw_aur_0000545,operations
tenant_aura,tev_aur_0000546,shp_aur_000173,2026-08-31T20:28:00Z,departed,US-AUR-HUB-01,,batch_manifest,raw_aur_0000546,operations
tenant_aura,tev_aur_0000547,shp_aur_000173,2026-09-04T10:28:00Z,delivered,US-AUR-DEST,,carrier_webhook,raw_aur_0000547,operations
tenant_aura,tev_aur_0000548,shp_aur_000174,2026-09-13T11:47:00Z,picked_up,US-AUR-ORIGIN,,carrier_webhook,raw_aur_0000548,operations
tenant_aura,tev_aur_0000549,shp_aur_000174,2026-09-13T15:47:00Z,departed,US-AUR-HUB-01,,batch_manifest,raw_aur_0000549,operations
tenant_aura,tev_aur_0000550,shp_aur_000174,2026-09-16T11:47:00Z,delivered,US-AUR-DEST,,carrier_webhook,raw_aur_0000550,operations
tenant_aura,tev_aur_0000551,shp_aur_000175,2026-08-22T16:51:00Z,picked_up,US-AUR-ORIGIN,,carrier_webhook,raw_aur_0000551,operations
tenant_aura,tev_aur_0000552,shp_aur_000175,2026-08-22T20:51:00Z,departed,US-AUR-HUB-01,,batch_manifest,raw_aur_0000552,operations
tenant_aura,tev_aur_0000553,shp_aur_000175,2026-08-24T04:51:00Z,delivered,US-AUR-DEST,,carrier_webhook,raw_aur_0000553,operations
tenant_aura,tev_aur_0000554,shp_aur_000176,2026-09-14T10:13:00Z,picked_up,US-AUR-ORIGIN,,carrier_webhook,raw_aur_0000554,operations
tenant_aura,tev_aur_0000555,shp_aur_000176,2026-09-14T14:13:00Z,departed,US-AUR-HUB-01,,batch_manifest,raw_aur_0000555,operations
tenant_aura,tev_aur_0000556,shp_aur_000176,2026-09-18T04:13:00Z,delivered,US-AUR-DEST,,carrier_webhook,raw_aur_0000556,operations
tenant_aura,tev_aur_0000557,shp_aur_000177,2026-08-15T12:24:00Z,picked_up,US-AUR-ORIGIN,,carrier_webhook,raw_aur_0000557,operations
tenant_aura,tev_aur_0000558,shp_aur_000177,2026-08-15T16:24:00Z,departed,US-AUR-HUB-01,,batch_manifest,raw_aur_0000558,operations
tenant_aura,tev_aur_0000559,shp_aur_000177,2026-08-20T08:24:00Z,delay,US-AUR-HUB-02,address_issue,carrier_webhook,raw_aur_0000559,operations
tenant_aura,tev_aur_0000560,shp_aur_000177,2026-08-20T23:24:00Z,delivered,US-AUR-DEST,,carrier_webhook,raw_aur_0000560,operations
tenant_aura,tev_aur_0000561,shp_aur_000178,2026-08-17T23:43:00Z,picked_up,US-AUR-ORIGIN,,carrier_webhook,raw_aur_0000561,operations
tenant_aura,tev_aur_0000562,shp_aur_000178,2026-08-18T03:43:00Z,departed,US-AUR-HUB-01,,batch_manifest,raw_aur_0000562,operations
tenant_aura,tev_aur_0000563,shp_aur_000178,2026-08-20T23:43:00Z,delivered,US-AUR-DEST,,carrier_webhook,raw_aur_0000563,operations
tenant_aura,tev_aur_0000564,shp_aur_000179,2026-08-18T12:48:00Z,picked_up,US-AUR-ORIGIN,,carrier_webhook,raw_aur_0000564,operations
tenant_aura,tev_aur_0000565,shp_aur_000179,2026-08-18T16:48:00Z,departed,US-AUR-HUB-01,,batch_manifest,raw_aur_0000565,operations
tenant_aura,tev_aur_0000566,shp_aur_000179,2026-08-20T00:48:00Z,delivered,US-AUR-DEST,,carrier_webhook,raw_aur_0000566,operations
tenant_aura,tev_aur_0000567,shp_aur_000180,2026-09-20T06:05:00Z,picked_up,US-AUR-ORIGIN,,carrier_webhook,raw_aur_0000567,operations
tenant_aura,tev_aur_0000568,shp_aur_000180,2026-09-20T10:05:00Z,departed,US-AUR-HUB-01,,batch_manifest,raw_aur_0000568,operations
tenant_aura,tev_aur_0000569,shp_aur_000180,2026-09-21T23:59:59Z,delivered,US-AUR-DEST,,carrier_webhook,raw_aur_0000569,operations
tenant_aura,tev_aur_0000570,shp_aur_000181,2026-08-25T19:11:00Z,picked_up,US-AUR-ORIGIN,,carrier_webhook,raw_aur_0000570,operations
tenant_aura,tev_aur_0000571,shp_aur_000181,2026-08-25T23:11:00Z,departed,US-AUR-HUB-01,,batch_manifest,raw_aur_0000571,operations
tenant_aura,tev_aur_0000572,shp_aur_000181,2026-08-29T13:11:00Z,delivered,US-AUR-DEST,,carrier_webhook,raw_aur_0000572,operations
tenant_aura,tev_aur_0000573,shp_aur_000182,2026-09-14T15:34:00Z,picked_up,US-AUR-ORIGIN,,carrier_webhook,raw_aur_0000573,operations
tenant_aura,tev_aur_0000574,shp_aur_000182,2026-09-14T19:34:00Z,departed,US-AUR-HUB-01,,batch_manifest,raw_aur_0000574,operations
tenant_aura,tev_aur_0000575,shp_aur_000182,2026-09-16T03:34:00Z,delivered,US-AUR-DEST,,carrier_webhook,raw_aur_0000575,operations
tenant_aura,tev_aur_0000576,shp_aur_000183,2026-09-07T01:33:00Z,picked_up,US-AUR-ORIGIN,,carrier_webhook,raw_aur_0000576,operations
tenant_aura,tev_aur_0000577,shp_aur_000183,2026-09-07T05:33:00Z,departed,US-AUR-HUB-01,,batch_manifest,raw_aur_0000577,operations
tenant_aura,tev_aur_0000578,shp_aur_000183,2026-09-10T01:33:00Z,delivered,US-AUR-DEST,,carrier_webhook,raw_aur_0000578,operations
tenant_aura,tev_aur_0000579,shp_aur_000184,2026-08-29T11:02:00Z,picked_up,US-AUR-ORIGIN,,carrier_webhook,raw_aur_0000579,operations
tenant_aura,tev_aur_0000580,shp_aur_000184,2026-08-29T15:02:00Z,departed,US-AUR-HUB-01,,batch_manifest,raw_aur_0000580,operations
tenant_aura,tev_aur_0000581,shp_aur_000184,2026-09-02T05:02:00Z,delivered,US-AUR-DEST,,carrier_webhook,raw_aur_0000581,operations
tenant_aura,tev_aur_0000582,shp_aur_000185,2026-09-03T22:51:00Z,picked_up,US-AUR-ORIGIN,,carrier_webhook,raw_aur_0000582,operations
tenant_aura,tev_aur_0000583,shp_aur_000185,2026-09-04T02:51:00Z,departed,US-AUR-HUB-01,,batch_manifest,raw_aur_0000583,operations
tenant_aura,tev_aur_0000584,shp_aur_000185,2026-09-08T18:51:00Z,delay,US-AUR-HUB-02,carrier_capacity,carrier_webhook,raw_aur_0000584,operations
tenant_aura,tev_aur_0000585,shp_aur_000185,2026-09-09T09:51:00Z,delivered,US-AUR-DEST,,carrier_webhook,raw_aur_0000585,operations
tenant_aura,tev_aur_0000586,shp_aur_000186,2026-09-15T18:08:00Z,picked_up,US-AUR-ORIGIN,,carrier_webhook,raw_aur_0000586,operations
tenant_aura,tev_aur_0000587,shp_aur_000186,2026-09-15T22:08:00Z,departed,US-AUR-HUB-01,,batch_manifest,raw_aur_0000587,operations
tenant_aura,tev_aur_0000588,shp_aur_000186,2026-09-18T18:08:00Z,delivered,US-AUR-DEST,,carrier_webhook,raw_aur_0000588,operations
tenant_aura,tev_aur_0000589,shp_aur_000187,2026-08-27T11:04:00Z,picked_up,US-AUR-ORIGIN,,carrier_webhook,raw_aur_0000589,operations
tenant_aura,tev_aur_0000590,shp_aur_000187,2026-08-27T15:04:00Z,departed,US-AUR-HUB-01,,batch_manifest,raw_aur_0000590,operations
tenant_aura,tev_aur_0000591,shp_aur_000187,2026-08-28T23:04:00Z,delivered,US-AUR-DEST,,carrier_webhook,raw_aur_0000591,operations
tenant_aura,tev_aur_0000592,shp_aur_000188,2026-08-23T12:27:00Z,picked_up,US-AUR-ORIGIN,,carrier_webhook,raw_aur_0000592,operations
tenant_aura,tev_aur_0000593,shp_aur_000188,2026-08-23T16:27:00Z,departed,US-AUR-HUB-01,,batch_manifest,raw_aur_0000593,operations
tenant_aura,tev_aur_0000594,shp_aur_000188,2026-08-27T06:27:00Z,delivered,US-AUR-DEST,,carrier_webhook,raw_aur_0000594,operations
tenant_aura,tev_aur_0000595,shp_aur_000189,2026-08-18T03:37:00Z,picked_up,US-AUR-ORIGIN,,carrier_webhook,raw_aur_0000595,operations
tenant_aura,tev_aur_0000596,shp_aur_000189,2026-08-18T07:37:00Z,departed,US-AUR-HUB-01,,batch_manifest,raw_aur_0000596,operations
tenant_aura,tev_aur_0000597,shp_aur_000189,2026-08-21T03:37:00Z,delivered,US-AUR-DEST,,carrier_webhook,raw_aur_0000597,operations
tenant_aura,tev_aur_0000598,shp_aur_000190,2026-08-27T08:13:00Z,picked_up,US-AUR-ORIGIN,,carrier_webhook,raw_aur_0000598,operations
tenant_aura,tev_aur_0000599,shp_aur_000190,2026-08-27T12:13:00Z,departed,US-AUR-HUB-01,,batch_manifest,raw_aur_0000599,operations
tenant_aura,tev_aur_0000600,shp_aur_000190,2026-08-28T20:13:00Z,delivered,US-AUR-DEST,,carrier_webhook,raw_aur_0000600,operations
tenant_aura,tev_aur_0000601,shp_aur_000191,2026-09-09T19:24:00Z,picked_up,US-AUR-ORIGIN,,carrier_webhook,raw_aur_0000601,operations
tenant_aura,tev_aur_0000602,shp_aur_000191,2026-09-09T23:24:00Z,departed,US-AUR-HUB-01,,batch_manifest,raw_aur_0000602,operations
tenant_aura,tev_aur_0000603,shp_aur_000191,2026-09-11T07:24:00Z,delivered,US-AUR-DEST,,carrier_webhook,raw_aur_0000603,operations
tenant_aura,tev_aur_0000604,shp_aur_000192,2026-09-15T20:23:00Z,picked_up,US-AUR-ORIGIN,,carrier_webhook,raw_aur_0000604,operations
tenant_aura,tev_aur_0000605,shp_aur_000192,2026-09-16T00:23:00Z,departed,US-AUR-HUB-01,,batch_manifest,raw_aur_0000605,operations
tenant_aura,tev_aur_0000606,shp_aur_000192,2026-09-19T14:23:00Z,delivered,US-AUR-DEST,,carrier_webhook,raw_aur_0000606,operations
tenant_aura,tev_aur_0000607,shp_aur_000193,2026-08-17T16:24:00Z,picked_up,US-AUR-ORIGIN,,carrier_webhook,raw_aur_0000607,operations
tenant_aura,tev_aur_0000608,shp_aur_000193,2026-08-17T20:24:00Z,departed,US-AUR-HUB-01,,batch_manifest,raw_aur_0000608,operations
tenant_aura,tev_aur_0000609,shp_aur_000193,2026-08-21T10:24:00Z,delivered,US-AUR-DEST,,carrier_webhook,raw_aur_0000609,operations
tenant_aura,tev_aur_0000610,shp_aur_000194,2026-08-24T09:26:00Z,picked_up,US-AUR-ORIGIN,,carrier_webhook,raw_aur_0000610,operations
tenant_aura,tev_aur_0000611,shp_aur_000194,2026-08-24T13:26:00Z,departed,US-AUR-HUB-01,,batch_manifest,raw_aur_0000611,operations
tenant_aura,tev_aur_0000612,shp_aur_000194,2026-08-28T05:26:00Z,delay,US-AUR-HUB-02,weather,carrier_webhook,raw_aur_0000612,operations
tenant_aura,tev_aur_0000613,shp_aur_000195,2026-08-15T02:10:00Z,picked_up,US-AUR-ORIGIN,,carrier_webhook,raw_aur_0000613,operations
tenant_aura,tev_aur_0000614,shp_aur_000195,2026-08-15T06:10:00Z,departed,US-AUR-HUB-01,,batch_manifest,raw_aur_0000614,operations
tenant_aura,tev_aur_0000615,shp_aur_000195,2026-08-18T02:10:00Z,delivered,US-AUR-DEST,,carrier_webhook,raw_aur_0000615,operations
tenant_aura,tev_aur_0000616,shp_aur_000196,2026-09-10T05:09:00Z,picked_up,US-AUR-ORIGIN,,carrier_webhook,raw_aur_0000616,operations
tenant_aura,tev_aur_0000617,shp_aur_000196,2026-09-10T09:09:00Z,departed,US-AUR-HUB-01,,batch_manifest,raw_aur_0000617,operations
tenant_aura,tev_aur_0000618,shp_aur_000196,2026-09-13T05:09:00Z,delivered,US-AUR-DEST,,carrier_webhook,raw_aur_0000618,operations
tenant_aura,tev_aur_0000619,shp_aur_000197,2026-08-23T14:09:00Z,picked_up,US-AUR-ORIGIN,,carrier_webhook,raw_aur_0000619,operations
tenant_aura,tev_aur_0000620,shp_aur_000197,2026-08-23T18:09:00Z,departed,US-AUR-HUB-01,,batch_manifest,raw_aur_0000620,operations
tenant_aura,tev_aur_0000621,shp_aur_000197,2026-08-27T08:09:00Z,delivered,US-AUR-DEST,,carrier_webhook,raw_aur_0000621,operations
tenant_aura,tev_aur_0000622,shp_aur_000198,2026-09-17T20:49:00Z,picked_up,US-AUR-ORIGIN,,carrier_webhook,raw_aur_0000622,operations
tenant_aura,tev_aur_0000623,shp_aur_000198,2026-09-18T00:49:00Z,departed,US-AUR-HUB-01,,batch_manifest,raw_aur_0000623,operations
tenant_aura,tev_aur_0000624,shp_aur_000198,2026-09-19T08:49:00Z,delivered,US-AUR-DEST,,carrier_webhook,raw_aur_0000624,operations
tenant_aura,tev_aur_0000625,shp_aur_000199,2026-09-06T12:26:00Z,picked_up,US-AUR-ORIGIN,,carrier_webhook,raw_aur_0000625,operations
tenant_aura,tev_aur_0000626,shp_aur_000199,2026-09-06T16:26:00Z,departed,US-AUR-HUB-01,,batch_manifest,raw_aur_0000626,operations
tenant_aura,tev_aur_0000627,shp_aur_000199,2026-09-10T06:26:00Z,delivered,US-AUR-DEST,,carrier_webhook,raw_aur_0000627,operations
tenant_aura,tev_aur_0000628,shp_aur_000200,2026-09-01T11:49:00Z,picked_up,US-AUR-ORIGIN,,carrier_webhook,raw_aur_0000628,operations
tenant_aura,tev_aur_0000629,shp_aur_000200,2026-09-01T15:49:00Z,departed,US-AUR-HUB-01,,batch_manifest,raw_aur_0000629,operations
tenant_aura,tev_aur_0000630,shp_aur_000200,2026-09-02T07:49:00Z,arrived,US-AUR-HUB-02,,carrier_webhook,raw_aur_0000630,operations
tenant_aura,tev_aur_0000631,shp_aur_000201,2026-08-17T12:51:00Z,picked_up,US-AUR-ORIGIN,,carrier_webhook,raw_aur_0000631,operations
tenant_aura,tev_aur_0000632,shp_aur_000201,2026-08-17T16:51:00Z,departed,US-AUR-HUB-01,,batch_manifest,raw_aur_0000632,operations
tenant_aura,tev_aur_0000633,shp_aur_000201,2026-08-21T06:51:00Z,delivered,US-AUR-DEST,,carrier_webhook,raw_aur_0000633,operations
tenant_aura,tev_aur_0000634,shp_aur_000202,2026-08-25T14:15:00Z,picked_up,US-AUR-ORIGIN,,carrier_webhook,raw_aur_0000634,operations
tenant_aura,tev_aur_0000635,shp_aur_000202,2026-08-25T18:15:00Z,departed,US-AUR-HUB-01,,batch_manifest,raw_aur_0000635,operations
tenant_aura,tev_aur_0000636,shp_aur_000202,2026-08-27T02:15:00Z,delivered,US-AUR-DEST,,carrier_webhook,raw_aur_0000636,operations
tenant_aura,tev_aur_0000637,shp_aur_000203,2026-08-26T17:27:00Z,picked_up,US-AUR-ORIGIN,,carrier_webhook,raw_aur_0000637,operations
tenant_aura,tev_aur_0000638,shp_aur_000203,2026-08-26T21:27:00Z,departed,US-AUR-HUB-01,,batch_manifest,raw_aur_0000638,operations
tenant_aura,tev_aur_0000639,shp_aur_000203,2026-08-28T13:27:00Z,delay,US-AUR-HUB-02,address_issue,carrier_webhook,raw_aur_0000639,operations
tenant_aura,tev_aur_0000640,shp_aur_000203,2026-08-29T02:27:00Z,delivered,US-AUR-DEST,,carrier_webhook,raw_aur_0000640,operations
tenant_aura,tev_aur_0000641,shp_aur_000204,2026-08-23T23:20:00Z,picked_up,US-AUR-ORIGIN,,carrier_webhook,raw_aur_0000641,operations
tenant_aura,tev_aur_0000642,shp_aur_000204,2026-08-24T03:20:00Z,departed,US-AUR-HUB-01,,batch_manifest,raw_aur_0000642,operations
tenant_aura,tev_aur_0000643,shp_aur_000204,2026-08-25T11:20:00Z,delivered,US-AUR-DEST,,carrier_webhook,raw_aur_0000643,operations
tenant_aura,tev_aur_0000644,shp_aur_000205,2026-09-18T15:21:00Z,picked_up,US-AUR-ORIGIN,,carrier_webhook,raw_aur_0000644,operations
tenant_aura,tev_aur_0000645,shp_aur_000205,2026-09-18T19:21:00Z,departed,US-AUR-HUB-01,,batch_manifest,raw_aur_0000645,operations
tenant_aura,tev_aur_0000646,shp_aur_000205,2026-09-21T23:59:59Z,delivered,US-AUR-DEST,,carrier_webhook,raw_aur_0000646,operations
tenant_aura,tev_aur_0000647,shp_aur_000206,2026-08-19T05:56:00Z,picked_up,US-AUR-ORIGIN,,carrier_webhook,raw_aur_0000647,operations
tenant_aura,tev_aur_0000648,shp_aur_000206,2026-08-19T09:56:00Z,departed,US-AUR-HUB-01,,batch_manifest,raw_aur_0000648,operations
tenant_aura,tev_aur_0000649,shp_aur_000206,2026-08-24T01:56:00Z,delay,US-AUR-HUB-02,address_issue,carrier_webhook,raw_aur_0000649,operations
tenant_aura,tev_aur_0000650,shp_aur_000206,2026-08-25T00:56:00Z,delivered,US-AUR-DEST,,carrier_webhook,raw_aur_0000650,operations
tenant_aura,tev_aur_0000651,shp_aur_000207,2026-09-03T06:24:00Z,picked_up,US-AUR-ORIGIN,,carrier_webhook,raw_aur_0000651,operations
tenant_aura,tev_aur_0000652,shp_aur_000207,2026-09-03T10:24:00Z,departed,US-AUR-HUB-01,,batch_manifest,raw_aur_0000652,operations
tenant_aura,tev_aur_0000653,shp_aur_000207,2026-09-06T06:24:00Z,delivered,US-AUR-DEST,,carrier_webhook,raw_aur_0000653,operations
tenant_aura,tev_aur_0000654,shp_aur_000208,2026-09-12T12:52:00Z,picked_up,US-AUR-ORIGIN,,carrier_webhook,raw_aur_0000654,operations
tenant_aura,tev_aur_0000655,shp_aur_000208,2026-09-12T16:52:00Z,departed,US-AUR-HUB-01,,batch_manifest,raw_aur_0000655,operations
tenant_aura,tev_aur_0000656,shp_aur_000208,2026-09-15T12:52:00Z,delivered,US-AUR-DEST,,carrier_webhook,raw_aur_0000656,operations
tenant_aura,tev_aur_0000657,shp_aur_000209,2026-08-14T19:21:00Z,picked_up,US-AUR-ORIGIN,,carrier_webhook,raw_aur_0000657,operations
tenant_aura,tev_aur_0000658,shp_aur_000209,2026-08-14T23:21:00Z,departed,US-AUR-HUB-01,,batch_manifest,raw_aur_0000658,operations
tenant_aura,tev_aur_0000659,shp_aur_000209,2026-08-15T15:21:00Z,arrived,US-AUR-HUB-02,,carrier_webhook,raw_aur_0000659,operations
tenant_aura,tev_aur_0000660,shp_aur_000210,2026-09-14T20:21:00Z,picked_up,US-AUR-ORIGIN,,carrier_webhook,raw_aur_0000660,operations
tenant_aura,tev_aur_0000661,shp_aur_000210,2026-09-15T00:21:00Z,departed,US-AUR-HUB-01,,batch_manifest,raw_aur_0000661,operations
tenant_aura,tev_aur_0000662,shp_aur_000210,2026-09-17T20:21:00Z,delivered,US-AUR-DEST,,carrier_webhook,raw_aur_0000662,operations
tenant_aura,tev_aur_0000663,shp_aur_000211,2026-09-02T12:18:00Z,picked_up,US-AUR-ORIGIN,,carrier_webhook,raw_aur_0000663,operations
tenant_aura,tev_aur_0000664,shp_aur_000211,2026-09-02T16:18:00Z,departed,US-AUR-HUB-01,,batch_manifest,raw_aur_0000664,operations
tenant_aura,tev_aur_0000665,shp_aur_000211,2026-09-04T00:18:00Z,delivered,US-AUR-DEST,,carrier_webhook,raw_aur_0000665,operations
tenant_aura,tev_aur_0000666,shp_aur_000212,2026-09-18T07:11:00Z,picked_up,US-AUR-ORIGIN,,carrier_webhook,raw_aur_0000666,operations
tenant_aura,tev_aur_0000667,shp_aur_000212,2026-09-18T11:11:00Z,departed,US-AUR-HUB-01,,batch_manifest,raw_aur_0000667,operations
tenant_aura,tev_aur_0000668,shp_aur_000212,2026-09-20T03:11:00Z,delay,US-AUR-HUB-02,address_issue,carrier_webhook,raw_aur_0000668,operations
tenant_aura,tev_aur_0000669,shp_aur_000212,2026-09-20T23:11:00Z,delivered,US-AUR-DEST,,carrier_webhook,raw_aur_0000669,operations
tenant_aura,tev_aur_0000670,shp_aur_000213,2026-08-24T23:11:00Z,picked_up,US-AUR-ORIGIN,,carrier_webhook,raw_aur_0000670,operations
tenant_aura,tev_aur_0000671,shp_aur_000213,2026-08-25T03:11:00Z,departed,US-AUR-HUB-01,,batch_manifest,raw_aur_0000671,operations
tenant_aura,tev_aur_0000672,shp_aur_000213,2026-08-26T11:11:00Z,delivered,US-AUR-DEST,,carrier_webhook,raw_aur_0000672,operations
tenant_aura,tev_aur_0000673,shp_aur_000214,2026-09-10T09:19:00Z,picked_up,US-AUR-ORIGIN,,carrier_webhook,raw_aur_0000673,operations
tenant_aura,tev_aur_0000674,shp_aur_000214,2026-09-10T13:19:00Z,departed,US-AUR-HUB-01,,batch_manifest,raw_aur_0000674,operations
tenant_aura,tev_aur_0000675,shp_aur_000214,2026-09-14T03:19:00Z,delivered,US-AUR-DEST,,carrier_webhook,raw_aur_0000675,operations
tenant_aura,tev_aur_0000676,shp_aur_000215,2026-08-16T05:22:00Z,picked_up,US-AUR-ORIGIN,,carrier_webhook,raw_aur_0000676,operations
tenant_aura,tev_aur_0000677,shp_aur_000215,2026-08-16T09:22:00Z,departed,US-AUR-HUB-01,,batch_manifest,raw_aur_0000677,operations
tenant_aura,tev_aur_0000678,shp_aur_000215,2026-08-19T23:22:00Z,delivered,US-AUR-DEST,,carrier_webhook,raw_aur_0000678,operations
tenant_aura,tev_aur_0000679,shp_aur_000216,2026-08-18T04:51:00Z,picked_up,US-AUR-ORIGIN,,carrier_webhook,raw_aur_0000679,operations
tenant_aura,tev_aur_0000680,shp_aur_000216,2026-08-18T08:51:00Z,departed,US-AUR-HUB-01,,batch_manifest,raw_aur_0000680,operations
tenant_aura,tev_aur_0000681,shp_aur_000216,2026-08-23T00:51:00Z,delay,US-AUR-HUB-02,address_issue,carrier_webhook,raw_aur_0000681,operations
tenant_aura,tev_aur_0000682,shp_aur_000216,2026-08-23T20:51:00Z,delivered,US-AUR-DEST,,carrier_webhook,raw_aur_0000682,operations
tenant_aura,tev_aur_0000683,shp_aur_000217,2026-09-05T12:12:00Z,picked_up,US-AUR-ORIGIN,,carrier_webhook,raw_aur_0000683,operations
tenant_aura,tev_aur_0000684,shp_aur_000217,2026-09-05T16:12:00Z,departed,US-AUR-HUB-01,,batch_manifest,raw_aur_0000684,operations
tenant_aura,tev_aur_0000685,shp_aur_000217,2026-09-08T12:12:00Z,delivered,US-AUR-DEST,,carrier_webhook,raw_aur_0000685,operations
tenant_aura,tev_aur_0000686,shp_aur_000218,2026-08-11T18:23:00Z,picked_up,US-AUR-ORIGIN,,carrier_webhook,raw_aur_0000686,operations
tenant_aura,tev_aur_0000687,shp_aur_000218,2026-08-11T22:23:00Z,departed,US-AUR-HUB-01,,batch_manifest,raw_aur_0000687,operations
tenant_aura,tev_aur_0000688,shp_aur_000218,2026-08-14T18:23:00Z,delivered,US-AUR-DEST,,carrier_webhook,raw_aur_0000688,operations
tenant_aura,tev_aur_0000689,shp_aur_000219,2026-08-31T11:21:00Z,picked_up,US-AUR-ORIGIN,,carrier_webhook,raw_aur_0000689,operations
tenant_aura,tev_aur_0000690,shp_aur_000219,2026-08-31T15:21:00Z,departed,US-AUR-HUB-01,,batch_manifest,raw_aur_0000690,operations
tenant_aura,tev_aur_0000691,shp_aur_000219,2026-09-02T07:21:00Z,delay,US-AUR-HUB-02,address_issue,carrier_webhook,raw_aur_0000691,operations
tenant_aura,tev_aur_0000692,shp_aur_000220,2026-09-18T22:36:00Z,picked_up,US-AUR-ORIGIN,,carrier_webhook,raw_aur_0000692,operations
tenant_aura,tev_aur_0000693,shp_aur_000220,2026-09-19T02:36:00Z,departed,US-AUR-HUB-01,,batch_manifest,raw_aur_0000693,operations
tenant_aura,tev_aur_0000694,shp_aur_000220,2026-09-21T23:59:59Z,delay,US-AUR-HUB-02,address_issue,carrier_webhook,raw_aur_0000694,operations
tenant_aura,tev_aur_0000695,shp_aur_000220,2026-09-21T23:59:59Z,delivered,US-AUR-DEST,,carrier_webhook,raw_aur_0000695,operations
tenant_aura,tev_aur_0000696,shp_aur_000221,2026-08-30T02:58:00Z,picked_up,US-AUR-ORIGIN,,carrier_webhook,raw_aur_0000696,operations
tenant_aura,tev_aur_0000697,shp_aur_000221,2026-08-30T06:58:00Z,departed,US-AUR-HUB-01,,batch_manifest,raw_aur_0000697,operations
tenant_aura,tev_aur_0000698,shp_aur_000221,2026-09-02T02:58:00Z,delivered,US-AUR-DEST,,carrier_webhook,raw_aur_0000698,operations
tenant_aura,tev_aur_0000699,shp_aur_000222,2026-08-17T22:01:00Z,picked_up,US-AUR-ORIGIN,,carrier_webhook,raw_aur_0000699,operations
tenant_aura,tev_aur_0000700,shp_aur_000222,2026-08-18T02:01:00Z,departed,US-AUR-HUB-01,,batch_manifest,raw_aur_0000700,operations
tenant_aura,tev_aur_0000701,shp_aur_000222,2026-08-19T10:01:00Z,delivered,US-AUR-DEST,,carrier_webhook,raw_aur_0000701,operations
tenant_aura,tev_aur_0000702,shp_aur_000223,2026-09-16T01:46:00Z,picked_up,US-AUR-ORIGIN,,carrier_webhook,raw_aur_0000702,operations
tenant_aura,tev_aur_0000703,shp_aur_000223,2026-09-16T05:46:00Z,departed,US-AUR-HUB-01,,batch_manifest,raw_aur_0000703,operations
tenant_aura,tev_aur_0000704,shp_aur_000223,2026-09-19T21:46:00Z,delay,US-AUR-HUB-02,weather,carrier_webhook,raw_aur_0000704,operations
tenant_aura,tev_aur_0000705,shp_aur_000223,2026-09-20T15:46:00Z,delivered,US-AUR-DEST,,carrier_webhook,raw_aur_0000705,operations
tenant_aura,tev_aur_0000706,shp_aur_000224,2026-08-14T15:21:00Z,picked_up,US-AUR-ORIGIN,,carrier_webhook,raw_aur_0000706,operations
tenant_aura,tev_aur_0000707,shp_aur_000224,2026-08-14T19:21:00Z,departed,US-AUR-HUB-01,,batch_manifest,raw_aur_0000707,operations
tenant_aura,tev_aur_0000708,shp_aur_000224,2026-08-15T11:21:00Z,arrived,US-AUR-HUB-02,,carrier_webhook,raw_aur_0000708,operations
tenant_aura,tev_aur_0000709,shp_aur_000225,2026-09-18T13:22:00Z,picked_up,US-AUR-ORIGIN,,carrier_webhook,raw_aur_0000709,operations
tenant_aura,tev_aur_0000710,shp_aur_000225,2026-09-18T17:22:00Z,departed,US-AUR-HUB-01,,batch_manifest,raw_aur_0000710,operations
tenant_aura,tev_aur_0000711,shp_aur_000225,2026-09-21T23:59:59Z,delivered,US-AUR-DEST,,carrier_webhook,raw_aur_0000711,operations
tenant_aura,tev_aur_0000712,shp_aur_000226,2026-08-26T08:42:00Z,picked_up,US-AUR-ORIGIN,,carrier_webhook,raw_aur_0000712,operations
tenant_aura,tev_aur_0000713,shp_aur_000226,2026-08-26T12:42:00Z,departed,US-AUR-HUB-01,,batch_manifest,raw_aur_0000713,operations
tenant_aura,tev_aur_0000714,shp_aur_000226,2026-08-31T04:42:00Z,delay,US-AUR-HUB-02,sortation_error,carrier_webhook,raw_aur_0000714,operations
tenant_aura,tev_aur_0000715,shp_aur_000226,2026-08-31T17:42:00Z,delivered,US-AUR-DEST,,carrier_webhook,raw_aur_0000715,operations
tenant_aura,tev_aur_0000716,shp_aur_000227,2026-09-01T04:44:00Z,picked_up,US-AUR-ORIGIN,,carrier_webhook,raw_aur_0000716,operations
tenant_aura,tev_aur_0000717,shp_aur_000227,2026-09-01T08:44:00Z,departed,US-AUR-HUB-01,,batch_manifest,raw_aur_0000717,operations
tenant_aura,tev_aur_0000718,shp_aur_000227,2026-09-03T00:44:00Z,delay,US-AUR-HUB-02,weather,carrier_webhook,raw_aur_0000718,operations
tenant_aura,tev_aur_0000719,shp_aur_000227,2026-09-04T12:44:00Z,delivered,US-AUR-DEST,,carrier_webhook,raw_aur_0000719,operations
tenant_aura,tev_aur_0000720,shp_aur_000228,2026-09-17T05:45:00Z,picked_up,US-AUR-ORIGIN,,carrier_webhook,raw_aur_0000720,operations
tenant_aura,tev_aur_0000721,shp_aur_000228,2026-09-17T09:45:00Z,departed,US-AUR-HUB-01,,batch_manifest,raw_aur_0000721,operations
tenant_aura,tev_aur_0000722,shp_aur_000228,2026-09-20T23:45:00Z,delivered,US-AUR-DEST,,carrier_webhook,raw_aur_0000722,operations
tenant_aura,tev_aur_0000723,shp_aur_000229,2026-09-19T03:23:00Z,picked_up,US-AUR-ORIGIN,,carrier_webhook,raw_aur_0000723,operations
tenant_aura,tev_aur_0000724,shp_aur_000229,2026-09-19T07:23:00Z,departed,US-AUR-HUB-01,,batch_manifest,raw_aur_0000724,operations
tenant_aura,tev_aur_0000725,shp_aur_000229,2026-09-21T23:59:59Z,delivered,US-AUR-DEST,,carrier_webhook,raw_aur_0000725,operations
tenant_aura,tev_aur_0000726,shp_aur_000230,2026-08-12T16:01:00Z,picked_up,US-AUR-ORIGIN,,carrier_webhook,raw_aur_0000726,operations
tenant_aura,tev_aur_0000727,shp_aur_000230,2026-08-12T20:01:00Z,departed,US-AUR-HUB-01,,batch_manifest,raw_aur_0000727,operations
tenant_aura,tev_aur_0000728,shp_aur_000230,2026-08-14T04:01:00Z,delivered,US-AUR-DEST,,carrier_webhook,raw_aur_0000728,operations
tenant_aura,tev_aur_0000729,shp_aur_000231,2026-08-30T18:48:00Z,picked_up,US-AUR-ORIGIN,,carrier_webhook,raw_aur_0000729,operations
tenant_aura,tev_aur_0000730,shp_aur_000231,2026-08-30T22:48:00Z,departed,US-AUR-HUB-01,,batch_manifest,raw_aur_0000730,operations
tenant_aura,tev_aur_0000731,shp_aur_000231,2026-09-02T18:48:00Z,delivered,US-AUR-DEST,,carrier_webhook,raw_aur_0000731,operations
tenant_aura,tev_aur_0000732,shp_aur_000232,2026-08-28T09:58:00Z,picked_up,US-AUR-ORIGIN,,carrier_webhook,raw_aur_0000732,operations
tenant_aura,tev_aur_0000733,shp_aur_000232,2026-08-28T13:58:00Z,departed,US-AUR-HUB-01,,batch_manifest,raw_aur_0000733,operations
tenant_aura,tev_aur_0000734,shp_aur_000232,2026-08-29T21:58:00Z,delivered,US-AUR-DEST,,carrier_webhook,raw_aur_0000734,operations
tenant_aura,tev_aur_0000735,shp_aur_000233,2026-08-27T17:13:00Z,picked_up,US-AUR-ORIGIN,,carrier_webhook,raw_aur_0000735,operations
tenant_aura,tev_aur_0000736,shp_aur_000233,2026-08-27T21:13:00Z,departed,US-AUR-HUB-01,,batch_manifest,raw_aur_0000736,operations
tenant_aura,tev_aur_0000737,shp_aur_000233,2026-09-01T13:13:00Z,delay,US-AUR-HUB-02,carrier_capacity,carrier_webhook,raw_aur_0000737,operations
tenant_aura,tev_aur_0000738,shp_aur_000233,2026-09-03T02:13:00Z,delivered,US-AUR-DEST,,carrier_webhook,raw_aur_0000738,operations
tenant_aura,tev_aur_0000739,shp_aur_000234,2026-09-18T13:09:00Z,picked_up,US-AUR-ORIGIN,,carrier_webhook,raw_aur_0000739,operations
tenant_aura,tev_aur_0000740,shp_aur_000234,2026-09-18T17:09:00Z,departed,US-AUR-HUB-01,,batch_manifest,raw_aur_0000740,operations
tenant_aura,tev_aur_0000741,shp_aur_000234,2026-09-20T09:09:00Z,delay,US-AUR-HUB-02,weather,carrier_webhook,raw_aur_0000741,operations
tenant_aura,tev_aur_0000742,shp_aur_000234,2026-09-21T22:09:00Z,delivered,US-AUR-DEST,,carrier_webhook,raw_aur_0000742,operations
tenant_aura,tev_aur_0000743,shp_aur_000235,2026-08-25T23:47:00Z,picked_up,US-AUR-ORIGIN,,carrier_webhook,raw_aur_0000743,operations
tenant_aura,tev_aur_0000744,shp_aur_000235,2026-08-26T03:47:00Z,departed,US-AUR-HUB-01,,batch_manifest,raw_aur_0000744,operations
tenant_aura,tev_aur_0000745,shp_aur_000235,2026-08-27T11:47:00Z,delivered,US-AUR-DEST,,carrier_webhook,raw_aur_0000745,operations
tenant_aura,tev_aur_0000746,shp_aur_000236,2026-08-19T13:14:00Z,picked_up,US-AUR-ORIGIN,,carrier_webhook,raw_aur_0000746,operations
tenant_aura,tev_aur_0000747,shp_aur_000236,2026-08-19T17:14:00Z,departed,US-AUR-HUB-01,,batch_manifest,raw_aur_0000747,operations
tenant_aura,tev_aur_0000748,shp_aur_000236,2026-08-21T01:14:00Z,delivered,US-AUR-DEST,,carrier_webhook,raw_aur_0000748,operations
tenant_aura,tev_aur_0000749,shp_aur_000237,2026-08-26T06:56:00Z,picked_up,US-AUR-ORIGIN,,carrier_webhook,raw_aur_0000749,operations
tenant_aura,tev_aur_0000750,shp_aur_000237,2026-08-26T10:56:00Z,departed,US-AUR-HUB-01,,batch_manifest,raw_aur_0000750,operations
tenant_aura,tev_aur_0000751,shp_aur_000237,2026-08-31T02:56:00Z,delay,US-AUR-HUB-02,sortation_error,carrier_webhook,raw_aur_0000751,operations
tenant_aura,tev_aur_0000752,shp_aur_000237,2026-09-01T21:56:00Z,delivered,US-AUR-DEST,,carrier_webhook,raw_aur_0000752,operations
tenant_aura,tev_aur_0000753,shp_aur_000238,2026-08-25T15:26:00Z,picked_up,US-AUR-ORIGIN,,carrier_webhook,raw_aur_0000753,operations
tenant_aura,tev_aur_0000754,shp_aur_000238,2026-08-25T19:26:00Z,departed,US-AUR-HUB-01,,batch_manifest,raw_aur_0000754,operations
tenant_aura,tev_aur_0000755,shp_aur_000238,2026-08-28T15:26:00Z,delivered,US-AUR-DEST,,carrier_webhook,raw_aur_0000755,operations
tenant_aura,tev_aur_0000756,shp_aur_000239,2026-09-01T17:32:00Z,picked_up,US-AUR-ORIGIN,,carrier_webhook,raw_aur_0000756,operations
tenant_aura,tev_aur_0000757,shp_aur_000239,2026-09-01T21:32:00Z,departed,US-AUR-HUB-01,,batch_manifest,raw_aur_0000757,operations
tenant_aura,tev_aur_0000758,shp_aur_000239,2026-09-04T17:32:00Z,delivered,US-AUR-DEST,,carrier_webhook,raw_aur_0000758,operations
tenant_aura,tev_aur_0000759,shp_aur_000240,2026-08-20T15:00:00Z,picked_up,US-AUR-ORIGIN,,carrier_webhook,raw_aur_0000759,operations
tenant_aura,tev_aur_0000760,shp_aur_000240,2026-08-20T19:00:00Z,departed,US-AUR-HUB-01,,batch_manifest,raw_aur_0000760,operations
tenant_aura,tev_aur_0000761,shp_aur_000240,2026-08-22T03:00:00Z,delivered,US-AUR-DEST,,carrier_webhook,raw_aur_0000761,operations
tenant_aura,tev_aur_0000762,shp_aur_000241,2026-08-12T11:57:00Z,picked_up,US-AUR-ORIGIN,,carrier_webhook,raw_aur_0000762,operations
tenant_aura,tev_aur_0000763,shp_aur_000241,2026-08-12T15:57:00Z,departed,US-AUR-HUB-01,,batch_manifest,raw_aur_0000763,operations
tenant_aura,tev_aur_0000764,shp_aur_000241,2026-08-17T07:57:00Z,delay,US-AUR-HUB-02,carrier_capacity,carrier_webhook,raw_aur_0000764,operations
tenant_aura,tev_aur_0000765,shp_aur_000241,2026-08-18T10:57:00Z,delivered,US-AUR-DEST,,carrier_webhook,raw_aur_0000765,operations
tenant_aura,tev_aur_0000766,shp_aur_000242,2026-09-04T22:14:00Z,picked_up,US-AUR-ORIGIN,,carrier_webhook,raw_aur_0000766,operations
tenant_aura,tev_aur_0000767,shp_aur_000242,2026-09-05T02:14:00Z,departed,US-AUR-HUB-01,,batch_manifest,raw_aur_0000767,operations
tenant_aura,tev_aur_0000768,shp_aur_000242,2026-09-08T18:14:00Z,delay,US-AUR-HUB-02,sortation_error,carrier_webhook,raw_aur_0000768,operations
tenant_aura,tev_aur_0000769,shp_aur_000242,2026-09-09T17:14:00Z,delivered,US-AUR-DEST,,carrier_webhook,raw_aur_0000769,operations
tenant_aura,tev_aur_0000770,shp_aur_000243,2026-08-26T13:37:00Z,picked_up,US-AUR-ORIGIN,,carrier_webhook,raw_aur_0000770,operations
tenant_aura,tev_aur_0000771,shp_aur_000243,2026-08-26T17:37:00Z,departed,US-AUR-HUB-01,,batch_manifest,raw_aur_0000771,operations
tenant_aura,tev_aur_0000772,shp_aur_000243,2026-08-31T09:37:00Z,delay,US-AUR-HUB-02,carrier_capacity,carrier_webhook,raw_aur_0000772,operations
tenant_aura,tev_aur_0000773,shp_aur_000243,2026-09-02T10:37:00Z,delivered,US-AUR-DEST,,carrier_webhook,raw_aur_0000773,operations
tenant_aura,tev_aur_0000774,shp_aur_000244,2026-08-24T02:07:00Z,picked_up,US-AUR-ORIGIN,,carrier_webhook,raw_aur_0000774,operations
tenant_aura,tev_aur_0000775,shp_aur_000244,2026-08-24T06:07:00Z,departed,US-AUR-HUB-01,,batch_manifest,raw_aur_0000775,operations
tenant_aura,tev_aur_0000776,shp_aur_000244,2026-08-25T22:07:00Z,delay,US-AUR-HUB-02,address_issue,carrier_webhook,raw_aur_0000776,operations
tenant_aura,tev_aur_0000777,shp_aur_000244,2026-08-27T00:07:00Z,delivered,US-AUR-DEST,,carrier_webhook,raw_aur_0000777,operations
tenant_aura,tev_aur_0000778,shp_aur_000245,2026-09-08T14:41:00Z,picked_up,US-AUR-ORIGIN,,carrier_webhook,raw_aur_0000778,operations
tenant_aura,tev_aur_0000779,shp_aur_000245,2026-09-08T18:41:00Z,departed,US-AUR-HUB-01,,batch_manifest,raw_aur_0000779,operations
tenant_aura,tev_aur_0000780,shp_aur_000245,2026-09-09T10:41:00Z,arrived,US-AUR-HUB-02,,carrier_webhook,raw_aur_0000780,operations
tenant_aura,tev_aur_0000781,shp_aur_000246,2026-09-14T12:21:00Z,picked_up,US-AUR-ORIGIN,,carrier_webhook,raw_aur_0000781,operations
tenant_aura,tev_aur_0000782,shp_aur_000246,2026-09-14T16:21:00Z,departed,US-AUR-HUB-01,,batch_manifest,raw_aur_0000782,operations
tenant_aura,tev_aur_0000783,shp_aur_000246,2026-09-16T08:21:00Z,delay,US-AUR-HUB-02,carrier_capacity,carrier_webhook,raw_aur_0000783,operations
tenant_aura,tev_aur_0000784,shp_aur_000246,2026-09-18T05:21:00Z,delivered,US-AUR-DEST,,carrier_webhook,raw_aur_0000784,operations
tenant_aura,tev_aur_0000785,shp_aur_000247,2026-09-05T14:08:00Z,picked_up,US-AUR-ORIGIN,,carrier_webhook,raw_aur_0000785,operations
tenant_aura,tev_aur_0000786,shp_aur_000247,2026-09-05T18:08:00Z,departed,US-AUR-HUB-01,,batch_manifest,raw_aur_0000786,operations
tenant_aura,tev_aur_0000787,shp_aur_000247,2026-09-07T02:08:00Z,delivered,US-AUR-DEST,,carrier_webhook,raw_aur_0000787,operations
tenant_aura,tev_aur_0000788,shp_aur_000248,2026-09-05T20:11:00Z,picked_up,US-AUR-ORIGIN,,carrier_webhook,raw_aur_0000788,operations
tenant_aura,tev_aur_0000789,shp_aur_000248,2026-09-06T00:11:00Z,departed,US-AUR-HUB-01,,batch_manifest,raw_aur_0000789,operations
tenant_aura,tev_aur_0000790,shp_aur_000248,2026-09-09T14:11:00Z,delivered,US-AUR-DEST,,carrier_webhook,raw_aur_0000790,operations
tenant_aura,tev_aur_0000791,shp_aur_000249,2026-08-21T02:07:00Z,picked_up,US-AUR-ORIGIN,,carrier_webhook,raw_aur_0000791,operations
tenant_aura,tev_aur_0000792,shp_aur_000249,2026-08-21T06:07:00Z,departed,US-AUR-HUB-01,,batch_manifest,raw_aur_0000792,operations
tenant_aura,tev_aur_0000793,shp_aur_000249,2026-08-22T22:07:00Z,delay,US-AUR-HUB-02,address_issue,carrier_webhook,raw_aur_0000793,operations
tenant_aura,tev_aur_0000794,shp_aur_000249,2026-08-25T11:07:00Z,delivered,US-AUR-DEST,,carrier_webhook,raw_aur_0000794,operations
tenant_aura,tev_aur_0000795,shp_aur_000250,2026-09-10T04:05:00Z,picked_up,US-AUR-ORIGIN,,carrier_webhook,raw_aur_0000795,operations
tenant_aura,tev_aur_0000796,shp_aur_000250,2026-09-10T08:05:00Z,departed,US-AUR-HUB-01,,batch_manifest,raw_aur_0000796,operations
tenant_aura,tev_aur_0000797,shp_aur_000250,2026-09-13T22:05:00Z,delivered,US-AUR-DEST,,carrier_webhook,raw_aur_0000797,operations
tenant_aura,tev_aur_0000798,shp_aur_000251,2026-08-18T13:53:00Z,picked_up,US-AUR-ORIGIN,,carrier_webhook,raw_aur_0000798,operations
tenant_aura,tev_aur_0000799,shp_aur_000251,2026-08-18T17:53:00Z,departed,US-AUR-HUB-01,,batch_manifest,raw_aur_0000799,operations
tenant_aura,tev_aur_0000800,shp_aur_000251,2026-08-20T01:53:00Z,delivered,US-AUR-DEST,,carrier_webhook,raw_aur_0000800,operations
tenant_aura,tev_aur_0000801,shp_aur_000252,2026-09-09T00:17:00Z,picked_up,US-AUR-ORIGIN,,carrier_webhook,raw_aur_0000801,operations
tenant_aura,tev_aur_0000802,shp_aur_000252,2026-09-09T04:17:00Z,departed,US-AUR-HUB-01,,batch_manifest,raw_aur_0000802,operations
tenant_aura,tev_aur_0000803,shp_aur_000252,2026-09-12T18:17:00Z,delivered,US-AUR-DEST,,carrier_webhook,raw_aur_0000803,operations
tenant_aura,tev_aur_0000804,shp_aur_000253,2026-08-21T13:41:00Z,picked_up,US-AUR-ORIGIN,,carrier_webhook,raw_aur_0000804,operations
tenant_aura,tev_aur_0000805,shp_aur_000253,2026-08-21T17:41:00Z,departed,US-AUR-HUB-01,,batch_manifest,raw_aur_0000805,operations
tenant_aura,tev_aur_0000806,shp_aur_000253,2026-08-23T01:41:00Z,delivered,US-AUR-DEST,,carrier_webhook,raw_aur_0000806,operations
tenant_aura,tev_aur_0000807,shp_aur_000254,2026-08-28T22:06:00Z,picked_up,US-AUR-ORIGIN,,carrier_webhook,raw_aur_0000807,operations
tenant_aura,tev_aur_0000808,shp_aur_000254,2026-08-29T02:06:00Z,departed,US-AUR-HUB-01,,batch_manifest,raw_aur_0000808,operations
tenant_aura,tev_aur_0000809,shp_aur_000254,2026-08-31T22:06:00Z,delivered,US-AUR-DEST,,carrier_webhook,raw_aur_0000809,operations
tenant_aura,tev_aur_0000810,shp_aur_000255,2026-09-17T21:45:00Z,picked_up,US-AUR-ORIGIN,,carrier_webhook,raw_aur_0000810,operations
tenant_aura,tev_aur_0000811,shp_aur_000255,2026-09-18T01:45:00Z,departed,US-AUR-HUB-01,,batch_manifest,raw_aur_0000811,operations
tenant_aura,tev_aur_0000812,shp_aur_000255,2026-09-21T17:45:00Z,delay,US-AUR-HUB-02,carrier_capacity,carrier_webhook,raw_aur_0000812,operations
tenant_aura,tev_aur_0000813,shp_aur_000255,2026-09-21T23:59:59Z,delivered,US-AUR-DEST,,carrier_webhook,raw_aur_0000813,operations
tenant_aura,tev_aur_0000814,shp_aur_000256,2026-09-08T15:57:00Z,picked_up,US-AUR-ORIGIN,,carrier_webhook,raw_aur_0000814,operations
tenant_aura,tev_aur_0000815,shp_aur_000256,2026-09-08T19:57:00Z,departed,US-AUR-HUB-01,,batch_manifest,raw_aur_0000815,operations
tenant_aura,tev_aur_0000816,shp_aur_000256,2026-09-13T11:57:00Z,delay,US-AUR-HUB-02,weather,carrier_webhook,raw_aur_0000816,operations
tenant_aura,tev_aur_0000817,shp_aur_000256,2026-09-15T12:57:00Z,delivered,US-AUR-DEST,,carrier_webhook,raw_aur_0000817,operations
tenant_aura,tev_aur_0000818,shp_aur_000257,2026-09-08T21:41:00Z,picked_up,US-AUR-ORIGIN,,carrier_webhook,raw_aur_0000818,operations
tenant_aura,tev_aur_0000819,shp_aur_000257,2026-09-09T01:41:00Z,departed,US-AUR-HUB-01,,batch_manifest,raw_aur_0000819,operations
tenant_aura,tev_aur_0000820,shp_aur_000257,2026-09-09T17:41:00Z,arrived,US-AUR-HUB-02,,carrier_webhook,raw_aur_0000820,operations
tenant_aura,tev_aur_0000821,shp_aur_000258,2026-08-11T14:09:00Z,picked_up,US-AUR-ORIGIN,,carrier_webhook,raw_aur_0000821,operations
tenant_aura,tev_aur_0000822,shp_aur_000258,2026-08-11T18:09:00Z,departed,US-AUR-HUB-01,,batch_manifest,raw_aur_0000822,operations
tenant_aura,tev_aur_0000823,shp_aur_000258,2026-08-13T02:09:00Z,delivered,US-AUR-DEST,,carrier_webhook,raw_aur_0000823,operations
tenant_aura,tev_aur_0000824,shp_aur_000259,2026-08-25T15:56:00Z,picked_up,US-AUR-ORIGIN,,carrier_webhook,raw_aur_0000824,operations
tenant_aura,tev_aur_0000825,shp_aur_000259,2026-08-25T19:56:00Z,departed,US-AUR-HUB-01,,batch_manifest,raw_aur_0000825,operations
tenant_aura,tev_aur_0000826,shp_aur_000259,2026-08-27T03:56:00Z,delivered,US-AUR-DEST,,carrier_webhook,raw_aur_0000826,operations
tenant_aura,tev_aur_0000827,shp_aur_000260,2026-08-30T14:33:00Z,picked_up,US-AUR-ORIGIN,,carrier_webhook,raw_aur_0000827,operations
tenant_aura,tev_aur_0000828,shp_aur_000260,2026-08-30T18:33:00Z,departed,US-AUR-HUB-01,,batch_manifest,raw_aur_0000828,operations
tenant_aura,tev_aur_0000829,shp_aur_000260,2026-09-01T02:33:00Z,delivered,US-AUR-DEST,,carrier_webhook,raw_aur_0000829,operations
tenant_aura,tev_aur_0000830,shp_aur_000261,2026-09-09T18:04:00Z,picked_up,US-AUR-ORIGIN,,carrier_webhook,raw_aur_0000830,operations
tenant_aura,tev_aur_0000831,shp_aur_000261,2026-09-09T22:04:00Z,departed,US-AUR-HUB-01,,batch_manifest,raw_aur_0000831,operations
tenant_aura,tev_aur_0000832,shp_aur_000261,2026-09-10T14:04:00Z,arrived,US-AUR-HUB-02,,carrier_webhook,raw_aur_0000832,operations
tenant_aura,tev_aur_0000833,shp_aur_000262,2026-09-18T18:01:00Z,picked_up,US-AUR-ORIGIN,,carrier_webhook,raw_aur_0000833,operations
tenant_aura,tev_aur_0000834,shp_aur_000262,2026-09-18T22:01:00Z,departed,US-AUR-HUB-01,,batch_manifest,raw_aur_0000834,operations
tenant_aura,tev_aur_0000835,shp_aur_000262,2026-09-21T23:59:59Z,delivered,US-AUR-DEST,,carrier_webhook,raw_aur_0000835,operations
tenant_aura,tev_aur_0000836,shp_aur_000263,2026-08-14T23:17:00Z,picked_up,US-AUR-ORIGIN,,carrier_webhook,raw_aur_0000836,operations
tenant_aura,tev_aur_0000837,shp_aur_000263,2026-08-15T03:17:00Z,departed,US-AUR-HUB-01,,batch_manifest,raw_aur_0000837,operations
tenant_aura,tev_aur_0000838,shp_aur_000263,2026-08-19T19:17:00Z,delay,US-AUR-HUB-02,weather,carrier_webhook,raw_aur_0000838,operations
tenant_aura,tev_aur_0000839,shp_aur_000263,2026-08-21T15:17:00Z,delivered,US-AUR-DEST,,carrier_webhook,raw_aur_0000839,operations
tenant_aura,tev_aur_0000840,shp_aur_000264,2026-09-20T00:55:00Z,picked_up,US-AUR-ORIGIN,,carrier_webhook,raw_aur_0000840,operations
tenant_aura,tev_aur_0000841,shp_aur_000264,2026-09-20T04:55:00Z,departed,US-AUR-HUB-01,,batch_manifest,raw_aur_0000841,operations
tenant_aura,tev_aur_0000842,shp_aur_000264,2026-09-21T23:59:59Z,delivered,US-AUR-DEST,,carrier_webhook,raw_aur_0000842,operations
tenant_aura,tev_aur_0000843,shp_aur_000265,2026-09-10T07:05:00Z,picked_up,US-AUR-ORIGIN,,carrier_webhook,raw_aur_0000843,operations
tenant_aura,tev_aur_0000844,shp_aur_000265,2026-09-10T11:05:00Z,departed,US-AUR-HUB-01,,batch_manifest,raw_aur_0000844,operations
tenant_aura,tev_aur_0000845,shp_aur_000265,2026-09-13T07:05:00Z,delivered,US-AUR-DEST,,carrier_webhook,raw_aur_0000845,operations
tenant_aura,tev_aur_0000846,shp_aur_000266,2026-08-17T02:58:00Z,picked_up,US-AUR-ORIGIN,,carrier_webhook,raw_aur_0000846,operations
tenant_aura,tev_aur_0000847,shp_aur_000266,2026-08-17T06:58:00Z,departed,US-AUR-HUB-01,,batch_manifest,raw_aur_0000847,operations
tenant_aura,tev_aur_0000848,shp_aur_000266,2026-08-18T22:58:00Z,delay,US-AUR-HUB-02,sortation_error,carrier_webhook,raw_aur_0000848,operations
tenant_aura,tev_aur_0000849,shp_aur_000266,2026-08-20T11:58:00Z,delivered,US-AUR-DEST,,carrier_webhook,raw_aur_0000849,operations
tenant_aura,tev_aur_0000850,shp_aur_000267,2026-08-24T02:55:00Z,picked_up,US-AUR-ORIGIN,,carrier_webhook,raw_aur_0000850,operations
tenant_aura,tev_aur_0000851,shp_aur_000267,2026-08-24T06:55:00Z,departed,US-AUR-HUB-01,,batch_manifest,raw_aur_0000851,operations
tenant_aura,tev_aur_0000852,shp_aur_000267,2026-08-27T22:55:00Z,delay,US-AUR-HUB-02,carrier_capacity,carrier_webhook,raw_aur_0000852,operations
tenant_aura,tev_aur_0000853,shp_aur_000267,2026-08-28T14:55:00Z,delivered,US-AUR-DEST,,carrier_webhook,raw_aur_0000853,operations
tenant_aura,tev_aur_0000854,shp_aur_000268,2026-08-31T16:47:00Z,picked_up,US-AUR-ORIGIN,,carrier_webhook,raw_aur_0000854,operations
tenant_aura,tev_aur_0000855,shp_aur_000268,2026-08-31T20:47:00Z,departed,US-AUR-HUB-01,,batch_manifest,raw_aur_0000855,operations
tenant_aura,tev_aur_0000856,shp_aur_000268,2026-09-02T04:47:00Z,delivered,US-AUR-DEST,,carrier_webhook,raw_aur_0000856,operations
tenant_aura,tev_aur_0000857,shp_aur_000269,2026-08-13T06:19:00Z,picked_up,US-AUR-ORIGIN,,carrier_webhook,raw_aur_0000857,operations
tenant_aura,tev_aur_0000858,shp_aur_000269,2026-08-13T10:19:00Z,departed,US-AUR-HUB-01,,batch_manifest,raw_aur_0000858,operations
tenant_aura,tev_aur_0000859,shp_aur_000269,2026-08-14T18:19:00Z,delivered,US-AUR-DEST,,carrier_webhook,raw_aur_0000859,operations
tenant_aura,tev_aur_0000860,shp_aur_000270,2026-08-23T12:35:00Z,picked_up,US-AUR-ORIGIN,,carrier_webhook,raw_aur_0000860,operations
tenant_aura,tev_aur_0000861,shp_aur_000270,2026-08-23T16:35:00Z,departed,US-AUR-HUB-01,,batch_manifest,raw_aur_0000861,operations
tenant_aura,tev_aur_0000862,shp_aur_000270,2026-08-25T00:35:00Z,delivered,US-AUR-DEST,,carrier_webhook,raw_aur_0000862,operations
tenant_aura,tev_aur_0000863,shp_aur_000271,2026-09-09T12:48:00Z,picked_up,US-AUR-ORIGIN,,carrier_webhook,raw_aur_0000863,operations
tenant_aura,tev_aur_0000864,shp_aur_000271,2026-09-09T16:48:00Z,departed,US-AUR-HUB-01,,batch_manifest,raw_aur_0000864,operations
tenant_aura,tev_aur_0000865,shp_aur_000271,2026-09-11T00:48:00Z,delivered,US-AUR-DEST,,carrier_webhook,raw_aur_0000865,operations
tenant_aura,tev_aur_0000866,shp_aur_000272,2026-09-17T17:04:00Z,picked_up,US-AUR-ORIGIN,,carrier_webhook,raw_aur_0000866,operations
tenant_aura,tev_aur_0000867,shp_aur_000272,2026-09-17T21:04:00Z,departed,US-AUR-HUB-01,,batch_manifest,raw_aur_0000867,operations
tenant_aura,tev_aur_0000868,shp_aur_000272,2026-09-19T05:04:00Z,delivered,US-AUR-DEST,,carrier_webhook,raw_aur_0000868,operations
tenant_aura,tev_aur_0000869,shp_aur_000273,2026-09-13T04:48:00Z,picked_up,US-AUR-ORIGIN,,carrier_webhook,raw_aur_0000869,operations
tenant_aura,tev_aur_0000870,shp_aur_000273,2026-09-13T08:48:00Z,departed,US-AUR-HUB-01,,batch_manifest,raw_aur_0000870,operations
tenant_aura,tev_aur_0000871,shp_aur_000273,2026-09-14T16:48:00Z,delivered,US-AUR-DEST,,carrier_webhook,raw_aur_0000871,operations
tenant_aura,tev_aur_0000872,shp_aur_000274,2026-09-15T10:00:00Z,picked_up,US-AUR-ORIGIN,,carrier_webhook,raw_aur_0000872,operations
tenant_aura,tev_aur_0000873,shp_aur_000274,2026-09-15T14:00:00Z,departed,US-AUR-HUB-01,,batch_manifest,raw_aur_0000873,operations
tenant_aura,tev_aur_0000874,shp_aur_000274,2026-09-17T06:00:00Z,delay,US-AUR-HUB-02,carrier_capacity,carrier_webhook,raw_aur_0000874,operations
tenant_aura,tev_aur_0000875,shp_aur_000275,2026-08-18T10:54:00Z,picked_up,US-AUR-ORIGIN,,carrier_webhook,raw_aur_0000875,operations
tenant_aura,tev_aur_0000876,shp_aur_000275,2026-08-18T14:54:00Z,departed,US-AUR-HUB-01,,batch_manifest,raw_aur_0000876,operations
tenant_aura,tev_aur_0000877,shp_aur_000275,2026-08-22T04:54:00Z,delivered,US-AUR-DEST,,carrier_webhook,raw_aur_0000877,operations
tenant_aura,tev_aur_0000878,shp_aur_000276,2026-08-12T13:37:00Z,picked_up,US-AUR-ORIGIN,,carrier_webhook,raw_aur_0000878,operations
tenant_aura,tev_aur_0000879,shp_aur_000276,2026-08-12T17:37:00Z,departed,US-AUR-HUB-01,,batch_manifest,raw_aur_0000879,operations
tenant_aura,tev_aur_0000880,shp_aur_000276,2026-08-14T01:37:00Z,delivered,US-AUR-DEST,,carrier_webhook,raw_aur_0000880,operations
tenant_aura,tev_aur_0000881,shp_aur_000277,2026-08-20T14:27:00Z,picked_up,US-AUR-ORIGIN,,carrier_webhook,raw_aur_0000881,operations
tenant_aura,tev_aur_0000882,shp_aur_000277,2026-08-20T18:27:00Z,departed,US-AUR-HUB-01,,batch_manifest,raw_aur_0000882,operations
tenant_aura,tev_aur_0000883,shp_aur_000277,2026-08-23T14:27:00Z,delivered,US-AUR-DEST,,carrier_webhook,raw_aur_0000883,operations
tenant_aura,tev_aur_0000884,shp_aur_000278,2026-08-19T02:46:00Z,picked_up,US-AUR-ORIGIN,,carrier_webhook,raw_aur_0000884,operations
tenant_aura,tev_aur_0000885,shp_aur_000278,2026-08-19T06:46:00Z,departed,US-AUR-HUB-01,,batch_manifest,raw_aur_0000885,operations
tenant_aura,tev_aur_0000886,shp_aur_000278,2026-08-22T20:46:00Z,delivered,US-AUR-DEST,,carrier_webhook,raw_aur_0000886,operations
tenant_aura,tev_aur_0000887,shp_aur_000279,2026-08-26T06:06:00Z,picked_up,US-AUR-ORIGIN,,carrier_webhook,raw_aur_0000887,operations
tenant_aura,tev_aur_0000888,shp_aur_000279,2026-08-26T10:06:00Z,departed,US-AUR-HUB-01,,batch_manifest,raw_aur_0000888,operations
tenant_aura,tev_aur_0000889,shp_aur_000279,2026-08-27T18:06:00Z,delivered,US-AUR-DEST,,carrier_webhook,raw_aur_0000889,operations
tenant_aura,tev_aur_0000890,shp_aur_000280,2026-09-17T04:54:00Z,picked_up,US-AUR-ORIGIN,,carrier_webhook,raw_aur_0000890,operations
tenant_aura,tev_aur_0000891,shp_aur_000280,2026-09-17T08:54:00Z,departed,US-AUR-HUB-01,,batch_manifest,raw_aur_0000891,operations
tenant_aura,tev_aur_0000892,shp_aur_000280,2026-09-20T04:54:00Z,delivered,US-AUR-DEST,,carrier_webhook,raw_aur_0000892,operations
tenant_aura,tev_aur_0000893,shp_aur_000281,2026-08-30T02:16:00Z,picked_up,US-AUR-ORIGIN,,carrier_webhook,raw_aur_0000893,operations
tenant_aura,tev_aur_0000894,shp_aur_000281,2026-08-30T06:16:00Z,departed,US-AUR-HUB-01,,batch_manifest,raw_aur_0000894,operations
tenant_aura,tev_aur_0000895,shp_aur_000281,2026-09-02T02:16:00Z,delivered,US-AUR-DEST,,carrier_webhook,raw_aur_0000895,operations
tenant_aura,tev_aur_0000896,shp_aur_000282,2026-08-18T13:10:00Z,picked_up,US-AUR-ORIGIN,,carrier_webhook,raw_aur_0000896,operations
tenant_aura,tev_aur_0000897,shp_aur_000282,2026-08-18T17:10:00Z,departed,US-AUR-HUB-01,,batch_manifest,raw_aur_0000897,operations
tenant_aura,tev_aur_0000898,shp_aur_000282,2026-08-20T01:10:00Z,delivered,US-AUR-DEST,,carrier_webhook,raw_aur_0000898,operations
tenant_aura,tev_aur_0000899,shp_aur_000283,2026-09-06T06:34:00Z,picked_up,US-AUR-ORIGIN,,carrier_webhook,raw_aur_0000899,operations
tenant_aura,tev_aur_0000900,shp_aur_000283,2026-09-06T10:34:00Z,departed,US-AUR-HUB-01,,batch_manifest,raw_aur_0000900,operations
tenant_aura,tev_aur_0000901,shp_aur_000283,2026-09-09T06:34:00Z,delivered,US-AUR-DEST,,carrier_webhook,raw_aur_0000901,operations
tenant_aura,tev_aur_0000902,shp_aur_000284,2026-08-21T02:29:00Z,picked_up,US-AUR-ORIGIN,,carrier_webhook,raw_aur_0000902,operations
tenant_aura,tev_aur_0000903,shp_aur_000284,2026-08-21T06:29:00Z,departed,US-AUR-HUB-01,,batch_manifest,raw_aur_0000903,operations
tenant_aura,tev_aur_0000904,shp_aur_000284,2026-08-22T14:29:00Z,delivered,US-AUR-DEST,,carrier_webhook,raw_aur_0000904,operations
tenant_aura,tev_aur_0000905,shp_aur_000285,2026-08-20T18:24:00Z,picked_up,US-AUR-ORIGIN,,carrier_webhook,raw_aur_0000905,operations
tenant_aura,tev_aur_0000906,shp_aur_000285,2026-08-20T22:24:00Z,departed,US-AUR-HUB-01,,batch_manifest,raw_aur_0000906,operations
tenant_aura,tev_aur_0000907,shp_aur_000285,2026-08-22T06:24:00Z,delivered,US-AUR-DEST,,carrier_webhook,raw_aur_0000907,operations
tenant_aura,tev_aur_0000908,shp_aur_000286,2026-08-17T07:21:00Z,picked_up,US-AUR-ORIGIN,,carrier_webhook,raw_aur_0000908,operations
tenant_aura,tev_aur_0000909,shp_aur_000286,2026-08-17T11:21:00Z,departed,US-AUR-HUB-01,,batch_manifest,raw_aur_0000909,operations
tenant_aura,tev_aur_0000910,shp_aur_000286,2026-08-19T03:21:00Z,delay,US-AUR-HUB-02,carrier_capacity,carrier_webhook,raw_aur_0000910,operations
tenant_aura,tev_aur_0000911,shp_aur_000286,2026-08-20T13:21:00Z,delivered,US-AUR-DEST,,carrier_webhook,raw_aur_0000911,operations
tenant_aura,tev_aur_0000912,shp_aur_000287,2026-08-31T18:29:00Z,picked_up,US-AUR-ORIGIN,,carrier_webhook,raw_aur_0000912,operations
tenant_aura,tev_aur_0000913,shp_aur_000287,2026-08-31T22:29:00Z,departed,US-AUR-HUB-01,,batch_manifest,raw_aur_0000913,operations
tenant_aura,tev_aur_0000914,shp_aur_000287,2026-09-03T18:29:00Z,delivered,US-AUR-DEST,,carrier_webhook,raw_aur_0000914,operations
tenant_aura,tev_aur_0000915,shp_aur_000288,2026-08-22T04:30:00Z,picked_up,US-AUR-ORIGIN,,carrier_webhook,raw_aur_0000915,operations
tenant_aura,tev_aur_0000916,shp_aur_000288,2026-08-22T08:30:00Z,departed,US-AUR-HUB-01,,batch_manifest,raw_aur_0000916,operations
tenant_aura,tev_aur_0000917,shp_aur_000288,2026-08-25T04:30:00Z,delivered,US-AUR-DEST,,carrier_webhook,raw_aur_0000917,operations
tenant_aura,tev_aur_0000918,shp_aur_000289,2026-09-18T17:16:00Z,picked_up,US-AUR-ORIGIN,,carrier_webhook,raw_aur_0000918,operations
tenant_aura,tev_aur_0000919,shp_aur_000289,2026-09-18T21:16:00Z,departed,US-AUR-HUB-01,,batch_manifest,raw_aur_0000919,operations
tenant_aura,tev_aur_0000920,shp_aur_000289,2026-09-21T23:59:59Z,delivered,US-AUR-DEST,,carrier_webhook,raw_aur_0000920,operations
tenant_aura,tev_aur_0000921,shp_aur_000290,2026-08-28T01:59:00Z,picked_up,US-AUR-ORIGIN,,carrier_webhook,raw_aur_0000921,operations
tenant_aura,tev_aur_0000922,shp_aur_000290,2026-08-28T05:59:00Z,departed,US-AUR-HUB-01,,batch_manifest,raw_aur_0000922,operations
tenant_aura,tev_aur_0000923,shp_aur_000290,2026-08-31T01:59:00Z,delivered,US-AUR-DEST,,carrier_webhook,raw_aur_0000923,operations
tenant_aura,tev_aur_0000924,shp_aur_000291,2026-08-25T10:46:00Z,picked_up,US-AUR-ORIGIN,,carrier_webhook,raw_aur_0000924,operations
tenant_aura,tev_aur_0000925,shp_aur_000291,2026-08-25T14:46:00Z,departed,US-AUR-HUB-01,,batch_manifest,raw_aur_0000925,operations
tenant_aura,tev_aur_0000926,shp_aur_000291,2026-08-28T10:46:00Z,delivered,US-AUR-DEST,,carrier_webhook,raw_aur_0000926,operations
tenant_aura,tev_aur_0000927,shp_aur_000292,2026-08-21T02:23:00Z,picked_up,US-AUR-ORIGIN,,carrier_webhook,raw_aur_0000927,operations
tenant_aura,tev_aur_0000928,shp_aur_000292,2026-08-21T06:23:00Z,departed,US-AUR-HUB-01,,batch_manifest,raw_aur_0000928,operations
tenant_aura,tev_aur_0000929,shp_aur_000292,2026-08-24T20:23:00Z,delivered,US-AUR-DEST,,carrier_webhook,raw_aur_0000929,operations
tenant_aura,tev_aur_0000930,shp_aur_000293,2026-08-16T08:20:00Z,picked_up,US-AUR-ORIGIN,,carrier_webhook,raw_aur_0000930,operations
tenant_aura,tev_aur_0000931,shp_aur_000293,2026-08-16T12:20:00Z,departed,US-AUR-HUB-01,,batch_manifest,raw_aur_0000931,operations
tenant_aura,tev_aur_0000932,shp_aur_000293,2026-08-19T08:20:00Z,delivered,US-AUR-DEST,,carrier_webhook,raw_aur_0000932,operations
tenant_aura,tev_aur_0000933,shp_aur_000294,2026-09-06T08:01:00Z,picked_up,US-AUR-ORIGIN,,carrier_webhook,raw_aur_0000933,operations
tenant_aura,tev_aur_0000934,shp_aur_000294,2026-09-06T12:01:00Z,departed,US-AUR-HUB-01,,batch_manifest,raw_aur_0000934,operations
tenant_aura,tev_aur_0000935,shp_aur_000294,2026-09-08T04:01:00Z,delay,US-AUR-HUB-02,weather,carrier_webhook,raw_aur_0000935,operations
tenant_aura,tev_aur_0000936,shp_aur_000295,2026-09-15T04:25:00Z,picked_up,US-AUR-ORIGIN,,carrier_webhook,raw_aur_0000936,operations
tenant_aura,tev_aur_0000937,shp_aur_000295,2026-09-15T08:25:00Z,departed,US-AUR-HUB-01,,batch_manifest,raw_aur_0000937,operations
tenant_aura,tev_aur_0000938,shp_aur_000295,2026-09-16T00:25:00Z,arrived,US-AUR-HUB-02,,carrier_webhook,raw_aur_0000938,operations
tenant_aura,tev_aur_0000939,shp_aur_000296,2026-08-30T17:23:00Z,picked_up,US-AUR-ORIGIN,,carrier_webhook,raw_aur_0000939,operations
tenant_aura,tev_aur_0000940,shp_aur_000296,2026-08-30T21:23:00Z,departed,US-AUR-HUB-01,,batch_manifest,raw_aur_0000940,operations
tenant_aura,tev_aur_0000941,shp_aur_000296,2026-09-03T13:23:00Z,delay,US-AUR-HUB-02,carrier_capacity,carrier_webhook,raw_aur_0000941,operations
tenant_aura,tev_aur_0000942,shp_aur_000296,2026-09-06T05:23:00Z,delivered,US-AUR-DEST,,carrier_webhook,raw_aur_0000942,operations
tenant_aura,tev_aur_0000943,shp_aur_000297,2026-09-04T01:08:00Z,picked_up,US-AUR-ORIGIN,,carrier_webhook,raw_aur_0000943,operations
tenant_aura,tev_aur_0000944,shp_aur_000297,2026-09-04T05:08:00Z,departed,US-AUR-HUB-01,,batch_manifest,raw_aur_0000944,operations
tenant_aura,tev_aur_0000945,shp_aur_000297,2026-09-08T21:08:00Z,delay,US-AUR-HUB-02,sortation_error,carrier_webhook,raw_aur_0000945,operations
tenant_aura,tev_aur_0000946,shp_aur_000297,2026-09-11T11:08:00Z,delivered,US-AUR-DEST,,carrier_webhook,raw_aur_0000946,operations
tenant_aura,tev_aur_0000947,shp_aur_000298,2026-08-14T21:28:00Z,picked_up,US-AUR-ORIGIN,,carrier_webhook,raw_aur_0000947,operations
tenant_aura,tev_aur_0000948,shp_aur_000298,2026-08-15T01:28:00Z,departed,US-AUR-HUB-01,,batch_manifest,raw_aur_0000948,operations
tenant_aura,tev_aur_0000949,shp_aur_000298,2026-08-16T09:28:00Z,delivered,US-AUR-DEST,,carrier_webhook,raw_aur_0000949,operations
tenant_aura,tev_aur_0000950,shp_aur_000299,2026-08-30T13:42:00Z,picked_up,US-AUR-ORIGIN,,carrier_webhook,raw_aur_0000950,operations
tenant_aura,tev_aur_0000951,shp_aur_000299,2026-08-30T17:42:00Z,departed,US-AUR-HUB-01,,batch_manifest,raw_aur_0000951,operations
tenant_aura,tev_aur_0000952,shp_aur_000299,2026-09-03T07:42:00Z,delivered,US-AUR-DEST,,carrier_webhook,raw_aur_0000952,operations
tenant_aura,tev_aur_0000953,shp_aur_000300,2026-09-08T16:39:00Z,picked_up,US-AUR-ORIGIN,,carrier_webhook,raw_aur_0000953,operations
tenant_aura,tev_aur_0000954,shp_aur_000300,2026-09-08T20:39:00Z,departed,US-AUR-HUB-01,,batch_manifest,raw_aur_0000954,operations
tenant_aura,tev_aur_0000955,shp_aur_000300,2026-09-12T10:39:00Z,delivered,US-AUR-DEST,,carrier_webhook,raw_aur_0000955,operations
tenant_aura,tev_aur_0000956,shp_aur_000301,2026-09-09T18:51:00Z,picked_up,US-AUR-ORIGIN,,carrier_webhook,raw_aur_0000956,operations
tenant_aura,tev_aur_0000957,shp_aur_000301,2026-09-09T22:51:00Z,departed,US-AUR-HUB-01,,batch_manifest,raw_aur_0000957,operations
tenant_aura,tev_aur_0000958,shp_aur_000301,2026-09-13T12:51:00Z,delivered,US-AUR-DEST,,carrier_webhook,raw_aur_0000958,operations
tenant_aura,tev_aur_0000959,shp_aur_000302,2026-08-31T16:15:00Z,picked_up,US-AUR-ORIGIN,,carrier_webhook,raw_aur_0000959,operations
tenant_aura,tev_aur_0000960,shp_aur_000302,2026-08-31T20:15:00Z,departed,US-AUR-HUB-01,,batch_manifest,raw_aur_0000960,operations
tenant_aura,tev_aur_0000961,shp_aur_000302,2026-09-05T12:15:00Z,delay,US-AUR-HUB-02,address_issue,carrier_webhook,raw_aur_0000961,operations
tenant_aura,tev_aur_0000962,shp_aur_000302,2026-09-08T02:15:00Z,delivered,US-AUR-DEST,,carrier_webhook,raw_aur_0000962,operations
tenant_aura,tev_aur_0000963,shp_aur_000303,2026-08-23T22:50:00Z,picked_up,US-AUR-ORIGIN,,carrier_webhook,raw_aur_0000963,operations
tenant_aura,tev_aur_0000964,shp_aur_000303,2026-08-24T02:50:00Z,departed,US-AUR-HUB-01,,batch_manifest,raw_aur_0000964,operations
tenant_aura,tev_aur_0000965,shp_aur_000303,2026-08-26T22:50:00Z,delivered,US-AUR-DEST,,carrier_webhook,raw_aur_0000965,operations
tenant_aura,tev_aur_0000966,shp_aur_000304,2026-08-27T21:10:00Z,picked_up,US-AUR-ORIGIN,,carrier_webhook,raw_aur_0000966,operations
tenant_aura,tev_aur_0000967,shp_aur_000304,2026-08-28T01:10:00Z,departed,US-AUR-HUB-01,,batch_manifest,raw_aur_0000967,operations
tenant_aura,tev_aur_0000968,shp_aur_000304,2026-08-30T21:10:00Z,delivered,US-AUR-DEST,,carrier_webhook,raw_aur_0000968,operations
tenant_aura,tev_aur_0000969,shp_aur_000305,2026-09-18T21:54:00Z,picked_up,US-AUR-ORIGIN,,carrier_webhook,raw_aur_0000969,operations
tenant_aura,tev_aur_0000970,shp_aur_000305,2026-09-19T01:54:00Z,departed,US-AUR-HUB-01,,batch_manifest,raw_aur_0000970,operations
tenant_aura,tev_aur_0000971,shp_aur_000305,2026-09-20T09:54:00Z,delivered,US-AUR-DEST,,carrier_webhook,raw_aur_0000971,operations
tenant_aura,tev_aur_0000972,shp_aur_000306,2026-09-07T10:20:00Z,picked_up,US-AUR-ORIGIN,,carrier_webhook,raw_aur_0000972,operations
tenant_aura,tev_aur_0000973,shp_aur_000306,2026-09-07T14:20:00Z,departed,US-AUR-HUB-01,,batch_manifest,raw_aur_0000973,operations
tenant_aura,tev_aur_0000974,shp_aur_000306,2026-09-11T04:20:00Z,delivered,US-AUR-DEST,,carrier_webhook,raw_aur_0000974,operations
tenant_aura,tev_aur_0000975,shp_aur_000307,2026-09-10T11:57:00Z,picked_up,US-AUR-ORIGIN,,carrier_webhook,raw_aur_0000975,operations
tenant_aura,tev_aur_0000976,shp_aur_000307,2026-09-10T15:57:00Z,departed,US-AUR-HUB-01,,batch_manifest,raw_aur_0000976,operations
tenant_aura,tev_aur_0000977,shp_aur_000307,2026-09-12T07:57:00Z,delay,US-AUR-HUB-02,weather,carrier_webhook,raw_aur_0000977,operations
tenant_aura,tev_aur_0000978,shp_aur_000307,2026-09-13T13:57:00Z,delivered,US-AUR-DEST,,carrier_webhook,raw_aur_0000978,operations
tenant_aura,tev_aur_0000979,shp_aur_000308,2026-09-17T12:55:00Z,picked_up,US-AUR-ORIGIN,,carrier_webhook,raw_aur_0000979,operations
tenant_aura,tev_aur_0000980,shp_aur_000308,2026-09-17T16:55:00Z,departed,US-AUR-HUB-01,,batch_manifest,raw_aur_0000980,operations
tenant_aura,tev_aur_0000981,shp_aur_000308,2026-09-19T00:55:00Z,delivered,US-AUR-DEST,,carrier_webhook,raw_aur_0000981,operations
tenant_aura,tev_aur_0000982,shp_aur_000309,2026-08-28T12:22:00Z,picked_up,US-AUR-ORIGIN,,carrier_webhook,raw_aur_0000982,operations
tenant_aura,tev_aur_0000983,shp_aur_000309,2026-08-28T16:22:00Z,departed,US-AUR-HUB-01,,batch_manifest,raw_aur_0000983,operations
tenant_aura,tev_aur_0000984,shp_aur_000309,2026-09-01T06:22:00Z,delivered,US-AUR-DEST,,carrier_webhook,raw_aur_0000984,operations
tenant_aura,tev_aur_0000985,shp_aur_000310,2026-09-12T08:40:00Z,picked_up,US-AUR-ORIGIN,,carrier_webhook,raw_aur_0000985,operations
tenant_aura,tev_aur_0000986,shp_aur_000310,2026-09-12T12:40:00Z,departed,US-AUR-HUB-01,,batch_manifest,raw_aur_0000986,operations
tenant_aura,tev_aur_0000987,shp_aur_000310,2026-09-16T02:40:00Z,delivered,US-AUR-DEST,,carrier_webhook,raw_aur_0000987,operations
tenant_aura,tev_aur_0000988,shp_aur_000311,2026-09-13T11:28:00Z,picked_up,US-AUR-ORIGIN,,carrier_webhook,raw_aur_0000988,operations
tenant_aura,tev_aur_0000989,shp_aur_000311,2026-09-13T15:28:00Z,departed,US-AUR-HUB-01,,batch_manifest,raw_aur_0000989,operations
tenant_aura,tev_aur_0000990,shp_aur_000311,2026-09-14T23:28:00Z,delivered,US-AUR-DEST,,carrier_webhook,raw_aur_0000990,operations
tenant_aura,tev_aur_0000991,shp_aur_000312,2026-08-28T09:02:00Z,picked_up,US-AUR-ORIGIN,,carrier_webhook,raw_aur_0000991,operations
tenant_aura,tev_aur_0000992,shp_aur_000312,2026-08-28T13:02:00Z,departed,US-AUR-HUB-01,,batch_manifest,raw_aur_0000992,operations
tenant_aura,tev_aur_0000993,shp_aur_000312,2026-08-29T21:02:00Z,delivered,US-AUR-DEST,,carrier_webhook,raw_aur_0000993,operations
tenant_aura,tev_aur_0000994,shp_aur_000313,2026-08-16T16:59:00Z,picked_up,US-AUR-ORIGIN,,carrier_webhook,raw_aur_0000994,operations
tenant_aura,tev_aur_0000995,shp_aur_000313,2026-08-16T20:59:00Z,departed,US-AUR-HUB-01,,batch_manifest,raw_aur_0000995,operations
tenant_aura,tev_aur_0000996,shp_aur_000313,2026-08-17T12:59:00Z,arrived,US-AUR-HUB-02,,carrier_webhook,raw_aur_0000996,operations
tenant_aura,tev_aur_0000997,shp_aur_000314,2026-08-27T17:43:00Z,picked_up,US-AUR-ORIGIN,,carrier_webhook,raw_aur_0000997,operations
tenant_aura,tev_aur_0000998,shp_aur_000314,2026-08-27T21:43:00Z,departed,US-AUR-HUB-01,,batch_manifest,raw_aur_0000998,operations
tenant_aura,tev_aur_0000999,shp_aur_000314,2026-08-29T05:43:00Z,delivered,US-AUR-DEST,,carrier_webhook,raw_aur_0000999,operations
tenant_aura,tev_aur_0001000,shp_aur_000315,2026-08-30T16:58:00Z,picked_up,US-AUR-ORIGIN,,carrier_webhook,raw_aur_0001000,operations
tenant_aura,tev_aur_0001001,shp_aur_000315,2026-08-30T20:58:00Z,departed,US-AUR-HUB-01,,batch_manifest,raw_aur_0001001,operations
tenant_aura,tev_aur_0001002,shp_aur_000315,2026-09-03T10:58:00Z,delivered,US-AUR-DEST,,carrier_webhook,raw_aur_0001002,operations
tenant_aura,tev_aur_0001003,shp_aur_000316,2026-09-08T22:15:00Z,picked_up,US-AUR-ORIGIN,,carrier_webhook,raw_aur_0001003,operations
tenant_aura,tev_aur_0001004,shp_aur_000316,2026-09-09T02:15:00Z,departed,US-AUR-HUB-01,,batch_manifest,raw_aur_0001004,operations
tenant_aura,tev_aur_0001005,shp_aur_000316,2026-09-11T22:15:00Z,delivered,US-AUR-DEST,,carrier_webhook,raw_aur_0001005,operations
tenant_aura,tev_aur_0001006,shp_aur_000317,2026-09-01T14:56:00Z,picked_up,US-AUR-ORIGIN,,carrier_webhook,raw_aur_0001006,operations
tenant_aura,tev_aur_0001007,shp_aur_000317,2026-09-01T18:56:00Z,departed,US-AUR-HUB-01,,batch_manifest,raw_aur_0001007,operations
tenant_aura,tev_aur_0001008,shp_aur_000317,2026-09-04T14:56:00Z,delivered,US-AUR-DEST,,carrier_webhook,raw_aur_0001008,operations
tenant_aura,tev_aur_0001009,shp_aur_000318,2026-09-17T06:34:00Z,picked_up,US-AUR-ORIGIN,,carrier_webhook,raw_aur_0001009,operations
tenant_aura,tev_aur_0001010,shp_aur_000318,2026-09-17T10:34:00Z,departed,US-AUR-HUB-01,,batch_manifest,raw_aur_0001010,operations
tenant_aura,tev_aur_0001011,shp_aur_000318,2026-09-21T00:34:00Z,delivered,US-AUR-DEST,,carrier_webhook,raw_aur_0001011,operations
tenant_aura,tev_aur_0001012,shp_aur_000319,2026-08-12T02:15:00Z,picked_up,US-AUR-ORIGIN,,carrier_webhook,raw_aur_0001012,operations
tenant_aura,tev_aur_0001013,shp_aur_000319,2026-08-12T06:15:00Z,departed,US-AUR-HUB-01,,batch_manifest,raw_aur_0001013,operations
tenant_aura,tev_aur_0001014,shp_aur_000319,2026-08-13T14:15:00Z,delivered,US-AUR-DEST,,carrier_webhook,raw_aur_0001014,operations
tenant_aura,tev_aur_0001015,shp_aur_000320,2026-09-05T01:55:00Z,picked_up,US-AUR-ORIGIN,,carrier_webhook,raw_aur_0001015,operations
tenant_aura,tev_aur_0001016,shp_aur_000320,2026-09-05T05:55:00Z,departed,US-AUR-HUB-01,,batch_manifest,raw_aur_0001016,operations
tenant_aura,tev_aur_0001017,shp_aur_000320,2026-09-08T01:55:00Z,delivered,US-AUR-DEST,,carrier_webhook,raw_aur_0001017,operations
tenant_aura,tev_aur_0001018,shp_aur_000321,2026-09-07T05:41:00Z,picked_up,US-AUR-ORIGIN,,carrier_webhook,raw_aur_0001018,operations
tenant_aura,tev_aur_0001019,shp_aur_000321,2026-09-07T09:41:00Z,departed,US-AUR-HUB-01,,batch_manifest,raw_aur_0001019,operations
tenant_aura,tev_aur_0001020,shp_aur_000321,2026-09-10T23:41:00Z,delivered,US-AUR-DEST,,carrier_webhook,raw_aur_0001020,operations
tenant_aura,tev_aur_0001021,shp_aur_000322,2026-08-17T16:02:00Z,picked_up,US-AUR-ORIGIN,,carrier_webhook,raw_aur_0001021,operations
tenant_aura,tev_aur_0001022,shp_aur_000322,2026-08-17T20:02:00Z,departed,US-AUR-HUB-01,,batch_manifest,raw_aur_0001022,operations
tenant_aura,tev_aur_0001023,shp_aur_000322,2026-08-20T16:02:00Z,delivered,US-AUR-DEST,,carrier_webhook,raw_aur_0001023,operations
tenant_aura,tev_aur_0001024,shp_aur_000323,2026-09-15T06:51:00Z,picked_up,US-AUR-ORIGIN,,carrier_webhook,raw_aur_0001024,operations
tenant_aura,tev_aur_0001025,shp_aur_000323,2026-09-15T10:51:00Z,departed,US-AUR-HUB-01,,batch_manifest,raw_aur_0001025,operations
tenant_aura,tev_aur_0001026,shp_aur_000323,2026-09-16T18:51:00Z,delivered,US-AUR-DEST,,carrier_webhook,raw_aur_0001026,operations
tenant_aura,tev_aur_0001027,shp_aur_000324,2026-09-09T03:02:00Z,picked_up,US-AUR-ORIGIN,,carrier_webhook,raw_aur_0001027,operations
tenant_aura,tev_aur_0001028,shp_aur_000324,2026-09-09T07:02:00Z,departed,US-AUR-HUB-01,,batch_manifest,raw_aur_0001028,operations
tenant_aura,tev_aur_0001029,shp_aur_000324,2026-09-12T21:02:00Z,delivered,US-AUR-DEST,,carrier_webhook,raw_aur_0001029,operations
tenant_aura,tev_aur_0001030,shp_aur_000325,2026-09-18T20:50:00Z,picked_up,US-AUR-ORIGIN,,carrier_webhook,raw_aur_0001030,operations
tenant_aura,tev_aur_0001031,shp_aur_000325,2026-09-19T00:50:00Z,departed,US-AUR-HUB-01,,batch_manifest,raw_aur_0001031,operations
tenant_aura,tev_aur_0001032,shp_aur_000325,2026-09-21T20:50:00Z,delivered,US-AUR-DEST,,carrier_webhook,raw_aur_0001032,operations
tenant_aura,tev_aur_0001033,shp_aur_000326,2026-08-28T04:57:00Z,picked_up,US-AUR-ORIGIN,,carrier_webhook,raw_aur_0001033,operations
tenant_aura,tev_aur_0001034,shp_aur_000326,2026-08-28T08:57:00Z,departed,US-AUR-HUB-01,,batch_manifest,raw_aur_0001034,operations
tenant_aura,tev_aur_0001035,shp_aur_000326,2026-08-29T16:57:00Z,delivered,US-AUR-DEST,,carrier_webhook,raw_aur_0001035,operations
tenant_aura,tev_aur_0001036,shp_aur_000327,2026-08-18T11:54:00Z,picked_up,US-AUR-ORIGIN,,carrier_webhook,raw_aur_0001036,operations
tenant_aura,tev_aur_0001037,shp_aur_000327,2026-08-18T15:54:00Z,departed,US-AUR-HUB-01,,batch_manifest,raw_aur_0001037,operations
tenant_aura,tev_aur_0001038,shp_aur_000327,2026-08-19T23:54:00Z,delivered,US-AUR-DEST,,carrier_webhook,raw_aur_0001038,operations
tenant_aura,tev_aur_0001039,shp_aur_000328,2026-09-07T23:23:00Z,picked_up,US-AUR-ORIGIN,,carrier_webhook,raw_aur_0001039,operations
tenant_aura,tev_aur_0001040,shp_aur_000328,2026-09-08T03:23:00Z,departed,US-AUR-HUB-01,,batch_manifest,raw_aur_0001040,operations
tenant_aura,tev_aur_0001041,shp_aur_000328,2026-09-11T17:23:00Z,delivered,US-AUR-DEST,,carrier_webhook,raw_aur_0001041,operations
tenant_aura,tev_aur_0001042,shp_aur_000329,2026-08-13T08:10:00Z,picked_up,US-AUR-ORIGIN,,carrier_webhook,raw_aur_0001042,operations
tenant_aura,tev_aur_0001043,shp_aur_000329,2026-08-13T12:10:00Z,departed,US-AUR-HUB-01,,batch_manifest,raw_aur_0001043,operations
tenant_aura,tev_aur_0001044,shp_aur_000329,2026-08-18T04:10:00Z,delay,US-AUR-HUB-02,sortation_error,carrier_webhook,raw_aur_0001044,operations
tenant_aura,tev_aur_0001045,shp_aur_000329,2026-08-19T20:10:00Z,delivered,US-AUR-DEST,,carrier_webhook,raw_aur_0001045,operations
tenant_aura,tev_aur_0001046,shp_aur_000330,2026-09-01T05:28:00Z,picked_up,US-AUR-ORIGIN,,carrier_webhook,raw_aur_0001046,operations
tenant_aura,tev_aur_0001047,shp_aur_000330,2026-09-01T09:28:00Z,departed,US-AUR-HUB-01,,batch_manifest,raw_aur_0001047,operations
tenant_aura,tev_aur_0001048,shp_aur_000330,2026-09-02T17:28:00Z,delivered,US-AUR-DEST,,carrier_webhook,raw_aur_0001048,operations
tenant_aura,tev_aur_0001049,shp_aur_000331,2026-09-12T14:49:00Z,picked_up,US-AUR-ORIGIN,,carrier_webhook,raw_aur_0001049,operations
tenant_aura,tev_aur_0001050,shp_aur_000331,2026-09-12T18:49:00Z,departed,US-AUR-HUB-01,,batch_manifest,raw_aur_0001050,operations
tenant_aura,tev_aur_0001051,shp_aur_000331,2026-09-14T10:49:00Z,delay,US-AUR-HUB-02,address_issue,carrier_webhook,raw_aur_0001051,operations
tenant_aura,tev_aur_0001052,shp_aur_000331,2026-09-16T07:49:00Z,delivered,US-AUR-DEST,,carrier_webhook,raw_aur_0001052,operations
tenant_aura,tev_aur_0001053,shp_aur_000332,2026-08-28T10:56:00Z,picked_up,US-AUR-ORIGIN,,carrier_webhook,raw_aur_0001053,operations
tenant_aura,tev_aur_0001054,shp_aur_000332,2026-08-28T14:56:00Z,departed,US-AUR-HUB-01,,batch_manifest,raw_aur_0001054,operations
tenant_aura,tev_aur_0001055,shp_aur_000332,2026-08-31T10:56:00Z,delivered,US-AUR-DEST,,carrier_webhook,raw_aur_0001055,operations
tenant_aura,tev_aur_0001056,shp_aur_000333,2026-09-06T03:04:00Z,picked_up,US-AUR-ORIGIN,,carrier_webhook,raw_aur_0001056,operations
tenant_aura,tev_aur_0001057,shp_aur_000333,2026-09-06T07:04:00Z,departed,US-AUR-HUB-01,,batch_manifest,raw_aur_0001057,operations
tenant_aura,tev_aur_0001058,shp_aur_000333,2026-09-07T15:04:00Z,delivered,US-AUR-DEST,,carrier_webhook,raw_aur_0001058,operations
tenant_aura,tev_aur_0001059,shp_aur_000334,2026-09-16T01:53:00Z,picked_up,US-AUR-ORIGIN,,carrier_webhook,raw_aur_0001059,operations
tenant_aura,tev_aur_0001060,shp_aur_000334,2026-09-16T05:53:00Z,departed,US-AUR-HUB-01,,batch_manifest,raw_aur_0001060,operations
tenant_aura,tev_aur_0001061,shp_aur_000334,2026-09-19T19:53:00Z,delivered,US-AUR-DEST,,carrier_webhook,raw_aur_0001061,operations
tenant_aura,tev_aur_0001062,shp_aur_000335,2026-08-14T15:40:00Z,picked_up,US-AUR-ORIGIN,,carrier_webhook,raw_aur_0001062,operations
tenant_aura,tev_aur_0001063,shp_aur_000335,2026-08-14T19:40:00Z,departed,US-AUR-HUB-01,,batch_manifest,raw_aur_0001063,operations
tenant_aura,tev_aur_0001064,shp_aur_000335,2026-08-18T09:40:00Z,delivered,US-AUR-DEST,,carrier_webhook,raw_aur_0001064,operations
tenant_aura,tev_aur_0001065,shp_aur_000336,2026-08-21T21:34:00Z,picked_up,US-AUR-ORIGIN,,carrier_webhook,raw_aur_0001065,operations
tenant_aura,tev_aur_0001066,shp_aur_000336,2026-08-22T01:34:00Z,departed,US-AUR-HUB-01,,batch_manifest,raw_aur_0001066,operations
tenant_aura,tev_aur_0001067,shp_aur_000336,2026-08-26T17:34:00Z,delay,US-AUR-HUB-02,sortation_error,carrier_webhook,raw_aur_0001067,operations
tenant_aura,tev_aur_0001068,shp_aur_000337,2026-08-25T18:17:00Z,picked_up,US-AUR-ORIGIN,,carrier_webhook,raw_aur_0001068,operations
tenant_aura,tev_aur_0001069,shp_aur_000337,2026-08-25T22:17:00Z,departed,US-AUR-HUB-01,,batch_manifest,raw_aur_0001069,operations
tenant_aura,tev_aur_0001070,shp_aur_000337,2026-08-29T14:17:00Z,delay,US-AUR-HUB-02,address_issue,carrier_webhook,raw_aur_0001070,operations
tenant_aura,tev_aur_0001071,shp_aur_000337,2026-08-30T14:17:00Z,delivered,US-AUR-DEST,,carrier_webhook,raw_aur_0001071,operations
tenant_aura,tev_aur_0001072,shp_aur_000338,2026-08-25T03:38:00Z,picked_up,US-AUR-ORIGIN,,carrier_webhook,raw_aur_0001072,operations
tenant_aura,tev_aur_0001073,shp_aur_000338,2026-08-25T07:38:00Z,departed,US-AUR-HUB-01,,batch_manifest,raw_aur_0001073,operations
tenant_aura,tev_aur_0001074,shp_aur_000338,2026-08-25T23:38:00Z,arrived,US-AUR-HUB-02,,carrier_webhook,raw_aur_0001074,operations
tenant_aura,tev_aur_0001075,shp_aur_000339,2026-09-09T08:59:00Z,picked_up,US-AUR-ORIGIN,,carrier_webhook,raw_aur_0001075,operations
tenant_aura,tev_aur_0001076,shp_aur_000339,2026-09-09T12:59:00Z,departed,US-AUR-HUB-01,,batch_manifest,raw_aur_0001076,operations
tenant_aura,tev_aur_0001077,shp_aur_000339,2026-09-13T02:59:00Z,delivered,US-AUR-DEST,,carrier_webhook,raw_aur_0001077,operations
tenant_aura,tev_aur_0001078,shp_aur_000340,2026-09-04T21:35:00Z,picked_up,US-AUR-ORIGIN,,carrier_webhook,raw_aur_0001078,operations
tenant_aura,tev_aur_0001079,shp_aur_000340,2026-09-05T01:35:00Z,departed,US-AUR-HUB-01,,batch_manifest,raw_aur_0001079,operations
tenant_aura,tev_aur_0001080,shp_aur_000340,2026-09-06T17:35:00Z,delay,US-AUR-HUB-02,weather,carrier_webhook,raw_aur_0001080,operations
tenant_aura,tev_aur_0001081,shp_aur_000340,2026-09-07T22:35:00Z,delivered,US-AUR-DEST,,carrier_webhook,raw_aur_0001081,operations
tenant_aura,tev_aur_0001082,shp_aur_000341,2026-09-07T10:17:00Z,picked_up,US-AUR-ORIGIN,,carrier_webhook,raw_aur_0001082,operations
tenant_aura,tev_aur_0001083,shp_aur_000341,2026-09-07T14:17:00Z,departed,US-AUR-HUB-01,,batch_manifest,raw_aur_0001083,operations
tenant_aura,tev_aur_0001084,shp_aur_000341,2026-09-11T04:17:00Z,delivered,US-AUR-DEST,,carrier_webhook,raw_aur_0001084,operations
tenant_aura,tev_aur_0001085,shp_aur_000342,2026-08-11T15:50:00Z,picked_up,US-AUR-ORIGIN,,carrier_webhook,raw_aur_0001085,operations
tenant_aura,tev_aur_0001086,shp_aur_000342,2026-08-11T19:50:00Z,departed,US-AUR-HUB-01,,batch_manifest,raw_aur_0001086,operations
tenant_aura,tev_aur_0001087,shp_aur_000342,2026-08-13T11:50:00Z,delay,US-AUR-HUB-02,carrier_capacity,carrier_webhook,raw_aur_0001087,operations
tenant_aura,tev_aur_0001088,shp_aur_000342,2026-08-15T23:50:00Z,delivered,US-AUR-DEST,,carrier_webhook,raw_aur_0001088,operations
tenant_aura,tev_aur_0001089,shp_aur_000343,2026-08-26T22:31:00Z,picked_up,US-AUR-ORIGIN,,carrier_webhook,raw_aur_0001089,operations
tenant_aura,tev_aur_0001090,shp_aur_000343,2026-08-27T02:31:00Z,departed,US-AUR-HUB-01,,batch_manifest,raw_aur_0001090,operations
tenant_aura,tev_aur_0001091,shp_aur_000343,2026-08-29T22:31:00Z,delivered,US-AUR-DEST,,carrier_webhook,raw_aur_0001091,operations
tenant_aura,tev_aur_0001092,shp_aur_000344,2026-09-09T19:58:00Z,picked_up,US-AUR-ORIGIN,,carrier_webhook,raw_aur_0001092,operations
tenant_aura,tev_aur_0001093,shp_aur_000344,2026-09-09T23:58:00Z,departed,US-AUR-HUB-01,,batch_manifest,raw_aur_0001093,operations
tenant_aura,tev_aur_0001094,shp_aur_000344,2026-09-12T19:58:00Z,delivered,US-AUR-DEST,,carrier_webhook,raw_aur_0001094,operations
tenant_aura,tev_aur_0001095,shp_aur_000345,2026-08-24T00:18:00Z,picked_up,US-AUR-ORIGIN,,carrier_webhook,raw_aur_0001095,operations
tenant_aura,tev_aur_0001096,shp_aur_000345,2026-08-24T04:18:00Z,departed,US-AUR-HUB-01,,batch_manifest,raw_aur_0001096,operations
tenant_aura,tev_aur_0001097,shp_aur_000345,2026-08-27T18:18:00Z,delivered,US-AUR-DEST,,carrier_webhook,raw_aur_0001097,operations
tenant_aura,tev_aur_0001098,shp_aur_000346,2026-08-21T03:08:00Z,picked_up,US-AUR-ORIGIN,,carrier_webhook,raw_aur_0001098,operations
tenant_aura,tev_aur_0001099,shp_aur_000346,2026-08-21T07:08:00Z,departed,US-AUR-HUB-01,,batch_manifest,raw_aur_0001099,operations
tenant_aura,tev_aur_0001100,shp_aur_000346,2026-08-25T23:08:00Z,delay,US-AUR-HUB-02,weather,carrier_webhook,raw_aur_0001100,operations
tenant_aura,tev_aur_0001101,shp_aur_000346,2026-08-27T00:08:00Z,delivered,US-AUR-DEST,,carrier_webhook,raw_aur_0001101,operations
tenant_aura,tev_aur_0001102,shp_aur_000347,2026-09-13T17:51:00Z,picked_up,US-AUR-ORIGIN,,carrier_webhook,raw_aur_0001102,operations
tenant_aura,tev_aur_0001103,shp_aur_000347,2026-09-13T21:51:00Z,departed,US-AUR-HUB-01,,batch_manifest,raw_aur_0001103,operations
tenant_aura,tev_aur_0001104,shp_aur_000347,2026-09-17T11:51:00Z,delivered,US-AUR-DEST,,carrier_webhook,raw_aur_0001104,operations
tenant_aura,tev_aur_0001105,shp_aur_000348,2026-09-08T20:20:00Z,picked_up,US-AUR-ORIGIN,,carrier_webhook,raw_aur_0001105,operations
tenant_aura,tev_aur_0001106,shp_aur_000348,2026-09-09T00:20:00Z,departed,US-AUR-HUB-01,,batch_manifest,raw_aur_0001106,operations
tenant_aura,tev_aur_0001107,shp_aur_000348,2026-09-11T20:20:00Z,delivered,US-AUR-DEST,,carrier_webhook,raw_aur_0001107,operations
tenant_aura,tev_aur_0001108,shp_aur_000349,2026-08-29T05:46:00Z,picked_up,US-AUR-ORIGIN,,carrier_webhook,raw_aur_0001108,operations
tenant_aura,tev_aur_0001109,shp_aur_000349,2026-08-29T09:46:00Z,departed,US-AUR-HUB-01,,batch_manifest,raw_aur_0001109,operations
tenant_aura,tev_aur_0001110,shp_aur_000349,2026-09-01T23:46:00Z,delivered,US-AUR-DEST,,carrier_webhook,raw_aur_0001110,operations
tenant_aura,tev_aur_0001111,shp_aur_000350,2026-09-13T05:21:00Z,picked_up,US-AUR-ORIGIN,,carrier_webhook,raw_aur_0001111,operations
tenant_aura,tev_aur_0001112,shp_aur_000350,2026-09-13T09:21:00Z,departed,US-AUR-HUB-01,,batch_manifest,raw_aur_0001112,operations
tenant_aura,tev_aur_0001113,shp_aur_000350,2026-09-14T17:21:00Z,delivered,US-AUR-DEST,,carrier_webhook,raw_aur_0001113,operations
tenant_aura,tev_aur_0001114,shp_aur_000351,2026-08-25T06:29:00Z,picked_up,US-AUR-ORIGIN,,carrier_webhook,raw_aur_0001114,operations
tenant_aura,tev_aur_0001115,shp_aur_000351,2026-08-25T10:29:00Z,departed,US-AUR-HUB-01,,batch_manifest,raw_aur_0001115,operations
tenant_aura,tev_aur_0001116,shp_aur_000351,2026-08-26T18:29:00Z,delivered,US-AUR-DEST,,carrier_webhook,raw_aur_0001116,operations
tenant_aura,tev_aur_0001117,shp_aur_000352,2026-09-07T04:46:00Z,picked_up,US-AUR-ORIGIN,,carrier_webhook,raw_aur_0001117,operations
tenant_aura,tev_aur_0001118,shp_aur_000352,2026-09-07T08:46:00Z,departed,US-AUR-HUB-01,,batch_manifest,raw_aur_0001118,operations
tenant_aura,tev_aur_0001119,shp_aur_000352,2026-09-10T04:46:00Z,delivered,US-AUR-DEST,,carrier_webhook,raw_aur_0001119,operations
tenant_aura,tev_aur_0001120,shp_aur_000353,2026-09-17T01:18:00Z,picked_up,US-AUR-ORIGIN,,carrier_webhook,raw_aur_0001120,operations
tenant_aura,tev_aur_0001121,shp_aur_000353,2026-09-17T05:18:00Z,departed,US-AUR-HUB-01,,batch_manifest,raw_aur_0001121,operations
tenant_aura,tev_aur_0001122,shp_aur_000353,2026-09-20T01:18:00Z,delivered,US-AUR-DEST,,carrier_webhook,raw_aur_0001122,operations
tenant_aura,tev_aur_0001123,shp_aur_000354,2026-09-21T02:32:00Z,picked_up,US-AUR-ORIGIN,,carrier_webhook,raw_aur_0001123,operations
tenant_aura,tev_aur_0001124,shp_aur_000354,2026-09-21T06:32:00Z,departed,US-AUR-HUB-01,,batch_manifest,raw_aur_0001124,operations
tenant_aura,tev_aur_0001125,shp_aur_000354,2026-09-21T23:59:59Z,delay,US-AUR-HUB-02,address_issue,carrier_webhook,raw_aur_0001125,operations
tenant_aura,tev_aur_0001126,shp_aur_000354,2026-09-21T23:59:59Z,delivered,US-AUR-DEST,,carrier_webhook,raw_aur_0001126,operations
tenant_aura,tev_aur_0001127,shp_aur_000355,2026-08-27T18:45:00Z,picked_up,US-AUR-ORIGIN,,carrier_webhook,raw_aur_0001127,operations
tenant_aura,tev_aur_0001128,shp_aur_000355,2026-08-27T22:45:00Z,departed,US-AUR-HUB-01,,batch_manifest,raw_aur_0001128,operations
tenant_aura,tev_aur_0001129,shp_aur_000355,2026-08-31T12:45:00Z,delivered,US-AUR-DEST,,carrier_webhook,raw_aur_0001129,operations
tenant_aura,tev_aur_0001130,shp_aur_000356,2026-08-14T02:57:00Z,picked_up,US-AUR-ORIGIN,,carrier_webhook,raw_aur_0001130,operations
tenant_aura,tev_aur_0001131,shp_aur_000356,2026-08-14T06:57:00Z,departed,US-AUR-HUB-01,,batch_manifest,raw_aur_0001131,operations
tenant_aura,tev_aur_0001132,shp_aur_000356,2026-08-15T14:57:00Z,delivered,US-AUR-DEST,,carrier_webhook,raw_aur_0001132,operations
tenant_aura,tev_aur_0001133,shp_aur_000357,2026-09-20T15:22:00Z,picked_up,US-AUR-ORIGIN,,carrier_webhook,raw_aur_0001133,operations
tenant_aura,tev_aur_0001134,shp_aur_000357,2026-09-20T19:22:00Z,departed,US-AUR-HUB-01,,batch_manifest,raw_aur_0001134,operations
tenant_aura,tev_aur_0001135,shp_aur_000357,2026-09-21T23:59:59Z,delivered,US-AUR-DEST,,carrier_webhook,raw_aur_0001135,operations
tenant_aura,tev_aur_0001136,shp_aur_000358,2026-09-15T03:34:00Z,picked_up,US-AUR-ORIGIN,,carrier_webhook,raw_aur_0001136,operations
tenant_aura,tev_aur_0001137,shp_aur_000358,2026-09-15T07:34:00Z,departed,US-AUR-HUB-01,,batch_manifest,raw_aur_0001137,operations
tenant_aura,tev_aur_0001138,shp_aur_000358,2026-09-18T21:34:00Z,delivered,US-AUR-DEST,,carrier_webhook,raw_aur_0001138,operations
tenant_aura,tev_aur_0001139,shp_aur_000359,2026-08-13T10:20:00Z,picked_up,US-AUR-ORIGIN,,carrier_webhook,raw_aur_0001139,operations
tenant_aura,tev_aur_0001140,shp_aur_000359,2026-08-13T14:20:00Z,departed,US-AUR-HUB-01,,batch_manifest,raw_aur_0001140,operations
tenant_aura,tev_aur_0001141,shp_aur_000359,2026-08-17T04:20:00Z,delivered,US-AUR-DEST,,carrier_webhook,raw_aur_0001141,operations
tenant_aura,tev_aur_0001142,shp_aur_000360,2026-09-13T15:57:00Z,picked_up,US-AUR-ORIGIN,,carrier_webhook,raw_aur_0001142,operations
tenant_aura,tev_aur_0001143,shp_aur_000360,2026-09-13T19:57:00Z,departed,US-AUR-HUB-01,,batch_manifest,raw_aur_0001143,operations
tenant_aura,tev_aur_0001144,shp_aur_000360,2026-09-15T11:57:00Z,delay,US-AUR-HUB-02,weather,carrier_webhook,raw_aur_0001144,operations
tenant_aura,tev_aur_0001145,shp_aur_000360,2026-09-16T18:57:00Z,delivered,US-AUR-DEST,,carrier_webhook,raw_aur_0001145,operations
tenant_aura,tev_aur_0001146,shp_aur_000361,2026-08-25T15:18:00Z,picked_up,US-AUR-ORIGIN,,carrier_webhook,raw_aur_0001146,operations
tenant_aura,tev_aur_0001147,shp_aur_000361,2026-08-25T19:18:00Z,departed,US-AUR-HUB-01,,batch_manifest,raw_aur_0001147,operations
tenant_aura,tev_aur_0001148,shp_aur_000361,2026-08-26T11:18:00Z,arrived,US-AUR-HUB-02,,carrier_webhook,raw_aur_0001148,operations
tenant_aura,tev_aur_0001149,shp_aur_000362,2026-09-09T11:43:00Z,picked_up,US-AUR-ORIGIN,,carrier_webhook,raw_aur_0001149,operations
tenant_aura,tev_aur_0001150,shp_aur_000362,2026-09-09T15:43:00Z,departed,US-AUR-HUB-01,,batch_manifest,raw_aur_0001150,operations
tenant_aura,tev_aur_0001151,shp_aur_000362,2026-09-12T11:43:00Z,delivered,US-AUR-DEST,,carrier_webhook,raw_aur_0001151,operations
tenant_aura,tev_aur_0001152,shp_aur_000363,2026-09-02T05:31:00Z,picked_up,US-AUR-ORIGIN,,carrier_webhook,raw_aur_0001152,operations
tenant_aura,tev_aur_0001153,shp_aur_000363,2026-09-02T09:31:00Z,departed,US-AUR-HUB-01,,batch_manifest,raw_aur_0001153,operations
tenant_aura,tev_aur_0001154,shp_aur_000363,2026-09-05T23:31:00Z,delivered,US-AUR-DEST,,carrier_webhook,raw_aur_0001154,operations
tenant_aura,tev_aur_0001155,shp_aur_000364,2026-09-07T07:11:00Z,picked_up,US-AUR-ORIGIN,,carrier_webhook,raw_aur_0001155,operations
tenant_aura,tev_aur_0001156,shp_aur_000364,2026-09-07T11:11:00Z,departed,US-AUR-HUB-01,,batch_manifest,raw_aur_0001156,operations
tenant_aura,tev_aur_0001157,shp_aur_000364,2026-09-08T19:11:00Z,delivered,US-AUR-DEST,,carrier_webhook,raw_aur_0001157,operations
tenant_aura,tev_aur_0001158,shp_aur_000365,2026-08-27T06:10:00Z,picked_up,US-AUR-ORIGIN,,carrier_webhook,raw_aur_0001158,operations
tenant_aura,tev_aur_0001159,shp_aur_000365,2026-08-27T10:10:00Z,departed,US-AUR-HUB-01,,batch_manifest,raw_aur_0001159,operations
tenant_aura,tev_aur_0001160,shp_aur_000365,2026-08-31T02:10:00Z,delay,US-AUR-HUB-02,sortation_error,carrier_webhook,raw_aur_0001160,operations
tenant_aura,tev_aur_0001161,shp_aur_000365,2026-08-31T17:10:00Z,delivered,US-AUR-DEST,,carrier_webhook,raw_aur_0001161,operations
tenant_aura,tev_aur_0001162,shp_aur_000366,2026-09-10T21:06:00Z,picked_up,US-AUR-ORIGIN,,carrier_webhook,raw_aur_0001162,operations
tenant_aura,tev_aur_0001163,shp_aur_000366,2026-09-11T01:06:00Z,departed,US-AUR-HUB-01,,batch_manifest,raw_aur_0001163,operations
tenant_aura,tev_aur_0001164,shp_aur_000366,2026-09-15T17:06:00Z,delay,US-AUR-HUB-02,weather,carrier_webhook,raw_aur_0001164,operations
tenant_aura,tev_aur_0001165,shp_aur_000367,2026-08-13T08:03:00Z,picked_up,US-AUR-ORIGIN,,carrier_webhook,raw_aur_0001165,operations
tenant_aura,tev_aur_0001166,shp_aur_000367,2026-08-13T12:03:00Z,departed,US-AUR-HUB-01,,batch_manifest,raw_aur_0001166,operations
tenant_aura,tev_aur_0001167,shp_aur_000367,2026-08-17T04:03:00Z,delay,US-AUR-HUB-02,carrier_capacity,carrier_webhook,raw_aur_0001167,operations
tenant_aura,tev_aur_0001168,shp_aur_000367,2026-08-19T15:03:00Z,delivered,US-AUR-DEST,,carrier_webhook,raw_aur_0001168,operations
tenant_aura,tev_aur_0001169,shp_aur_000368,2026-08-13T06:54:00Z,picked_up,US-AUR-ORIGIN,,carrier_webhook,raw_aur_0001169,operations
tenant_aura,tev_aur_0001170,shp_aur_000368,2026-08-13T10:54:00Z,departed,US-AUR-HUB-01,,batch_manifest,raw_aur_0001170,operations
tenant_aura,tev_aur_0001171,shp_aur_000368,2026-08-14T02:54:00Z,arrived,US-AUR-HUB-02,,carrier_webhook,raw_aur_0001171,operations
tenant_aura,tev_aur_0001172,shp_aur_000369,2026-09-07T03:20:00Z,picked_up,US-AUR-ORIGIN,,carrier_webhook,raw_aur_0001172,operations
tenant_aura,tev_aur_0001173,shp_aur_000369,2026-09-07T07:20:00Z,departed,US-AUR-HUB-01,,batch_manifest,raw_aur_0001173,operations
tenant_aura,tev_aur_0001174,shp_aur_000369,2026-09-08T15:20:00Z,delivered,US-AUR-DEST,,carrier_webhook,raw_aur_0001174,operations
tenant_aura,tev_aur_0001175,shp_aur_000370,2026-08-16T16:40:00Z,picked_up,US-AUR-ORIGIN,,carrier_webhook,raw_aur_0001175,operations
tenant_aura,tev_aur_0001176,shp_aur_000370,2026-08-16T20:40:00Z,departed,US-AUR-HUB-01,,batch_manifest,raw_aur_0001176,operations
tenant_aura,tev_aur_0001177,shp_aur_000370,2026-08-18T04:40:00Z,delivered,US-AUR-DEST,,carrier_webhook,raw_aur_0001177,operations
tenant_aura,tev_aur_0001178,shp_aur_000371,2026-08-15T18:30:00Z,picked_up,US-AUR-ORIGIN,,carrier_webhook,raw_aur_0001178,operations
tenant_aura,tev_aur_0001179,shp_aur_000371,2026-08-15T22:30:00Z,departed,US-AUR-HUB-01,,batch_manifest,raw_aur_0001179,operations
tenant_aura,tev_aur_0001180,shp_aur_000371,2026-08-17T14:30:00Z,delay,US-AUR-HUB-02,weather,carrier_webhook,raw_aur_0001180,operations
tenant_aura,tev_aur_0001181,shp_aur_000372,2026-08-17T09:36:00Z,picked_up,US-AUR-ORIGIN,,carrier_webhook,raw_aur_0001181,operations
tenant_aura,tev_aur_0001182,shp_aur_000372,2026-08-17T13:36:00Z,departed,US-AUR-HUB-01,,batch_manifest,raw_aur_0001182,operations
tenant_aura,tev_aur_0001183,shp_aur_000372,2026-08-18T21:36:00Z,delivered,US-AUR-DEST,,carrier_webhook,raw_aur_0001183,operations
tenant_aura,tev_aur_0001184,shp_aur_000373,2026-08-20T10:19:00Z,picked_up,US-AUR-ORIGIN,,carrier_webhook,raw_aur_0001184,operations
tenant_aura,tev_aur_0001185,shp_aur_000373,2026-08-20T14:19:00Z,departed,US-AUR-HUB-01,,batch_manifest,raw_aur_0001185,operations
tenant_aura,tev_aur_0001186,shp_aur_000373,2026-08-24T04:19:00Z,delivered,US-AUR-DEST,,carrier_webhook,raw_aur_0001186,operations
tenant_aura,tev_aur_0001187,shp_aur_000374,2026-09-13T16:23:00Z,picked_up,US-AUR-ORIGIN,,carrier_webhook,raw_aur_0001187,operations
tenant_aura,tev_aur_0001188,shp_aur_000374,2026-09-13T20:23:00Z,departed,US-AUR-HUB-01,,batch_manifest,raw_aur_0001188,operations
tenant_aura,tev_aur_0001189,shp_aur_000374,2026-09-17T10:23:00Z,delivered,US-AUR-DEST,,carrier_webhook,raw_aur_0001189,operations
tenant_aura,tev_aur_0001190,shp_aur_000375,2026-09-11T14:58:00Z,picked_up,US-AUR-ORIGIN,,carrier_webhook,raw_aur_0001190,operations
tenant_aura,tev_aur_0001191,shp_aur_000375,2026-09-11T18:58:00Z,departed,US-AUR-HUB-01,,batch_manifest,raw_aur_0001191,operations
tenant_aura,tev_aur_0001192,shp_aur_000375,2026-09-13T02:58:00Z,delivered,US-AUR-DEST,,carrier_webhook,raw_aur_0001192,operations
tenant_aura,tev_aur_0001193,shp_aur_000376,2026-08-30T00:12:00Z,picked_up,US-AUR-ORIGIN,,carrier_webhook,raw_aur_0001193,operations
tenant_aura,tev_aur_0001194,shp_aur_000376,2026-08-30T04:12:00Z,departed,US-AUR-HUB-01,,batch_manifest,raw_aur_0001194,operations
tenant_aura,tev_aur_0001195,shp_aur_000376,2026-09-03T20:12:00Z,delay,US-AUR-HUB-02,sortation_error,carrier_webhook,raw_aur_0001195,operations
tenant_aura,tev_aur_0001196,shp_aur_000376,2026-09-05T04:12:00Z,delivered,US-AUR-DEST,,carrier_webhook,raw_aur_0001196,operations
tenant_aura,tev_aur_0001197,shp_aur_000377,2026-08-21T17:07:00Z,picked_up,US-AUR-ORIGIN,,carrier_webhook,raw_aur_0001197,operations
tenant_aura,tev_aur_0001198,shp_aur_000377,2026-08-21T21:07:00Z,departed,US-AUR-HUB-01,,batch_manifest,raw_aur_0001198,operations
tenant_aura,tev_aur_0001199,shp_aur_000377,2026-08-24T17:07:00Z,delivered,US-AUR-DEST,,carrier_webhook,raw_aur_0001199,operations
tenant_aura,tev_aur_0001200,shp_aur_000378,2026-08-17T06:55:00Z,picked_up,US-AUR-ORIGIN,,carrier_webhook,raw_aur_0001200,operations
tenant_aura,tev_aur_0001201,shp_aur_000378,2026-08-17T10:55:00Z,departed,US-AUR-HUB-01,,batch_manifest,raw_aur_0001201,operations
tenant_aura,tev_aur_0001202,shp_aur_000378,2026-08-20T06:55:00Z,delivered,US-AUR-DEST,,carrier_webhook,raw_aur_0001202,operations
tenant_aura,tev_aur_0001203,shp_aur_000379,2026-09-19T14:16:00Z,picked_up,US-AUR-ORIGIN,,carrier_webhook,raw_aur_0001203,operations
tenant_aura,tev_aur_0001204,shp_aur_000379,2026-09-19T18:16:00Z,departed,US-AUR-HUB-01,,batch_manifest,raw_aur_0001204,operations
tenant_aura,tev_aur_0001205,shp_aur_000379,2026-09-21T23:59:59Z,delay,US-AUR-HUB-02,weather,carrier_webhook,raw_aur_0001205,operations
tenant_aura,tev_aur_0001206,shp_aur_000379,2026-09-21T23:59:59Z,delivered,US-AUR-DEST,,carrier_webhook,raw_aur_0001206,operations
tenant_aura,tev_aur_0001207,shp_aur_000380,2026-08-20T22:53:00Z,picked_up,US-AUR-ORIGIN,,carrier_webhook,raw_aur_0001207,operations
tenant_aura,tev_aur_0001208,shp_aur_000380,2026-08-21T02:53:00Z,departed,US-AUR-HUB-01,,batch_manifest,raw_aur_0001208,operations
tenant_aura,tev_aur_0001209,shp_aur_000380,2026-08-22T18:53:00Z,delay,US-AUR-HUB-02,address_issue,carrier_webhook,raw_aur_0001209,operations
tenant_aura,tev_aur_0001210,shp_aur_000380,2026-08-23T17:53:00Z,delivered,US-AUR-DEST,,carrier_webhook,raw_aur_0001210,operations
tenant_aura,tev_aur_0001211,shp_aur_000381,2026-09-18T08:27:00Z,picked_up,US-AUR-ORIGIN,,carrier_webhook,raw_aur_0001211,operations
tenant_aura,tev_aur_0001212,shp_aur_000381,2026-09-18T12:27:00Z,departed,US-AUR-HUB-01,,batch_manifest,raw_aur_0001212,operations
tenant_aura,tev_aur_0001213,shp_aur_000381,2026-09-20T04:27:00Z,delay,US-AUR-HUB-02,weather,carrier_webhook,raw_aur_0001213,operations
tenant_aura,tev_aur_0001214,shp_aur_000381,2026-09-21T23:59:59Z,delivered,US-AUR-DEST,,carrier_webhook,raw_aur_0001214,operations
tenant_aura,tev_aur_0001215,shp_aur_000382,2026-09-20T00:29:00Z,picked_up,US-AUR-ORIGIN,,carrier_webhook,raw_aur_0001215,operations
tenant_aura,tev_aur_0001216,shp_aur_000382,2026-09-20T04:29:00Z,departed,US-AUR-HUB-01,,batch_manifest,raw_aur_0001216,operations
tenant_aura,tev_aur_0001217,shp_aur_000382,2026-09-21T20:29:00Z,delay,US-AUR-HUB-02,sortation_error,carrier_webhook,raw_aur_0001217,operations
tenant_aura,tev_aur_0001218,shp_aur_000382,2026-09-21T23:59:59Z,delivered,US-AUR-DEST,,carrier_webhook,raw_aur_0001218,operations
tenant_aura,tev_aur_0001219,shp_aur_000383,2026-09-16T16:56:00Z,picked_up,US-AUR-ORIGIN,,carrier_webhook,raw_aur_0001219,operations
tenant_aura,tev_aur_0001220,shp_aur_000383,2026-09-16T20:56:00Z,departed,US-AUR-HUB-01,,batch_manifest,raw_aur_0001220,operations
tenant_aura,tev_aur_0001221,shp_aur_000383,2026-09-20T12:56:00Z,delay,US-AUR-HUB-02,carrier_capacity,carrier_webhook,raw_aur_0001221,operations
tenant_aura,tev_aur_0001222,shp_aur_000383,2026-09-21T10:56:00Z,delivered,US-AUR-DEST,,carrier_webhook,raw_aur_0001222,operations
tenant_aura,tev_aur_0001223,shp_aur_000384,2026-09-15T13:15:00Z,picked_up,US-AUR-ORIGIN,,carrier_webhook,raw_aur_0001223,operations
tenant_aura,tev_aur_0001224,shp_aur_000384,2026-09-15T17:15:00Z,departed,US-AUR-HUB-01,,batch_manifest,raw_aur_0001224,operations
tenant_aura,tev_aur_0001225,shp_aur_000384,2026-09-19T09:15:00Z,delay,US-AUR-HUB-02,address_issue,carrier_webhook,raw_aur_0001225,operations
tenant_aura,tev_aur_0001226,shp_aur_000384,2026-09-20T09:15:00Z,delivered,US-AUR-DEST,,carrier_webhook,raw_aur_0001226,operations
tenant_aura,tev_aur_0001227,shp_aur_000385,2026-09-16T21:12:00Z,picked_up,US-AUR-ORIGIN,,carrier_webhook,raw_aur_0001227,operations
tenant_aura,tev_aur_0001228,shp_aur_000385,2026-09-17T01:12:00Z,departed,US-AUR-HUB-01,,batch_manifest,raw_aur_0001228,operations
tenant_aura,tev_aur_0001229,shp_aur_000385,2026-09-20T15:12:00Z,delivered,US-AUR-DEST,,carrier_webhook,raw_aur_0001229,operations
tenant_aura,tev_aur_0001230,shp_aur_000386,2026-08-19T10:31:00Z,picked_up,US-AUR-ORIGIN,,carrier_webhook,raw_aur_0001230,operations
tenant_aura,tev_aur_0001231,shp_aur_000386,2026-08-19T14:31:00Z,departed,US-AUR-HUB-01,,batch_manifest,raw_aur_0001231,operations
tenant_aura,tev_aur_0001232,shp_aur_000386,2026-08-22T10:31:00Z,delivered,US-AUR-DEST,,carrier_webhook,raw_aur_0001232,operations
tenant_aura,tev_aur_0001233,shp_aur_000387,2026-09-15T03:58:00Z,picked_up,US-AUR-ORIGIN,,carrier_webhook,raw_aur_0001233,operations
tenant_aura,tev_aur_0001234,shp_aur_000387,2026-09-15T07:58:00Z,departed,US-AUR-HUB-01,,batch_manifest,raw_aur_0001234,operations
tenant_aura,tev_aur_0001235,shp_aur_000387,2026-09-18T21:58:00Z,delivered,US-AUR-DEST,,carrier_webhook,raw_aur_0001235,operations
tenant_aura,tev_aur_0001236,shp_aur_000388,2026-08-18T00:10:00Z,picked_up,US-AUR-ORIGIN,,carrier_webhook,raw_aur_0001236,operations
tenant_aura,tev_aur_0001237,shp_aur_000388,2026-08-18T04:10:00Z,departed,US-AUR-HUB-01,,batch_manifest,raw_aur_0001237,operations
tenant_aura,tev_aur_0001238,shp_aur_000388,2026-08-19T12:10:00Z,delivered,US-AUR-DEST,,carrier_webhook,raw_aur_0001238,operations
tenant_aura,tev_aur_0001239,shp_aur_000389,2026-08-28T23:29:00Z,picked_up,US-AUR-ORIGIN,,carrier_webhook,raw_aur_0001239,operations
tenant_aura,tev_aur_0001240,shp_aur_000389,2026-08-29T03:29:00Z,departed,US-AUR-HUB-01,,batch_manifest,raw_aur_0001240,operations
tenant_aura,tev_aur_0001241,shp_aur_000389,2026-09-01T17:29:00Z,delivered,US-AUR-DEST,,carrier_webhook,raw_aur_0001241,operations
tenant_aura,tev_aur_0001242,shp_aur_000390,2026-09-09T04:41:00Z,picked_up,US-AUR-ORIGIN,,carrier_webhook,raw_aur_0001242,operations
tenant_aura,tev_aur_0001243,shp_aur_000390,2026-09-09T08:41:00Z,departed,US-AUR-HUB-01,,batch_manifest,raw_aur_0001243,operations
tenant_aura,tev_aur_0001244,shp_aur_000390,2026-09-12T22:41:00Z,delivered,US-AUR-DEST,,carrier_webhook,raw_aur_0001244,operations
tenant_aura,tev_aur_0001245,shp_aur_000391,2026-08-30T08:54:00Z,picked_up,US-AUR-ORIGIN,,carrier_webhook,raw_aur_0001245,operations
tenant_aura,tev_aur_0001246,shp_aur_000391,2026-08-30T12:54:00Z,departed,US-AUR-HUB-01,,batch_manifest,raw_aur_0001246,operations
tenant_aura,tev_aur_0001247,shp_aur_000391,2026-08-31T20:54:00Z,delivered,US-AUR-DEST,,carrier_webhook,raw_aur_0001247,operations
tenant_aura,tev_aur_0001248,shp_aur_000392,2026-08-22T09:15:00Z,picked_up,US-AUR-ORIGIN,,carrier_webhook,raw_aur_0001248,operations
tenant_aura,tev_aur_0001249,shp_aur_000392,2026-08-22T13:15:00Z,departed,US-AUR-HUB-01,,batch_manifest,raw_aur_0001249,operations
tenant_aura,tev_aur_0001250,shp_aur_000392,2026-08-23T21:15:00Z,delivered,US-AUR-DEST,,carrier_webhook,raw_aur_0001250,operations
tenant_aura,tev_aur_0001251,shp_aur_000393,2026-09-11T04:27:00Z,picked_up,US-AUR-ORIGIN,,carrier_webhook,raw_aur_0001251,operations
tenant_aura,tev_aur_0001252,shp_aur_000393,2026-09-11T08:27:00Z,departed,US-AUR-HUB-01,,batch_manifest,raw_aur_0001252,operations
tenant_aura,tev_aur_0001253,shp_aur_000393,2026-09-14T22:27:00Z,delivered,US-AUR-DEST,,carrier_webhook,raw_aur_0001253,operations
tenant_aura,tev_aur_0001254,shp_aur_000394,2026-08-31T01:59:00Z,picked_up,US-AUR-ORIGIN,,carrier_webhook,raw_aur_0001254,operations
tenant_aura,tev_aur_0001255,shp_aur_000394,2026-08-31T05:59:00Z,departed,US-AUR-HUB-01,,batch_manifest,raw_aur_0001255,operations
tenant_aura,tev_aur_0001256,shp_aur_000394,2026-09-01T13:59:00Z,delivered,US-AUR-DEST,,carrier_webhook,raw_aur_0001256,operations
tenant_aura,tev_aur_0001257,shp_aur_000395,2026-08-23T10:26:00Z,picked_up,US-AUR-ORIGIN,,carrier_webhook,raw_aur_0001257,operations
tenant_aura,tev_aur_0001258,shp_aur_000395,2026-08-23T14:26:00Z,departed,US-AUR-HUB-01,,batch_manifest,raw_aur_0001258,operations
tenant_aura,tev_aur_0001259,shp_aur_000395,2026-08-25T06:26:00Z,delay,US-AUR-HUB-02,address_issue,carrier_webhook,raw_aur_0001259,operations
tenant_aura,tev_aur_0001260,shp_aur_000395,2026-08-26T01:26:00Z,delivered,US-AUR-DEST,,carrier_webhook,raw_aur_0001260,operations
tenant_aura,tev_aur_0001261,shp_aur_000396,2026-09-06T05:25:00Z,picked_up,US-AUR-ORIGIN,,carrier_webhook,raw_aur_0001261,operations
tenant_aura,tev_aur_0001262,shp_aur_000396,2026-09-06T09:25:00Z,departed,US-AUR-HUB-01,,batch_manifest,raw_aur_0001262,operations
tenant_aura,tev_aur_0001263,shp_aur_000396,2026-09-07T17:25:00Z,delivered,US-AUR-DEST,,carrier_webhook,raw_aur_0001263,operations
tenant_aura,tev_aur_0001264,shp_aur_000397,2026-08-28T20:41:00Z,picked_up,US-AUR-ORIGIN,,carrier_webhook,raw_aur_0001264,operations
tenant_aura,tev_aur_0001265,shp_aur_000397,2026-08-29T00:41:00Z,departed,US-AUR-HUB-01,,batch_manifest,raw_aur_0001265,operations
tenant_aura,tev_aur_0001266,shp_aur_000397,2026-08-31T20:41:00Z,delivered,US-AUR-DEST,,carrier_webhook,raw_aur_0001266,operations
tenant_aura,tev_aur_0001267,shp_aur_000398,2026-08-18T16:37:00Z,picked_up,US-AUR-ORIGIN,,carrier_webhook,raw_aur_0001267,operations
tenant_aura,tev_aur_0001268,shp_aur_000398,2026-08-18T20:37:00Z,departed,US-AUR-HUB-01,,batch_manifest,raw_aur_0001268,operations
tenant_aura,tev_aur_0001269,shp_aur_000398,2026-08-21T16:37:00Z,delivered,US-AUR-DEST,,carrier_webhook,raw_aur_0001269,operations
tenant_aura,tev_aur_0001270,shp_aur_000399,2026-08-31T07:31:00Z,picked_up,US-AUR-ORIGIN,,carrier_webhook,raw_aur_0001270,operations
tenant_aura,tev_aur_0001271,shp_aur_000399,2026-08-31T11:31:00Z,departed,US-AUR-HUB-01,,batch_manifest,raw_aur_0001271,operations
tenant_aura,tev_aur_0001272,shp_aur_000399,2026-09-03T07:31:00Z,delivered,US-AUR-DEST,,carrier_webhook,raw_aur_0001272,operations
tenant_aura,tev_aur_0001273,shp_aur_000400,2026-08-30T21:09:00Z,picked_up,US-AUR-ORIGIN,,carrier_webhook,raw_aur_0001273,operations
tenant_aura,tev_aur_0001274,shp_aur_000400,2026-08-31T01:09:00Z,departed,US-AUR-HUB-01,,batch_manifest,raw_aur_0001274,operations
tenant_aura,tev_aur_0001275,shp_aur_000400,2026-09-03T15:09:00Z,delivered,US-AUR-DEST,,carrier_webhook,raw_aur_0001275,operations
tenant_aura,tev_aur_0001276,shp_aur_000401,2026-08-30T22:24:00Z,picked_up,US-AUR-ORIGIN,,carrier_webhook,raw_aur_0001276,operations
tenant_aura,tev_aur_0001277,shp_aur_000401,2026-08-31T02:24:00Z,departed,US-AUR-HUB-01,,batch_manifest,raw_aur_0001277,operations
tenant_aura,tev_aur_0001278,shp_aur_000401,2026-09-03T18:24:00Z,delay,US-AUR-HUB-02,carrier_capacity,carrier_webhook,raw_aur_0001278,operations
tenant_aura,tev_aur_0001279,shp_aur_000401,2026-09-04T12:24:00Z,delivered,US-AUR-DEST,,carrier_webhook,raw_aur_0001279,operations
tenant_aura,tev_aur_0001280,shp_aur_000402,2026-09-08T09:51:00Z,picked_up,US-AUR-ORIGIN,,carrier_webhook,raw_aur_0001280,operations
tenant_aura,tev_aur_0001281,shp_aur_000402,2026-09-08T13:51:00Z,departed,US-AUR-HUB-01,,batch_manifest,raw_aur_0001281,operations
tenant_aura,tev_aur_0001282,shp_aur_000402,2026-09-10T05:51:00Z,delay,US-AUR-HUB-02,address_issue,carrier_webhook,raw_aur_0001282,operations
tenant_aura,tev_aur_0001283,shp_aur_000402,2026-09-11T11:51:00Z,delivered,US-AUR-DEST,,carrier_webhook,raw_aur_0001283,operations
tenant_aura,tev_aur_0001284,shp_aur_000403,2026-08-20T22:08:00Z,picked_up,US-AUR-ORIGIN,,carrier_webhook,raw_aur_0001284,operations
tenant_aura,tev_aur_0001285,shp_aur_000403,2026-08-21T02:08:00Z,departed,US-AUR-HUB-01,,batch_manifest,raw_aur_0001285,operations
tenant_aura,tev_aur_0001286,shp_aur_000403,2026-08-24T18:08:00Z,delay,US-AUR-HUB-02,carrier_capacity,carrier_webhook,raw_aur_0001286,operations
tenant_aura,tev_aur_0001287,shp_aur_000403,2026-08-26T13:08:00Z,delivered,US-AUR-DEST,,carrier_webhook,raw_aur_0001287,operations
tenant_aura,tev_aur_0001288,shp_aur_000404,2026-09-05T18:56:00Z,picked_up,US-AUR-ORIGIN,,carrier_webhook,raw_aur_0001288,operations
tenant_aura,tev_aur_0001289,shp_aur_000404,2026-09-05T22:56:00Z,departed,US-AUR-HUB-01,,batch_manifest,raw_aur_0001289,operations
tenant_aura,tev_aur_0001290,shp_aur_000404,2026-09-08T18:56:00Z,delivered,US-AUR-DEST,,carrier_webhook,raw_aur_0001290,operations
tenant_aura,tev_aur_0001291,shp_aur_000405,2026-08-15T10:39:00Z,picked_up,US-AUR-ORIGIN,,carrier_webhook,raw_aur_0001291,operations
tenant_aura,tev_aur_0001292,shp_aur_000405,2026-08-15T14:39:00Z,departed,US-AUR-HUB-01,,batch_manifest,raw_aur_0001292,operations
tenant_aura,tev_aur_0001293,shp_aur_000405,2026-08-18T10:39:00Z,delivered,US-AUR-DEST,,carrier_webhook,raw_aur_0001293,operations
tenant_aura,tev_aur_0001294,shp_aur_000406,2026-09-04T02:34:00Z,picked_up,US-AUR-ORIGIN,,carrier_webhook,raw_aur_0001294,operations
tenant_aura,tev_aur_0001295,shp_aur_000406,2026-09-04T06:34:00Z,departed,US-AUR-HUB-01,,batch_manifest,raw_aur_0001295,operations
tenant_aura,tev_aur_0001296,shp_aur_000406,2026-09-05T22:34:00Z,delay,US-AUR-HUB-02,carrier_capacity,carrier_webhook,raw_aur_0001296,operations
tenant_aura,tev_aur_0001297,shp_aur_000406,2026-09-08T13:34:00Z,delivered,US-AUR-DEST,,carrier_webhook,raw_aur_0001297,operations
tenant_aura,tev_aur_0001298,shp_aur_000407,2026-08-14T17:23:00Z,picked_up,US-AUR-ORIGIN,,carrier_webhook,raw_aur_0001298,operations
tenant_aura,tev_aur_0001299,shp_aur_000407,2026-08-14T21:23:00Z,departed,US-AUR-HUB-01,,batch_manifest,raw_aur_0001299,operations
tenant_aura,tev_aur_0001300,shp_aur_000407,2026-08-15T13:23:00Z,arrived,US-AUR-HUB-02,,carrier_webhook,raw_aur_0001300,operations
tenant_aura,tev_aur_0001301,shp_aur_000408,2026-08-15T18:25:00Z,picked_up,US-AUR-ORIGIN,,carrier_webhook,raw_aur_0001301,operations
tenant_aura,tev_aur_0001302,shp_aur_000408,2026-08-15T22:25:00Z,departed,US-AUR-HUB-01,,batch_manifest,raw_aur_0001302,operations
tenant_aura,tev_aur_0001303,shp_aur_000408,2026-08-19T12:25:00Z,delivered,US-AUR-DEST,,carrier_webhook,raw_aur_0001303,operations
tenant_aura,tev_aur_0001304,shp_aur_000409,2026-09-13T17:56:00Z,picked_up,US-AUR-ORIGIN,,carrier_webhook,raw_aur_0001304,operations
tenant_aura,tev_aur_0001305,shp_aur_000409,2026-09-13T21:56:00Z,departed,US-AUR-HUB-01,,batch_manifest,raw_aur_0001305,operations
tenant_aura,tev_aur_0001306,shp_aur_000409,2026-09-17T13:56:00Z,delay,US-AUR-HUB-02,carrier_capacity,carrier_webhook,raw_aur_0001306,operations
tenant_aura,tev_aur_0001307,shp_aur_000409,2026-09-19T13:56:00Z,delivered,US-AUR-DEST,,carrier_webhook,raw_aur_0001307,operations
tenant_aura,tev_aur_0001308,shp_aur_000410,2026-08-31T08:28:00Z,picked_up,US-AUR-ORIGIN,,carrier_webhook,raw_aur_0001308,operations
tenant_aura,tev_aur_0001309,shp_aur_000410,2026-08-31T12:28:00Z,departed,US-AUR-HUB-01,,batch_manifest,raw_aur_0001309,operations
tenant_aura,tev_aur_0001310,shp_aur_000410,2026-09-01T20:28:00Z,delivered,US-AUR-DEST,,carrier_webhook,raw_aur_0001310,operations
tenant_aura,tev_aur_0001311,shp_aur_000411,2026-08-16T08:56:00Z,picked_up,US-AUR-ORIGIN,,carrier_webhook,raw_aur_0001311,operations
tenant_aura,tev_aur_0001312,shp_aur_000411,2026-08-16T12:56:00Z,departed,US-AUR-HUB-01,,batch_manifest,raw_aur_0001312,operations
tenant_aura,tev_aur_0001313,shp_aur_000411,2026-08-20T02:56:00Z,delivered,US-AUR-DEST,,carrier_webhook,raw_aur_0001313,operations
tenant_aura,tev_aur_0001314,shp_aur_000412,2026-09-13T23:48:00Z,picked_up,US-AUR-ORIGIN,,carrier_webhook,raw_aur_0001314,operations
tenant_aura,tev_aur_0001315,shp_aur_000412,2026-09-14T03:48:00Z,departed,US-AUR-HUB-01,,batch_manifest,raw_aur_0001315,operations
tenant_aura,tev_aur_0001316,shp_aur_000412,2026-09-17T19:48:00Z,delay,US-AUR-HUB-02,sortation_error,carrier_webhook,raw_aur_0001316,operations
tenant_aura,tev_aur_0001317,shp_aur_000412,2026-09-20T10:48:00Z,delivered,US-AUR-DEST,,carrier_webhook,raw_aur_0001317,operations
tenant_aura,tev_aur_0001318,shp_aur_000413,2026-08-15T07:20:00Z,picked_up,US-AUR-ORIGIN,,carrier_webhook,raw_aur_0001318,operations
tenant_aura,tev_aur_0001319,shp_aur_000413,2026-08-15T11:20:00Z,departed,US-AUR-HUB-01,,batch_manifest,raw_aur_0001319,operations
tenant_aura,tev_aur_0001320,shp_aur_000413,2026-08-19T01:20:00Z,delivered,US-AUR-DEST,,carrier_webhook,raw_aur_0001320,operations
tenant_aura,tev_aur_0001321,shp_aur_000414,2026-09-10T23:09:00Z,picked_up,US-AUR-ORIGIN,,carrier_webhook,raw_aur_0001321,operations
tenant_aura,tev_aur_0001322,shp_aur_000414,2026-09-11T03:09:00Z,departed,US-AUR-HUB-01,,batch_manifest,raw_aur_0001322,operations
tenant_aura,tev_aur_0001323,shp_aur_000414,2026-09-14T17:09:00Z,delivered,US-AUR-DEST,,carrier_webhook,raw_aur_0001323,operations
tenant_aura,tev_aur_0001324,shp_aur_000415,2026-08-21T05:06:00Z,picked_up,US-AUR-ORIGIN,,carrier_webhook,raw_aur_0001324,operations
tenant_aura,tev_aur_0001325,shp_aur_000415,2026-08-21T09:06:00Z,departed,US-AUR-HUB-01,,batch_manifest,raw_aur_0001325,operations
tenant_aura,tev_aur_0001326,shp_aur_000415,2026-08-22T17:06:00Z,delivered,US-AUR-DEST,,carrier_webhook,raw_aur_0001326,operations
tenant_aura,tev_aur_0001327,shp_aur_000416,2026-08-21T00:08:00Z,picked_up,US-AUR-ORIGIN,,carrier_webhook,raw_aur_0001327,operations
tenant_aura,tev_aur_0001328,shp_aur_000416,2026-08-21T04:08:00Z,departed,US-AUR-HUB-01,,batch_manifest,raw_aur_0001328,operations
tenant_aura,tev_aur_0001329,shp_aur_000416,2026-08-22T20:08:00Z,delay,US-AUR-HUB-02,weather,carrier_webhook,raw_aur_0001329,operations
tenant_aura,tev_aur_0001330,shp_aur_000417,2026-09-03T19:22:00Z,picked_up,US-AUR-ORIGIN,,carrier_webhook,raw_aur_0001330,operations
tenant_aura,tev_aur_0001331,shp_aur_000417,2026-09-03T23:22:00Z,departed,US-AUR-HUB-01,,batch_manifest,raw_aur_0001331,operations
tenant_aura,tev_aur_0001332,shp_aur_000417,2026-09-04T15:22:00Z,arrived,US-AUR-HUB-02,,carrier_webhook,raw_aur_0001332,operations
tenant_aura,tev_aur_0001333,shp_aur_000418,2026-09-11T18:12:00Z,picked_up,US-AUR-ORIGIN,,carrier_webhook,raw_aur_0001333,operations
tenant_aura,tev_aur_0001334,shp_aur_000418,2026-09-11T22:12:00Z,departed,US-AUR-HUB-01,,batch_manifest,raw_aur_0001334,operations
tenant_aura,tev_aur_0001335,shp_aur_000418,2026-09-15T12:12:00Z,delivered,US-AUR-DEST,,carrier_webhook,raw_aur_0001335,operations
tenant_aura,tev_aur_0001336,shp_aur_000419,2026-09-02T01:51:00Z,picked_up,US-AUR-ORIGIN,,carrier_webhook,raw_aur_0001336,operations
tenant_aura,tev_aur_0001337,shp_aur_000419,2026-09-02T05:51:00Z,departed,US-AUR-HUB-01,,batch_manifest,raw_aur_0001337,operations
tenant_aura,tev_aur_0001338,shp_aur_000419,2026-09-03T13:51:00Z,delivered,US-AUR-DEST,,carrier_webhook,raw_aur_0001338,operations
tenant_aura,tev_aur_0001339,shp_aur_000420,2026-09-11T20:08:00Z,picked_up,US-AUR-ORIGIN,,carrier_webhook,raw_aur_0001339,operations
tenant_aura,tev_aur_0001340,shp_aur_000420,2026-09-12T00:08:00Z,departed,US-AUR-HUB-01,,batch_manifest,raw_aur_0001340,operations
tenant_aura,tev_aur_0001341,shp_aur_000420,2026-09-14T20:08:00Z,delivered,US-AUR-DEST,,carrier_webhook,raw_aur_0001341,operations
tenant_aura,tev_aur_0001342,shp_aur_000421,2026-09-16T00:15:00Z,picked_up,US-AUR-ORIGIN,,carrier_webhook,raw_aur_0001342,operations
tenant_aura,tev_aur_0001343,shp_aur_000421,2026-09-16T04:15:00Z,departed,US-AUR-HUB-01,,batch_manifest,raw_aur_0001343,operations
tenant_aura,tev_aur_0001344,shp_aur_000421,2026-09-19T18:15:00Z,delivered,US-AUR-DEST,,carrier_webhook,raw_aur_0001344,operations
tenant_aura,tev_aur_0001345,shp_aur_000422,2026-08-13T18:48:00Z,picked_up,US-AUR-ORIGIN,,carrier_webhook,raw_aur_0001345,operations
tenant_aura,tev_aur_0001346,shp_aur_000422,2026-08-13T22:48:00Z,departed,US-AUR-HUB-01,,batch_manifest,raw_aur_0001346,operations
tenant_aura,tev_aur_0001347,shp_aur_000422,2026-08-15T06:48:00Z,delivered,US-AUR-DEST,,carrier_webhook,raw_aur_0001347,operations
tenant_aura,tev_aur_0001348,shp_aur_000423,2026-08-31T14:17:00Z,picked_up,US-AUR-ORIGIN,,carrier_webhook,raw_aur_0001348,operations
tenant_aura,tev_aur_0001349,shp_aur_000423,2026-08-31T18:17:00Z,departed,US-AUR-HUB-01,,batch_manifest,raw_aur_0001349,operations
tenant_aura,tev_aur_0001350,shp_aur_000423,2026-09-05T10:17:00Z,delay,US-AUR-HUB-02,carrier_capacity,carrier_webhook,raw_aur_0001350,operations
tenant_aura,tev_aur_0001351,shp_aur_000423,2026-09-07T23:17:00Z,delivered,US-AUR-DEST,,carrier_webhook,raw_aur_0001351,operations
tenant_aura,tev_aur_0001352,shp_aur_000424,2026-08-13T11:08:00Z,picked_up,US-AUR-ORIGIN,,carrier_webhook,raw_aur_0001352,operations
tenant_aura,tev_aur_0001353,shp_aur_000424,2026-08-13T15:08:00Z,departed,US-AUR-HUB-01,,batch_manifest,raw_aur_0001353,operations
tenant_aura,tev_aur_0001354,shp_aur_000424,2026-08-14T07:08:00Z,arrived,US-AUR-HUB-02,,carrier_webhook,raw_aur_0001354,operations
tenant_aura,tev_aur_0001355,shp_aur_000425,2026-09-06T13:28:00Z,picked_up,US-AUR-ORIGIN,,carrier_webhook,raw_aur_0001355,operations
tenant_aura,tev_aur_0001356,shp_aur_000425,2026-09-06T17:28:00Z,departed,US-AUR-HUB-01,,batch_manifest,raw_aur_0001356,operations
tenant_aura,tev_aur_0001357,shp_aur_000425,2026-09-10T09:28:00Z,delay,US-AUR-HUB-02,sortation_error,carrier_webhook,raw_aur_0001357,operations
tenant_aura,tev_aur_0001358,shp_aur_000425,2026-09-11T16:28:00Z,delivered,US-AUR-DEST,,carrier_webhook,raw_aur_0001358,operations
tenant_aura,tev_aur_0001359,shp_aur_000426,2026-09-18T18:26:00Z,picked_up,US-AUR-ORIGIN,,carrier_webhook,raw_aur_0001359,operations
tenant_aura,tev_aur_0001360,shp_aur_000426,2026-09-18T22:26:00Z,departed,US-AUR-HUB-01,,batch_manifest,raw_aur_0001360,operations
tenant_aura,tev_aur_0001361,shp_aur_000426,2026-09-20T06:26:00Z,delivered,US-AUR-DEST,,carrier_webhook,raw_aur_0001361,operations
tenant_aura,tev_aur_0001362,shp_aur_000427,2026-08-31T09:33:00Z,picked_up,US-AUR-ORIGIN,,carrier_webhook,raw_aur_0001362,operations
tenant_aura,tev_aur_0001363,shp_aur_000427,2026-08-31T13:33:00Z,departed,US-AUR-HUB-01,,batch_manifest,raw_aur_0001363,operations
tenant_aura,tev_aur_0001364,shp_aur_000427,2026-09-04T03:33:00Z,delivered,US-AUR-DEST,,carrier_webhook,raw_aur_0001364,operations
tenant_aura,tev_aur_0001365,shp_aur_000428,2026-09-05T00:08:00Z,picked_up,US-AUR-ORIGIN,,carrier_webhook,raw_aur_0001365,operations
tenant_aura,tev_aur_0001366,shp_aur_000428,2026-09-05T04:08:00Z,departed,US-AUR-HUB-01,,batch_manifest,raw_aur_0001366,operations
tenant_aura,tev_aur_0001367,shp_aur_000428,2026-09-09T20:08:00Z,delay,US-AUR-HUB-02,sortation_error,carrier_webhook,raw_aur_0001367,operations
tenant_aura,tev_aur_0001368,shp_aur_000428,2026-09-11T08:08:00Z,delivered,US-AUR-DEST,,carrier_webhook,raw_aur_0001368,operations
tenant_aura,tev_aur_0001369,shp_aur_000429,2026-09-09T20:53:00Z,picked_up,US-AUR-ORIGIN,,carrier_webhook,raw_aur_0001369,operations
tenant_aura,tev_aur_0001370,shp_aur_000429,2026-09-10T00:53:00Z,departed,US-AUR-HUB-01,,batch_manifest,raw_aur_0001370,operations
tenant_aura,tev_aur_0001371,shp_aur_000429,2026-09-13T14:53:00Z,delivered,US-AUR-DEST,,carrier_webhook,raw_aur_0001371,operations
tenant_aura,tev_aur_0001372,shp_aur_000430,2026-08-13T07:33:00Z,picked_up,US-AUR-ORIGIN,,carrier_webhook,raw_aur_0001372,operations
tenant_aura,tev_aur_0001373,shp_aur_000430,2026-08-13T11:33:00Z,departed,US-AUR-HUB-01,,batch_manifest,raw_aur_0001373,operations
tenant_aura,tev_aur_0001374,shp_aur_000430,2026-08-14T19:33:00Z,delivered,US-AUR-DEST,,carrier_webhook,raw_aur_0001374,operations
tenant_aura,tev_aur_0001375,shp_aur_000431,2026-08-25T14:14:00Z,picked_up,US-AUR-ORIGIN,,carrier_webhook,raw_aur_0001375,operations
tenant_aura,tev_aur_0001376,shp_aur_000431,2026-08-25T18:14:00Z,departed,US-AUR-HUB-01,,batch_manifest,raw_aur_0001376,operations
tenant_aura,tev_aur_0001377,shp_aur_000431,2026-08-30T10:14:00Z,delay,US-AUR-HUB-02,carrier_capacity,carrier_webhook,raw_aur_0001377,operations
tenant_aura,tev_aur_0001378,shp_aur_000431,2026-09-01T17:14:00Z,delivered,US-AUR-DEST,,carrier_webhook,raw_aur_0001378,operations
tenant_aura,tev_aur_0001379,shp_aur_000432,2026-09-13T18:38:00Z,picked_up,US-AUR-ORIGIN,,carrier_webhook,raw_aur_0001379,operations
tenant_aura,tev_aur_0001380,shp_aur_000432,2026-09-13T22:38:00Z,departed,US-AUR-HUB-01,,batch_manifest,raw_aur_0001380,operations
tenant_aura,tev_aur_0001381,shp_aur_000432,2026-09-15T06:38:00Z,delivered,US-AUR-DEST,,carrier_webhook,raw_aur_0001381,operations
tenant_aura,tev_aur_0001382,shp_aur_000433,2026-09-17T04:25:00Z,picked_up,US-AUR-ORIGIN,,carrier_webhook,raw_aur_0001382,operations
tenant_aura,tev_aur_0001383,shp_aur_000433,2026-09-17T08:25:00Z,departed,US-AUR-HUB-01,,batch_manifest,raw_aur_0001383,operations
tenant_aura,tev_aur_0001384,shp_aur_000433,2026-09-18T16:25:00Z,delivered,US-AUR-DEST,,carrier_webhook,raw_aur_0001384,operations
tenant_aura,tev_aur_0001385,shp_aur_000434,2026-09-09T09:29:00Z,picked_up,US-AUR-ORIGIN,,carrier_webhook,raw_aur_0001385,operations
tenant_aura,tev_aur_0001386,shp_aur_000434,2026-09-09T13:29:00Z,departed,US-AUR-HUB-01,,batch_manifest,raw_aur_0001386,operations
tenant_aura,tev_aur_0001387,shp_aur_000434,2026-09-13T03:29:00Z,delivered,US-AUR-DEST,,carrier_webhook,raw_aur_0001387,operations
tenant_aura,tev_aur_0001388,shp_aur_000435,2026-09-13T06:59:00Z,picked_up,US-AUR-ORIGIN,,carrier_webhook,raw_aur_0001388,operations
tenant_aura,tev_aur_0001389,shp_aur_000435,2026-09-13T10:59:00Z,departed,US-AUR-HUB-01,,batch_manifest,raw_aur_0001389,operations
tenant_aura,tev_aur_0001390,shp_aur_000435,2026-09-14T18:59:00Z,delivered,US-AUR-DEST,,carrier_webhook,raw_aur_0001390,operations
tenant_aura,tev_aur_0001391,shp_aur_000436,2026-09-05T11:59:59Z,picked_up,US-AUR-ORIGIN,,carrier_webhook,raw_aur_0001391,operations
tenant_aura,tev_aur_0001392,shp_aur_000436,2026-09-05T15:59:59Z,departed,US-AUR-HUB-01,,batch_manifest,raw_aur_0001392,operations
tenant_aura,tev_aur_0001393,shp_aur_000436,2026-09-09T05:59:59Z,delivered,US-AUR-DEST,,carrier_webhook,raw_aur_0001393,operations
tenant_aura,tev_aur_0001394,shp_aur_000437,2026-09-14T11:59:59Z,picked_up,US-AUR-ORIGIN,,carrier_webhook,raw_aur_0001394,operations
tenant_aura,tev_aur_0001395,shp_aur_000437,2026-09-14T15:59:59Z,departed,US-AUR-HUB-01,,batch_manifest,raw_aur_0001395,operations
tenant_aura,tev_aur_0001396,shp_aur_000437,2026-09-15T07:59:59Z,arrived,US-AUR-HUB-02,,carrier_webhook,raw_aur_0001396,operations
tenant_aura,tev_aur_0001397,shp_aur_000438,2026-09-03T11:59:59Z,picked_up,US-AUR-ORIGIN,,carrier_webhook,raw_aur_0001397,operations
tenant_aura,tev_aur_0001398,shp_aur_000438,2026-09-03T15:59:59Z,departed,US-AUR-HUB-01,,batch_manifest,raw_aur_0001398,operations
tenant_aura,tev_aur_0001399,shp_aur_000438,2026-09-07T07:59:59Z,delay,US-AUR-HUB-02,address_issue,carrier_webhook,raw_aur_0001399,operations
tenant_aura,tev_aur_0001400,shp_aur_000439,2026-09-06T11:59:59Z,picked_up,US-AUR-ORIGIN,,carrier_webhook,raw_aur_0001400,operations
tenant_aura,tev_aur_0001401,shp_aur_000439,2026-09-06T15:59:59Z,departed,US-AUR-HUB-01,,batch_manifest,raw_aur_0001401,operations
tenant_aura,tev_aur_0001402,shp_aur_000439,2026-09-07T23:59:59Z,delivered,US-AUR-DEST,,carrier_webhook,raw_aur_0001402,operations
tenant_aura,tev_aur_0001403,shp_aur_000440,2026-09-20T11:59:59Z,picked_up,US-AUR-ORIGIN,,carrier_webhook,raw_aur_0001403,operations
tenant_aura,tev_aur_0001404,shp_aur_000440,2026-09-20T15:59:59Z,departed,US-AUR-HUB-01,,batch_manifest,raw_aur_0001404,operations
tenant_aura,tev_aur_0001405,shp_aur_000440,2026-09-21T07:59:59Z,arrived,US-AUR-HUB-02,,carrier_webhook,raw_aur_0001405,operations
tenant_aura,tev_aur_0001406,shp_aur_000441,2026-09-18T11:59:59Z,picked_up,US-AUR-ORIGIN,,carrier_webhook,raw_aur_0001406,operations
tenant_aura,tev_aur_0001407,shp_aur_000441,2026-09-18T15:59:59Z,departed,US-AUR-HUB-01,,batch_manifest,raw_aur_0001407,operations
tenant_aura,tev_aur_0001408,shp_aur_000441,2026-09-21T23:59:59Z,delay,US-AUR-HUB-02,weather,carrier_webhook,raw_aur_0001408,operations
tenant_aura,tev_aur_0001409,shp_aur_000442,2026-09-19T11:59:59Z,picked_up,US-AUR-ORIGIN,,carrier_webhook,raw_aur_0001409,operations
tenant_aura,tev_aur_0001410,shp_aur_000442,2026-09-19T15:59:59Z,departed,US-AUR-HUB-01,,batch_manifest,raw_aur_0001410,operations
tenant_aura,tev_aur_0001411,shp_aur_000442,2026-09-21T07:59:59Z,delay,US-AUR-HUB-02,weather,carrier_webhook,raw_aur_0001411,operations
tenant_aura,tev_aur_0001412,shp_aur_000443,2026-09-15T11:59:59Z,picked_up,US-AUR-ORIGIN,,carrier_webhook,raw_aur_0001412,operations
tenant_aura,tev_aur_0001413,shp_aur_000443,2026-09-15T15:59:59Z,departed,US-AUR-HUB-01,,batch_manifest,raw_aur_0001413,operations
tenant_aura,tev_aur_0001414,shp_aur_000443,2026-09-18T11:59:59Z,delivered,US-AUR-DEST,,carrier_webhook,raw_aur_0001414,operations
tenant_aura,tev_aur_0001415,shp_aur_000444,2026-09-06T11:59:59Z,picked_up,US-AUR-ORIGIN,,carrier_webhook,raw_aur_0001415,operations
tenant_aura,tev_aur_0001416,shp_aur_000444,2026-09-06T15:59:59Z,departed,US-AUR-HUB-01,,batch_manifest,raw_aur_0001416,operations
tenant_aura,tev_aur_0001417,shp_aur_000444,2026-09-07T07:59:59Z,arrived,US-AUR-HUB-02,,carrier_webhook,raw_aur_0001417,operations
tenant_aura,tev_aur_0001418,shp_aur_000445,2026-09-09T11:59:59Z,picked_up,US-AUR-ORIGIN,,carrier_webhook,raw_aur_0001418,operations
tenant_aura,tev_aur_0001419,shp_aur_000445,2026-09-09T15:59:59Z,departed,US-AUR-HUB-01,,batch_manifest,raw_aur_0001419,operations
tenant_aura,tev_aur_0001420,shp_aur_000445,2026-09-13T07:59:59Z,delay,US-AUR-HUB-02,address_issue,carrier_webhook,raw_aur_0001420,operations
tenant_aura,tev_aur_0001421,shp_aur_000445,2026-09-15T09:59:59Z,delivered,US-AUR-DEST,,carrier_webhook,raw_aur_0001421,operations
tenant_aura,tev_aur_0001422,shp_aur_000446,2026-09-20T11:59:59Z,picked_up,US-AUR-ORIGIN,,carrier_webhook,raw_aur_0001422,operations
tenant_aura,tev_aur_0001423,shp_aur_000446,2026-09-20T15:59:59Z,departed,US-AUR-HUB-01,,batch_manifest,raw_aur_0001423,operations
tenant_aura,tev_aur_0001424,shp_aur_000446,2026-09-21T23:59:59Z,delay,US-AUR-HUB-02,carrier_capacity,carrier_webhook,raw_aur_0001424,operations
tenant_aura,tev_aur_0001425,shp_aur_000447,2026-09-14T11:59:59Z,picked_up,US-AUR-ORIGIN,,carrier_webhook,raw_aur_0001425,operations
tenant_aura,tev_aur_0001426,shp_aur_000447,2026-09-14T15:59:59Z,departed,US-AUR-HUB-01,,batch_manifest,raw_aur_0001426,operations
tenant_aura,tev_aur_0001427,shp_aur_000447,2026-09-15T23:59:59Z,delivered,US-AUR-DEST,,carrier_webhook,raw_aur_0001427,operations
tenant_aura,tev_aur_0001428,shp_aur_000448,2026-09-10T11:59:59Z,picked_up,US-AUR-ORIGIN,,carrier_webhook,raw_aur_0001428,operations
tenant_aura,tev_aur_0001429,shp_aur_000448,2026-09-10T15:59:59Z,departed,US-AUR-HUB-01,,batch_manifest,raw_aur_0001429,operations
tenant_aura,tev_aur_0001430,shp_aur_000448,2026-09-13T11:59:59Z,delivered,US-AUR-DEST,,carrier_webhook,raw_aur_0001430,operations
tenant_aura,tev_aur_0001431,shp_aur_000449,2026-09-06T11:59:59Z,picked_up,US-AUR-ORIGIN,,carrier_webhook,raw_aur_0001431,operations
tenant_aura,tev_aur_0001432,shp_aur_000449,2026-09-06T15:59:59Z,departed,US-AUR-HUB-01,,batch_manifest,raw_aur_0001432,operations
tenant_aura,tev_aur_0001433,shp_aur_000449,2026-09-10T05:59:59Z,delivered,US-AUR-DEST,,carrier_webhook,raw_aur_0001433,operations
tenant_aura,tev_aur_0001434,shp_aur_000450,2026-09-12T11:59:59Z,picked_up,US-AUR-ORIGIN,,carrier_webhook,raw_aur_0001434,operations
tenant_aura,tev_aur_0001435,shp_aur_000450,2026-09-12T15:59:59Z,departed,US-AUR-HUB-01,,batch_manifest,raw_aur_0001435,operations
tenant_aura,tev_aur_0001436,shp_aur_000450,2026-09-16T05:59:59Z,delivered,US-AUR-DEST,,carrier_webhook,raw_aur_0001436,operations
tenant_aura,tev_aur_0001437,shp_aur_000451,2026-09-09T11:59:59Z,picked_up,US-AUR-ORIGIN,,carrier_webhook,raw_aur_0001437,operations
tenant_aura,tev_aur_0001438,shp_aur_000451,2026-09-09T15:59:59Z,departed,US-AUR-HUB-01,,batch_manifest,raw_aur_0001438,operations
tenant_aura,tev_aur_0001439,shp_aur_000451,2026-09-10T23:59:59Z,delivered,US-AUR-DEST,,carrier_webhook,raw_aur_0001439,operations
tenant_aura,tev_aur_0001440,shp_aur_000452,2026-09-06T11:59:59Z,picked_up,US-AUR-ORIGIN,,carrier_webhook,raw_aur_0001440,operations
tenant_aura,tev_aur_0001441,shp_aur_000452,2026-09-06T15:59:59Z,departed,US-AUR-HUB-01,,batch_manifest,raw_aur_0001441,operations
tenant_aura,tev_aur_0001442,shp_aur_000452,2026-09-07T07:59:59Z,arrived,US-AUR-HUB-02,,carrier_webhook,raw_aur_0001442,operations
tenant_aura,tev_aur_0001443,shp_aur_000453,2026-09-11T11:59:59Z,picked_up,US-AUR-ORIGIN,,carrier_webhook,raw_aur_0001443,operations
tenant_aura,tev_aur_0001444,shp_aur_000453,2026-09-11T15:59:59Z,departed,US-AUR-HUB-01,,batch_manifest,raw_aur_0001444,operations
tenant_aura,tev_aur_0001445,shp_aur_000453,2026-09-15T05:59:59Z,delivered,US-AUR-DEST,,carrier_webhook,raw_aur_0001445,operations
tenant_aura,tev_aur_0001446,shp_aur_000454,2026-09-07T11:59:59Z,picked_up,US-AUR-ORIGIN,,carrier_webhook,raw_aur_0001446,operations
tenant_aura,tev_aur_0001447,shp_aur_000454,2026-09-07T15:59:59Z,departed,US-AUR-HUB-01,,batch_manifest,raw_aur_0001447,operations
tenant_aura,tev_aur_0001448,shp_aur_000454,2026-09-12T07:59:59Z,delay,US-AUR-HUB-02,carrier_capacity,carrier_webhook,raw_aur_0001448,operations
tenant_aura,tev_aur_0001449,shp_aur_000455,2026-09-11T11:59:59Z,picked_up,US-AUR-ORIGIN,,carrier_webhook,raw_aur_0001449,operations
tenant_aura,tev_aur_0001450,shp_aur_000455,2026-09-11T15:59:59Z,departed,US-AUR-HUB-01,,batch_manifest,raw_aur_0001450,operations
tenant_aura,tev_aur_0001451,shp_aur_000455,2026-09-16T07:59:59Z,delay,US-AUR-HUB-02,sortation_error,carrier_webhook,raw_aur_0001451,operations
tenant_aura,tev_aur_0001452,shp_aur_000455,2026-09-17T11:59:59Z,delivered,US-AUR-DEST,,carrier_webhook,raw_aur_0001452,operations
tenant_aura,tev_aur_0001453,shp_aur_000456,2026-09-19T11:59:59Z,picked_up,US-AUR-ORIGIN,,carrier_webhook,raw_aur_0001453,operations
tenant_aura,tev_aur_0001454,shp_aur_000456,2026-09-19T15:59:59Z,departed,US-AUR-HUB-01,,batch_manifest,raw_aur_0001454,operations
tenant_aura,tev_aur_0001455,shp_aur_000456,2026-09-21T23:59:59Z,delay,US-AUR-HUB-02,address_issue,carrier_webhook,raw_aur_0001455,operations
tenant_aura,tev_aur_0001456,shp_aur_000457,2026-09-14T11:59:59Z,picked_up,US-AUR-ORIGIN,,carrier_webhook,raw_aur_0001456,operations
tenant_aura,tev_aur_0001457,shp_aur_000457,2026-09-14T15:59:59Z,departed,US-AUR-HUB-01,,batch_manifest,raw_aur_0001457,operations
tenant_aura,tev_aur_0001458,shp_aur_000457,2026-09-15T23:59:59Z,delivered,US-AUR-DEST,,carrier_webhook,raw_aur_0001458,operations
tenant_aura,tev_aur_0001459,shp_aur_000458,2026-09-04T11:59:59Z,picked_up,US-AUR-ORIGIN,,carrier_webhook,raw_aur_0001459,operations
tenant_aura,tev_aur_0001460,shp_aur_000458,2026-09-04T15:59:59Z,departed,US-AUR-HUB-01,,batch_manifest,raw_aur_0001460,operations
tenant_aura,tev_aur_0001461,shp_aur_000458,2026-09-07T11:59:59Z,delivered,US-AUR-DEST,,carrier_webhook,raw_aur_0001461,operations
tenant_aura,tev_aur_0001462,shp_aur_000459,2026-09-05T11:59:59Z,picked_up,US-AUR-ORIGIN,,carrier_webhook,raw_aur_0001462,operations
tenant_aura,tev_aur_0001463,shp_aur_000459,2026-09-05T15:59:59Z,departed,US-AUR-HUB-01,,batch_manifest,raw_aur_0001463,operations
tenant_aura,tev_aur_0001464,shp_aur_000459,2026-09-06T23:59:59Z,delivered,US-AUR-DEST,,carrier_webhook,raw_aur_0001464,operations
